law_id,law_title,enforcement_date,enforcement_note,amend_law_name,amend_law_num,amend_promulgation_date,mst_id,url
211AC0000000070,健康保険法,20261001,,社会経済の変化を踏まえた年金制度の機能強化のための国民年金法等の一部を改正する等の法律,令和七年法律第七十四号,令和七年六月二十日,20261001_507AC0000000074,https://laws.e-gov.go.jp/law/211AC0000000070/20261001_507AC0000000074
211AC0000000070,健康保険法,20261001,,医療法等の一部を改正する法律,令和七年法律第八十七号,令和七年十二月十二日,20261001_507AC0000000087,https://laws.e-gov.go.jp/law/211AC0000000070/20261001_507AC0000000087
215M10000008036,健康保険法施行規則,20261001,,労働施策の総合的な推進並びに労働者の雇用の安定及び職業生活の充実等に関する法律等の一部を改正する法律の施行に伴う厚生労働省関係省令の整備に関する省令,令和八年厚生労働省令第十八号,令和八年二月二十六日,20261001_508M60000100018,https://laws.e-gov.go.jp/law/215M10000008036/20261001_508M60000100018
309M10001000006,船舶設備規程,20261001,,船舶設備規程及び小型船舶安全規則の一部を改正する省令及び船舶区画規程等の一部を改正する省令の一部を改正する省令,令和八年国土交通省令第三十七号,令和八年四月一日,20261001_508M60000800037,https://laws.e-gov.go.jp/law/309M10001000006/20261001_508M60000800037
314AC0000000073,船員保険法,20261001,,医療法等の一部を改正する法律,令和七年法律第八十七号,令和七年十二月十二日,20261001_507AC0000000087,https://laws.e-gov.go.jp/law/314AC0000000073/20261001_507AC0000000087
315M10000100005,船員保険法施行規則,20261001,,労働施策の総合的な推進並びに労働者の雇用の安定及び職業生活の充実等に関する法律等の一部を改正する法律の施行に伴う厚生労働省関係省令の整備に関する省令,令和八年厚生労働省令第十八号,令和八年二月二十六日,20261001_508M60000100018,https://laws.e-gov.go.jp/law/315M10000100005/20261001_508M60000100018
322AC0000000005,内閣法,20261001,,重要電子計算機に対する不正な行為による被害の防止に関する法律の施行に伴う関係法律の整備等に関する法律,令和七年法律第四十三号,令和七年五月二十三日,20261001_507AC0000000043,https://laws.e-gov.go.jp/law/322AC0000000005/20261001_507AC0000000043
322AC0000000120,国家公務員法,20261001,,重要電子計算機に対する不正な行為による被害の防止に関する法律の施行に伴う関係法律の整備等に関する法律,令和七年法律第四十三号,令和七年五月二十三日,20261001_507AC0000000043,https://laws.e-gov.go.jp/law/322AC0000000120/20261001_507AC0000000043
322AC0000000120,国家公務員法,20261001,,日本学術会議法,令和七年法律第七十号,令和七年六月十八日,20261001_507AC0000000070,https://laws.e-gov.go.jp/law/322AC0000000120/20261001_507AC0000000070
322AC0000000164,児童福祉法,20261001,,児童福祉法等の一部を改正する法律,令和七年法律第二十九号,令和七年四月二十五日,20261001_507AC0000000029,https://laws.e-gov.go.jp/law/322AC0000000164/20261001_507AC0000000029
322AC0000000164,児童福祉法,20261001,,医療法等の一部を改正する法律,令和七年法律第八十七号,令和七年十二月十二日,20261001_507AC0000000087,https://laws.e-gov.go.jp/law/322AC0000000164/20261001_507AC0000000087
322CO0000000016,地方自治法施行令,20261001,,児童福祉法施行令及び地方自治法施行令の一部を改正する政令,令和八年政令第七十四号,令和八年三月二十七日,20261001_508CO0000000074,https://laws.e-gov.go.jp/law/322CO0000000016/20261001_508CO0000000074
322M40000008029,地方自治法施行規則,20261001,,地方自治法施行規則の一部を改正する省令,令和八年総務省令第八十六号,令和八年六月三十日,20261001_508M60000008086,https://laws.e-gov.go.jp/law/322M40000008029/20261001_508M60000008086
322M40002000012,職業安定法施行規則,20261001,,労働施策の総合的な推進並びに労働者の雇用の安定及び職業生活の充実等に関する法律等の一部を改正する法律の施行に伴う厚生労働省関係省令の整備に関する省令,令和八年厚生労働省令第十八号,令和八年二月二十六日,20261001_508M60000100018,https://laws.e-gov.go.jp/law/322M40002000012/20261001_508M60000100018
323AC0000000068,予防接種法,20261001,,医療法等の一部を改正する法律,令和七年法律第八十七号,令和七年十二月十二日,20261001_507AC0000000087,https://laws.e-gov.go.jp/law/323AC0000000068/20261001_507AC0000000087
323AC0000000129,医療情報基盤・診療報酬審査支払機構法,20261001,,医療法等の一部を改正する法律,令和七年法律第八十七号,令和七年十二月十二日,20261001_507AC0000000087,https://laws.e-gov.go.jp/law/323AC0000000129/20261001_507AC0000000087
323AC0000000130,船員職業安定法,20261001,,労働施策の総合的な推進並びに労働者の雇用の安定及び職業生活の充実等に関する法律等の一部を改正する法律,令和七年法律第六十三号,令和七年六月十一日,20261001_507AC0000000063,https://laws.e-gov.go.jp/law/323AC0000000130/20261001_507AC0000000063
323AC0000000136,警察官職務執行法,20261001,,重要電子計算機に対する不正な行為による被害の防止に関する法律の施行に伴う関係法律の整備等に関する法律,令和七年法律第四十三号,令和七年五月二十三日,20261001_507AC0000000043,https://laws.e-gov.go.jp/law/323AC0000000136/20261001_507AC0000000043
323AC0000000205,医療法,20261001,,医療法等の一部を改正する法律,令和七年法律第八十七号,令和七年十二月十二日,20261001_507AC0000000087,https://laws.e-gov.go.jp/law/323AC0000000205/20261001_507AC0000000087
323AC1000000005,国立国会図書館法,20261001,,国立国会図書館法及び国立国会図書館法の規定により行政各部門に置かれる支部図書館及びその職員に関する法律の一部を改正する法律,令和八年法律第四十九号,令和八年六月二十五日,20261001_508AC1000000049,https://laws.e-gov.go.jp/law/323AC1000000005/20261001_508AC1000000049
323CO0000000074,児童福祉法施行令,20261001,,児童福祉法施行令及び地方自治法施行令の一部を改正する政令,令和八年政令第七十四号,令和八年三月二十七日,20261001_508CO0000000074,https://laws.e-gov.go.jp/law/323CO0000000074/20261001_508CO0000000074
323M40000100002,栄養士法施行規則,20261001,,栄養士法施行規則等の一部を改正する省令,令和八年厚生労働省令第百七号,令和八年六月二十五日,20261001_508M60000100107,https://laws.e-gov.go.jp/law/323M40000100002/20261001_508M60000100107
323M40000100002,栄養士法施行規則,20261001,,栄養士法施行規則等の一部を改正する省令,令和八年厚生労働省令第百三十二号,令和八年八月二十日,20261001_508M60000100132,https://laws.e-gov.go.jp/law/323M40000100002/20261001_508M60000100132
323M40000100011,児童福祉法施行規則,20261001,,児童福祉法施行規則の一部を改正する内閣府令,令和八年内閣府令第十五号,令和八年三月三十日,20261001_508M60000002015,https://laws.e-gov.go.jp/law/323M40000100011/20261001_508M60000002015
323M40000100047,医師法施行規則,20261001,,栄養士法施行規則等の一部を改正する省令,令和八年厚生労働省令第百七号,令和八年六月二十五日,20261001_508M60000100107,https://laws.e-gov.go.jp/law/323M40000100047/20261001_508M60000100107
323M40000100048,歯科医師法施行規則,20261001,,栄養士法施行規則等の一部を改正する省令,令和八年厚生労働省令第百七号,令和八年六月二十五日,20261001_508M60000100107,https://laws.e-gov.go.jp/law/323M40000100048/20261001_508M60000100107
323M40000100050,医療法施行規則,20261001,,医療法等の一部を改正する法律の施行に伴う厚生労働省関係省令の整備等に関する省令,令和八年厚生労働省令第百十九号,令和八年七月三十一日,20261001_508M60000100119,https://laws.e-gov.go.jp/law/323M40000100050/20261001_508M60000100119
323M40000800032,船員職業安定法施行規則,20261001,,労働施策の総合的な推進並びに労働者の雇用の安定及び職業生活の充実等に関する法律等の一部を改正する法律の施行に伴う国土交通省関係省令の整備に関する省令,令和八年国土交通省令第七十二号,令和八年八月二十五日,20261001_508M60000800072,https://laws.e-gov.go.jp/law/323M40000800032/20261001_508M60000800072
324AC0000000252,特別職の職員の給与に関する法律,20261001,,日本学術会議法,令和七年法律第七十号,令和七年六月十八日,20261001_507AC0000000070,https://laws.e-gov.go.jp/law/324AC0000000252/20261001_507AC0000000070
324AC1000000101,国立国会図書館法の規定により行政各部門に置かれる支部図書館及びその職員に関する法律,20261001,,国立国会図書館法及び国立国会図書館法の規定により行政各部門に置かれる支部図書館及びその職員に関する法律の一部を改正する法律,令和八年法律第四十九号,令和八年六月二十五日,20261001_508AC1000000049,https://laws.e-gov.go.jp/law/324AC1000000101/20261001_508AC1000000049
325AC0000000144,生活保護法,20261001,,医療法等の一部を改正する法律,令和七年法律第八十七号,令和七年十二月十二日,20261001_507AC0000000087,https://laws.e-gov.go.jp/law/325AC0000000144/20261001_507AC0000000087
325AC0000000226,地方税法,20261001,,地方税法及び地方税法等の一部を改正する法律の一部を改正する法律,令和七年法律第七号,令和七年三月三十一日,20261001_507AC0000000007,https://laws.e-gov.go.jp/law/325AC0000000226/20261001_507AC0000000007
325AC0000000226,地方税法,20261001,,日本学術会議法,令和七年法律第七十号,令和七年六月十八日,20261001_507AC0000000070,https://laws.e-gov.go.jp/law/325AC0000000226/20261001_507AC0000000070
325AC0000000226,地方税法,20261001,,医療法等の一部を改正する法律,令和七年法律第八十七号,令和七年十二月十二日,20261001_507AC0000000087,https://laws.e-gov.go.jp/law/325AC0000000226/20261001_507AC0000000087
325AC0000000226,地方税法,20261001,,地方税法等の一部を改正する法律,令和八年法律第二号,令和八年三月三十一日,20261001_508AC0000000002,https://laws.e-gov.go.jp/law/325AC0000000226/20261001_508AC0000000002
325AC0100000123,精神保健及び精神障害者福祉に関する法律,20261001,,医療法等の一部を改正する法律,令和七年法律第八十七号,令和七年十二月十二日,20261001_507AC0000000087,https://laws.e-gov.go.jp/law/325AC0100000123/20261001_507AC0000000087
326CO0000000319,出入国管理及び難民認定法,20261001,,出入国管理及び難民認定法及び出入国管理及び難民認定法第二条第五号ロの旅券を所持する外国人の上陸申請の特例に関する法律の一部を改正する法律,令和八年法律第三十二号,令和八年六月五日,20261001_508AC0000000032,https://laws.e-gov.go.jp/law/326CO0000000319/20261001_508AC0000000032
326M50000100033,診療放射線技師法施行規則,20261001,,栄養士法施行規則等の一部を改正する省令,令和八年厚生労働省令第百七号,令和八年六月二十五日,20261001_508M60000100107,https://laws.e-gov.go.jp/law/326M50000100033/20261001_508M60000100107
326M50000100034,保健師助産師看護師法施行規則,20261001,,栄養士法施行規則等の一部を改正する省令,令和八年厚生労働省令第百七号,令和八年六月二十五日,20261001_508M60000100107,https://laws.e-gov.go.jp/law/326M50000100034/20261001_508M60000100107
326M50010000035,家畜伝染病予防法施行規則,20261001,,家畜伝染病予防法施行規則の一部を改正する省令,令和七年農林水産省令第四十四号,令和七年九月二十九日,20261001_507M60000200044,https://laws.e-gov.go.jp/law/326M50010000035/20261001_507M60000200044
326M50010000035,家畜伝染病予防法施行規則,20261001,,家畜伝染病予防法施行規則等の一部を改正する等の省令,令和八年農林水産省令第四十七号,令和八年六月二十九日,20261001_508M60000200047,https://laws.e-gov.go.jp/law/326M50010000035/20261001_508M60000200047
327AC0000000266,防衛省の職員の給与等に関する法律,20261001,,医療法等の一部を改正する法律,令和七年法律第八十七号,令和七年十二月十二日,20261001_507AC0000000087,https://laws.e-gov.go.jp/law/327AC0000000266/20261001_507AC0000000087
328AC0000000014,麻薬及び向精神薬取締法,20261001,,医療法等の一部を改正する法律,令和七年法律第八十七号,令和七年十二月十二日,20261001_507AC0000000087,https://laws.e-gov.go.jp/law/328AC0000000014/20261001_507AC0000000087
328AC0000000245,私立学校教職員共済法,20261001,,社会経済の変化を踏まえた年金制度の機能強化のための国民年金法等の一部を改正する等の法律,令和七年法律第七十四号,令和七年六月二十日,20261001_507AC0000000074,https://laws.e-gov.go.jp/law/328AC0000000245/20261001_507AC0000000074
328AC0000000245,私立学校教職員共済法,20261001,,医療法等の一部を改正する法律,令和七年法律第八十七号,令和七年十二月十二日,20261001_507AC0000000087,https://laws.e-gov.go.jp/law/328AC0000000245/20261001_507AC0000000087
328CO0000000231,栄養士法施行令,20261001,,栄養士法施行令等の一部を改正する政令,令和八年政令第二百十八号,令和八年六月二十五日,20261001_508CO0000000218,https://laws.e-gov.go.jp/law/328CO0000000231/20261001_508CO0000000218
328CO0000000242,職業安定法施行令,20261001,,労働施策の総合的な推進並びに労働者の雇用の安定及び職業生活の充実等に関する法律等の一部を改正する法律の施行に伴う関係政令の整備に関する政令,令和八年政令第百八十一号,令和八年五月二十七日,20261001_508CO0000000181,https://laws.e-gov.go.jp/law/328CO0000000242/20261001_508CO0000000181
328CO0000000382,医師法施行令,20261001,,栄養士法施行令等の一部を改正する政令,令和八年政令第二百十八号,令和八年六月二十五日,20261001_508CO0000000218,https://laws.e-gov.go.jp/law/328CO0000000382/20261001_508CO0000000218
328CO0000000383,歯科医師法施行令,20261001,,栄養士法施行令等の一部を改正する政令,令和八年政令第二百十八号,令和八年六月二十五日,20261001_508CO0000000218,https://laws.e-gov.go.jp/law/328CO0000000383/20261001_508CO0000000218
328CO0000000385,診療放射線技師法施行令,20261001,,栄養士法施行令等の一部を改正する政令,令和八年政令第二百十八号,令和八年六月二十五日,20261001_508CO0000000218,https://laws.e-gov.go.jp/law/328CO0000000385/20261001_508CO0000000218
328CO0000000386,保健師助産師看護師法施行令,20261001,,栄養士法施行令等の一部を改正する政令,令和八年政令第二百十八号,令和八年六月二十五日,20261001_508CO0000000218,https://laws.e-gov.go.jp/law/328CO0000000386/20261001_508CO0000000218
329AC0000000115,厚生年金保険法,20261001,,社会経済の変化を踏まえた年金制度の機能強化のための国民年金法等の一部を改正する等の法律,令和七年法律第七十四号,令和七年六月二十日,20261001_507AC0000000074,https://laws.e-gov.go.jp/law/329AC0000000115/20261001_507AC0000000074
329AC0000000119,土地区画整理法,20261001,,地域の自主性及び自立性を高めるための改革の推進を図るための関係法律の整備に関する法律,令和八年法律第二十七号,令和八年六月三日,20261001_508AC0000000027,https://laws.e-gov.go.jp/law/329AC0000000119/20261001_508AC0000000027
329AC0000000165,自衛隊法,20261001,,重要電子計算機に対する不正な行為による被害の防止に関する法律の施行に伴う関係法律の整備等に関する法律,令和七年法律第四十三号,令和七年五月二十三日,20261001_507AC0000000043,https://laws.e-gov.go.jp/law/329AC0000000165/20261001_507AC0000000043
329M50000002023,地方税法施行規則,20261001,,地方税法施行規則及び地方税法施行規則の一部を改正する等の省令の一部を改正する省令,令和八年総務省令第四十四号,令和八年三月三十一日,20261001_508M60000008044,https://laws.e-gov.go.jp/law/329M50000002023/20261001_508M60000008044
329M50000002023,地方税法施行規則,20261001,,地方税法施行規則の一部を改正する省令,令和八年総務省令第八十九号,令和八年七月二十一日,20261001_508M60000008089,https://laws.e-gov.go.jp/law/329M50000002023/20261001_508M60000008089
329M50000002040,自衛隊法施行規則,20261001,,自衛隊法施行規則の一部を改正する省令,令和八年防衛省令第十八号,令和八年七月二十四日,20261001_508M60002000018,https://laws.e-gov.go.jp/law/329M50000002040/20261001_508M60002000018
329M50000080026,教育職員免許法施行規則,20261001,,教育職員免許法施行規則等の一部を改正する省令,令和七年文部科学省令第二十八号,令和七年九月三十日,20261001_507M60000080028,https://laws.e-gov.go.jp/law/329M50000080026/20261001_507M60000080028
329M50000100037,厚生年金保険法施行規則,20261001,,労働施策の総合的な推進並びに労働者の雇用の安定及び職業生活の充実等に関する法律等の一部を改正する法律の施行に伴う厚生労働省関係省令の整備に関する省令,令和八年厚生労働省令第十八号,令和八年二月二十六日,20261001_508M60000100018,https://laws.e-gov.go.jp/law/329M50000100037/20261001_508M60000100018
330CO0000000228,歯科技工士法施行令,20261001,,栄養士法施行令等の一部を改正する政令,令和八年政令第二百十八号,令和八年六月二十五日,20261001_508CO0000000218,https://laws.e-gov.go.jp/law/330CO0000000228/20261001_508CO0000000218
330M50000100023,歯科技工士法施行規則,20261001,,歯科技工士法施行規則の一部を改正する省令,令和八年厚生労働省令第六十三号,令和八年三月三十一日,20261001_508M60000100063,https://laws.e-gov.go.jp/law/330M50000100023/20261001_508M60000100063
330M50000100023,歯科技工士法施行規則,20261001,,栄養士法施行規則等の一部を改正する省令,令和八年厚生労働省令第百七号,令和八年六月二十五日,20261001_508M60000100107,https://laws.e-gov.go.jp/law/330M50000100023/20261001_508M60000100107
332AC0000000026,租税特別措置法,20261001,,所得税法等の一部を改正する法律,令和八年法律第十二号,令和八年三月三十一日,20261001_508AC0000000012,https://laws.e-gov.go.jp/law/332AC0000000026/20261001_508AC0000000012
333AC0000000128,国家公務員共済組合法,20261001,,社会経済の変化を踏まえた年金制度の機能強化のための国民年金法等の一部を改正する等の法律,令和七年法律第七十四号,令和七年六月二十日,20261001_507AC0000000074,https://laws.e-gov.go.jp/law/333AC0000000128/20261001_507AC0000000074
333AC0000000128,国家公務員共済組合法,20261001,,医療法等の一部を改正する法律,令和七年法律第八十七号,令和七年十二月十二日,20261001_507AC0000000087,https://laws.e-gov.go.jp/law/333AC0000000128/20261001_507AC0000000087
333AC0000000192,国民健康保険法,20261001,,医療法等の一部を改正する法律,令和七年法律第八十七号,令和七年十二月十二日,20261001_507AC0000000087,https://laws.e-gov.go.jp/law/333AC0000000192/20261001_507AC0000000087
333CO0000000226,臨床検査技師等に関する法律施行令,20261001,,栄養士法施行令等の一部を改正する政令,令和八年政令第二百十八号,令和八年六月二十五日,20261001_508CO0000000218,https://laws.e-gov.go.jp/law/333CO0000000226/20261001_508CO0000000218
333CO0000000303,調理師法施行令,20261001,,栄養士法施行令等の一部を改正する政令,令和八年政令第二百十八号,令和八年六月二十五日,20261001_508CO0000000218,https://laws.e-gov.go.jp/law/333CO0000000303/20261001_508CO0000000218
333CO0000000307,電波法関係手数料令,20261001,,電波法関係手数料令の一部を改正する政令,令和八年政令第二百二十八号,令和八年七月十七日,20261001_508CO0000000228,https://laws.e-gov.go.jp/law/333CO0000000307/20261001_508CO0000000228
333M50000010038,企業担保登記規則,20261001,,不動産登記規則及び企業担保登記規則の一部を改正する省令,令和七年法務省令第四十九号,令和七年十月十日,20261001_507M60000010049,https://laws.e-gov.go.jp/law/333M50000010038/20261001_507M60000010049
333M50000100024,臨床検査技師等に関する法律施行規則,20261001,,栄養士法施行規則等の一部を改正する省令,令和八年厚生労働省令第百七号,令和八年六月二十五日,20261001_508M60000100107,https://laws.e-gov.go.jp/law/333M50000100024/20261001_508M60000100107
333M50000100046,調理師法施行規則,20261001,,栄養士法施行規則等の一部を改正する省令,令和八年厚生労働省令第百七号,令和八年六月二十五日,20261001_508M60000100107,https://laws.e-gov.go.jp/law/333M50000100046/20261001_508M60000100107
333RJNJ09024000,人事院規則九―二四（通勤手当）,20261001,,人事院規則九―二四（通勤手当）の一部を改正する人事院規則,令和八年人事院規則九―二四―二四,令和八年九月一日,20261001_508RJNJ09024024,https://laws.e-gov.go.jp/law/333RJNJ09024000/20261001_508RJNJ09024024
334AC0000000141,国民年金法,20261001,,子ども・子育て支援法等の一部を改正する法律,令和六年法律第四十七号,令和六年六月十二日,20261001_506AC0000000047,https://laws.e-gov.go.jp/law/334AC0000000141/20261001_506AC0000000047
334AC0000000141,国民年金法,20261001,,社会経済の変化を踏まえた年金制度の機能強化のための国民年金法等の一部を改正する等の法律,令和七年法律第七十四号,令和七年六月二十日,20261001_507AC0000000074,https://laws.e-gov.go.jp/law/334AC0000000141/20261001_507AC0000000074
334CO0000000184,国民年金法施行令,20261001,,子ども・子育て支援法等の一部を改正する法律の一部の施行に伴う関係政令の整備に関する政令,令和八年政令第百五十三号,令和八年四月三十日,20261001_508CO0000000153,https://laws.e-gov.go.jp/law/334CO0000000184/20261001_508CO0000000153
334CO0000000184,国民年金法施行令,20261001,,国民年金法施行令等の一部を改正する政令,令和八年政令第二百二十六号,令和八年七月十五日,20261001_508CO0000000226,https://laws.e-gov.go.jp/law/334CO0000000184/20261001_508CO0000000226
335AC0000000123,障害者の雇用の促進等に関する法律,20261001,,労働施策の総合的な推進並びに労働者の雇用の安定及び職業生活の充実等に関する法律等の一部を改正する法律,令和七年法律第六十三号,令和七年六月十一日,20261001_507AC0000000063,https://laws.e-gov.go.jp/law/335AC0000000123/20261001_507AC0000000063
335CO0000000122,国民年金法に基づき市町村に交付する事務費に関する政令,20261001,,子ども・子育て支援法等の一部を改正する法律の一部の施行に伴う関係政令の整備に関する政令,令和八年政令第百五十三号,令和八年四月三十日,20261001_508CO0000000153,https://laws.e-gov.go.jp/law/335CO0000000122/20261001_508CO0000000153
335M50000100012,国民年金法施行規則,20261001,,労働施策の総合的な推進並びに労働者の雇用の安定及び職業生活の充実等に関する法律等の一部を改正する法律の施行に伴う厚生労働省関係省令の整備に関する省令,令和八年厚生労働省令第十八号,令和八年二月二十六日,20261001_508M60000100018,https://laws.e-gov.go.jp/law/335M50000100012/20261001_508M60000100018
335M50000100012,国民年金法施行規則,20261001,,国民年金法施行規則等の一部を改正する省令,令和八年厚生労働省令第百十三号,令和八年七月十五日,20261001_508M60000100113,https://laws.e-gov.go.jp/law/335M50000100012/20261001_508M60000100113
335M50000100012,国民年金法施行規則,20261001,,国民年金法施行規則の一部を改正する省令,令和八年厚生労働省令第百二十一号,令和八年七月三十一日,20261001_508M60000100121,https://laws.e-gov.go.jp/law/335M50000100012/20261001_508M60000100121
336CO0000000013,薬剤師法施行令,20261001,,栄養士法施行令等の一部を改正する政令,令和八年政令第二百十八号,令和八年六月二十五日,20261001_508CO0000000218,https://laws.e-gov.go.jp/law/336CO0000000013/20261001_508CO0000000218
336M50000100001,医薬品、医療機器等の品質、有効性及び安全性の確保等に関する法律施行規則,20261001,,栄養士法施行規則等の一部を改正する省令,令和八年厚生労働省令第百七号,令和八年六月二十五日,20261001_508M60000100107,https://laws.e-gov.go.jp/law/336M50000100001/20261001_508M60000100107
336M50000100005,薬剤師法施行規則,20261001,,栄養士法施行規則等の一部を改正する省令,令和八年厚生労働省令第百七号,令和八年六月二十五日,20261001_508M60000100107,https://laws.e-gov.go.jp/law/336M50000100005/20261001_508M60000100107
336M50000100005,薬剤師法施行規則,20261001,,栄養士法施行規則等の一部を改正する省令,令和八年厚生労働省令第百三十二号,令和八年八月二十日,20261001_508M60000100132,https://laws.e-gov.go.jp/law/336M50000100005/20261001_508M60000100132
337AC0000000139,行政事件訴訟法,20261001,,日本学術会議法,令和七年法律第七十号,令和七年六月十八日,20261001_507AC0000000070,https://laws.e-gov.go.jp/law/337AC0000000139/20261001_507AC0000000070
337AC0000000152,地方公務員等共済組合法,20261001,,社会経済の変化を踏まえた年金制度の機能強化のための国民年金法等の一部を改正する等の法律,令和七年法律第七十四号,令和七年六月二十日,20261001_507AC0000000074,https://laws.e-gov.go.jp/law/337AC0000000152/20261001_507AC0000000074
337AC0000000152,地方公務員等共済組合法,20261001,,医療法等の一部を改正する法律,令和七年法律第八十七号,令和七年十二月十二日,20261001_507AC0000000087,https://laws.e-gov.go.jp/law/337AC0000000152/20261001_507AC0000000087
338AC1000000168,戦傷病者特別援護法,20261001,,医療法等の一部を改正する法律,令和七年法律第八十七号,令和七年十二月十二日,20261001_507AC0000000087,https://laws.e-gov.go.jp/law/338AC1000000168/20261001_507AC0000000087
339CO0000000188,中小企業退職金共済法施行令,20261001,,中小企業退職金共済法施行令の一部を改正する政令,令和八年政令第二百三十九号,令和八年七月二十九日,20261001_508CO0000000239,https://laws.e-gov.go.jp/law/339CO0000000188/20261001_508CO0000000239
340AC0000000033,所得税法,20261001,,所得税法等の一部を改正する法律,令和七年法律第十三号,令和七年三月三十一日,20261001_507AC0000000013,https://laws.e-gov.go.jp/law/340AC0000000033/20261001_507AC0000000013
340AC0000000033,所得税法,20261001,,日本学術会議法,令和七年法律第七十号,令和七年六月十八日,20261001_507AC0000000070,https://laws.e-gov.go.jp/law/340AC0000000033/20261001_507AC0000000070
340AC0000000034,法人税法,20261001,,所得税法等の一部を改正する法律,令和七年法律第十三号,令和七年三月三十一日,20261001_507AC0000000013,https://laws.e-gov.go.jp/law/340AC0000000034/20261001_507AC0000000013
340AC0000000034,法人税法,20261001,,日本学術会議法,令和七年法律第七十号,令和七年六月十八日,20261001_507AC0000000070,https://laws.e-gov.go.jp/law/340AC0000000034/20261001_507AC0000000070
340AC0000000034,法人税法,20261001,,所得税法等の一部を改正する法律,令和八年法律第十二号,令和八年三月三十一日,20261001_508AC0000000012,https://laws.e-gov.go.jp/law/340AC0000000034/20261001_508AC0000000012
340AC0000000141,母子保健法,20261001,,医療法等の一部を改正する法律,令和七年法律第八十七号,令和七年十二月十二日,20261001_507AC0000000087,https://laws.e-gov.go.jp/law/340AC0000000141/20261001_507AC0000000087
340CO0000000097,法人税法施行令,20261001,,法人税法施行令及び法人税法施行令等の一部を改正する政令の一部を改正する政令,令和七年政令第百二十一号,令和七年三月三十一日,20261001_507CO0000000121,https://laws.e-gov.go.jp/law/340CO0000000097/20261001_507CO0000000121
340CO0000000327,理学療法士及び作業療法士法施行令,20261001,,栄養士法施行令等の一部を改正する政令,令和八年政令第二百十八号,令和八年六月二十五日,20261001_508CO0000000218,https://laws.e-gov.go.jp/law/340CO0000000327/20261001_508CO0000000218
340M50000040011,所得税法施行規則,20261001,,所得税法施行規則の一部を改正する省令,令和七年財務省令第十八号,令和七年三月三十一日,20261001_507M60000040018,https://laws.e-gov.go.jp/law/340M50000040011/20261001_507M60000040018
340M50000040012,法人税法施行規則,20261001,,法人税法施行規則の一部を改正する省令,令和五年財務省令第十三号,令和五年三月三十一日,20261001_505M60000040013,https://laws.e-gov.go.jp/law/340M50000040012/20261001_505M60000040013
340M50000100047,理学療法士及び作業療法士法施行規則,20261001,,栄養士法施行規則等の一部を改正する省令,令和八年厚生労働省令第百七号,令和八年六月二十五日,20261001_508M60000100107,https://laws.e-gov.go.jp/law/340M50000100047/20261001_508M60000100107
340M50000800036,船舶救命設備規則,20261001,,船舶設備規程及び小型船舶安全規則の一部を改正する省令及び船舶区画規程等の一部を改正する省令の一部を改正する省令,令和八年国土交通省令第三十七号,令和八年四月一日,20261001_508M60000800037,https://laws.e-gov.go.jp/law/340M50000800036/20261001_508M60000800037
341AC0000000132,労働施策の総合的な推進並びに労働者の雇用の安定及び職業生活の充実等に関する法律,20261001,,労働施策の総合的な推進並びに労働者の雇用の安定及び職業生活の充実等に関する法律等の一部を改正する法律,令和七年法律第六十三号,令和七年六月十一日,20261001_507AC0000000063,https://laws.e-gov.go.jp/law/341AC0000000132/20261001_507AC0000000063
341CO0000000387,製菓衛生師法施行令,20261001,,栄養士法施行令等の一部を改正する政令,令和八年政令第二百十八号,令和八年六月二十五日,20261001_508CO0000000218,https://laws.e-gov.go.jp/law/341CO0000000387/20261001_508CO0000000218
341M50000100045,製菓衛生師法施行規則,20261001,,栄養士法施行規則等の一部を改正する省令,令和八年厚生労働省令第百七号,令和八年六月二十五日,20261001_508M60000100107,https://laws.e-gov.go.jp/law/341M50000100045/20261001_508M60000100107
341M50002000023,労働施策の総合的な推進並びに労働者の雇用の安定及び職業生活の充実等に関する法律施行規則,20261001,,労働施策の総合的な推進並びに労働者の雇用の安定及び職業生活の充実等に関する法律等の一部を改正する法律の施行に伴う厚生労働省関係省令の整備に関する省令,令和八年厚生労働省令第十八号,令和八年二月二十六日,20261001_508M60000100018,https://laws.e-gov.go.jp/law/341M50002000023/20261001_508M60000100018
342AC0000000023,印紙税法,20261001,,所得税法等の一部を改正する法律,令和七年法律第十三号,令和七年三月三十一日,20261001_507AC0000000013,https://laws.e-gov.go.jp/law/342AC0000000023/20261001_507AC0000000013
342AC0000000023,印紙税法,20261001,,日本学術会議法,令和七年法律第七十号,令和七年六月十八日,20261001_507AC0000000070,https://laws.e-gov.go.jp/law/342AC0000000023/20261001_507AC0000000070
342AC0000000035,登録免許税法,20261001,,労働安全衛生法及び作業環境測定法の一部を改正する法律,令和七年法律第三十三号,令和七年五月十四日,20261001_507AC0000000033,https://laws.e-gov.go.jp/law/342AC0000000035/20261001_507AC0000000033
342AC0000000081,住民基本台帳法,20261001,,医療法等の一部を改正する法律,令和七年法律第八十七号,令和七年十二月十二日,20261001_507AC0000000087,https://laws.e-gov.go.jp/law/342AC0000000081/20261001_507AC0000000087
342CO0000000146,登録免許税法施行令,20261001,,登録免許税法施行令の一部を改正する政令,令和七年政令第百二十四号,令和七年三月三十一日,20261001_507CO0000000124,https://laws.e-gov.go.jp/law/342CO0000000146/20261001_507CO0000000124
343AC1000000089,社会保険労務士法,20261001,,労働施策の総合的な推進並びに労働者の雇用の安定及び職業生活の充実等に関する法律等の一部を改正する法律,令和七年法律第六十三号,令和七年六月十一日,20261001_507AC0000000063,https://laws.e-gov.go.jp/law/343AC1000000089/20261001_507AC0000000063
343M50002100001,社会保険労務士法施行規則,20261001,,労働施策の総合的な推進並びに労働者の雇用の安定及び職業生活の充実等に関する法律等の一部を改正する法律の施行に伴う厚生労働省関係省令の整備に関する省令,令和八年厚生労働省令第十八号,令和八年二月二十六日,20261001_508M60000100018,https://laws.e-gov.go.jp/law/343M50002100001/20261001_508M60000100018
345AC0000000090,情報処理の促進に関する法律,20261001,,重要電子計算機に対する不正な行為による被害の防止に関する法律の施行に伴う関係法律の整備等に関する法律,令和七年法律第四十三号,令和七年五月二十三日,20261001_507AC0000000043,https://laws.e-gov.go.jp/law/345AC0000000090/20261001_507AC0000000043
346CO0000000246,視能訓練士法施行令,20261001,,栄養士法施行令等の一部を改正する政令,令和八年政令第二百十八号,令和八年六月二十五日,20261001_508CO0000000218,https://laws.e-gov.go.jp/law/346CO0000000246/20261001_508CO0000000218
346CO0000000264,特定工場における公害防止組織の整備に関する法律施行令,20261001,,労働安全衛生法及び作業環境測定法の一部を改正する法律の一部の施行に伴う関係政令の整備に関する政令,令和八年政令第百九十六号,令和八年六月十七日,20261001_508CO0000000196,https://laws.e-gov.go.jp/law/346CO0000000264/20261001_508CO0000000196
346M50000100002,建築物における衛生的環境の確保に関する法律施行規則,20261001,,栄養士法施行規則等の一部を改正する省令,令和八年厚生労働省令第百七号,令和八年六月二十五日,20261001_508M60000100107,https://laws.e-gov.go.jp/law/346M50000100002/20261001_508M60000100107
346M50000100028,視能訓練士法施行規則,20261001,,栄養士法施行規則等の一部を改正する省令,令和八年厚生労働省令第百七号,令和八年六月二十五日,20261001_508M60000100107,https://laws.e-gov.go.jp/law/346M50000100028/20261001_508M60000100107
347AC0000000057,労働安全衛生法,20261001,,労働安全衛生法及び作業環境測定法の一部を改正する法律,令和七年法律第三十三号,令和七年五月十四日,20261001_507AC0000000033,https://laws.e-gov.go.jp/law/347AC0000000057/20261001_507AC0000000033
347AC0000000113,雇用の分野における男女の均等な機会及び待遇の確保等に関する法律,20261001,,労働施策の総合的な推進並びに労働者の雇用の安定及び職業生活の充実等に関する法律等の一部を改正する法律,令和七年法律第六十三号,令和七年六月十一日,20261001_507AC0000000063,https://laws.e-gov.go.jp/law/347AC0000000113/20261001_507AC0000000063
347CO0000000318,労働安全衛生法施行令,20261001,,労働安全衛生法及び作業環境測定法の一部を改正する法律の一部の施行に伴う関係政令の整備に関する政令,令和八年政令第百九十六号,令和八年六月十七日,20261001_508CO0000000196,https://laws.e-gov.go.jp/law/347CO0000000318/20261001_508CO0000000196
347M50002000032,労働安全衛生規則,20261001,,労働安全衛生法及び作業環境測定法の一部を改正する法律の一部の施行に伴う厚生労働省関係省令の整備等に関する省令,令和八年厚生労働省令第百十六号,令和八年七月二十九日,20261001_508M60000100116,https://laws.e-gov.go.jp/law/347M50002000032/20261001_508M60000100116
347M50002000036,有機溶剤中毒予防規則,20261001,,労働安全衛生法及び作業環境測定法の一部を改正する法律の一部の施行に伴う厚生労働省関係省令の整備等に関する省令,令和八年厚生労働省令第百十六号,令和八年七月二十九日,20261001_508M60000100116,https://laws.e-gov.go.jp/law/347M50002000036/20261001_508M60000100116
347M50002000037,鉛中毒予防規則,20261001,,労働安全衛生法及び作業環境測定法の一部を改正する法律の一部の施行に伴う厚生労働省関係省令の整備等に関する省令,令和八年厚生労働省令第百十六号,令和八年七月二十九日,20261001_508M60000100116,https://laws.e-gov.go.jp/law/347M50002000037/20261001_508M60000100116
347M50002000039,特定化学物質障害予防規則,20261001,,労働安全衛生法及び作業環境測定法の一部を改正する法律の一部の施行に伴う厚生労働省関係省令の整備等に関する省令,令和八年厚生労働省令第百十六号,令和八年七月二十九日,20261001_508M60000100116,https://laws.e-gov.go.jp/law/347M50002000039/20261001_508M60000100116
347M50002000044,労働安全衛生法及びこれに基づく命令に係る登録及び指定に関する省令,20261001,,労働安全衛生法及び作業環境測定法の一部を改正する法律の一部の施行に伴う厚生労働省関係省令の整備等に関する省令,令和八年厚生労働省令第百十六号,令和八年七月二十九日,20261001_508M60000100116,https://laws.e-gov.go.jp/law/347M50002000044/20261001_508M60000100116
349M50000800036,小型船舶安全規則,20261001,,船舶設備規程及び小型船舶安全規則の一部を改正する省令及び船舶区画規程等の一部を改正する省令の一部を改正する省令,令和八年国土交通省令第三十七号,令和八年四月一日,20261001_508M60000800037,https://laws.e-gov.go.jp/law/349M50000800036/20261001_508M60000800037
350AC0000000028,作業環境測定法,20261001,,労働安全衛生法及び作業環境測定法の一部を改正する法律,令和七年法律第三十三号,令和七年五月十四日,20261001_507AC0000000033,https://laws.e-gov.go.jp/law/350AC0000000028/20261001_507AC0000000033
350CO0000000244,作業環境測定法施行令,20261001,,労働安全衛生法及び作業環境測定法の一部を改正する法律の一部の施行に伴う関係政令の整備に関する政令,令和八年政令第百九十六号,令和八年六月十七日,20261001_508CO0000000196,https://laws.e-gov.go.jp/law/350CO0000000244/20261001_508CO0000000196
350M50002000020,作業環境測定法施行規則,20261001,,労働安全衛生法及び作業環境測定法の一部を改正する法律の一部の施行に伴う厚生労働省関係省令の整備等に関する省令,令和八年厚生労働省令第百十六号,令和八年七月二十九日,20261001_508M60000100116,https://laws.e-gov.go.jp/law/350M50002000020/20261001_508M60000100116
351M50002000038,障害者の雇用の促進等に関する法律施行規則,20261001,,労働施策の総合的な推進並びに労働者の雇用の安定及び職業生活の充実等に関する法律等の一部を改正する法律の施行に伴う厚生労働省関係省令の整備に関する省令,令和八年厚生労働省令第十八号,令和八年二月二十六日,20261001_508M60000100018,https://laws.e-gov.go.jp/law/351M50002000038/20261001_508M60000100018
352AC1000000096,船員の雇用の促進に関する特別措置法,20261001,,労働施策の総合的な推進並びに労働者の雇用の安定及び職業生活の充実等に関する法律等の一部を改正する法律,令和七年法律第六十三号,令和七年六月十一日,20261001_507AC0000000063,https://laws.e-gov.go.jp/law/352AC1000000096/20261001_507AC0000000063
354M50002000018,粉じん障害防止規則,20261001,,労働安全衛生法及び作業環境測定法の一部を改正する法律の一部の施行に伴う厚生労働省関係省令の整備等に関する省令,令和八年厚生労働省令第百十六号,令和八年七月二十九日,20261001_508M60000100116,https://laws.e-gov.go.jp/law/354M50002000018/20261001_508M60000100116
356M50000010054,出入国管理及び難民認定法施行規則,20261001,,出入国管理及び難民認定法施行規則等の一部を改正する省令,令和八年法務省令第四十七号,令和八年八月二十八日,20261001_508M60000010047,https://laws.e-gov.go.jp/law/356M50000010054/20261001_508M60000010047
357AC0000000080,高齢者の医療の確保に関する法律,20261001,,医療法等の一部を改正する法律,令和七年法律第八十七号,令和七年十二月十二日,20261001_507AC0000000087,https://laws.e-gov.go.jp/law/357AC0000000080/20261001_507AC0000000087
360AC0000000088,労働者派遣事業の適正な運営の確保及び派遣労働者の保護等に関する法律,20261001,,労働安全衛生法及び作業環境測定法の一部を改正する法律,令和七年法律第三十三号,令和七年五月十四日,20261001_507AC0000000033,https://laws.e-gov.go.jp/law/360AC0000000088/20261001_507AC0000000033
360AC0000000088,労働者派遣事業の適正な運営の確保及び派遣労働者の保護等に関する法律,20261001,,労働施策の総合的な推進並びに労働者の雇用の安定及び職業生活の充実等に関する法律等の一部を改正する法律,令和七年法律第六十三号,令和七年六月十一日,20261001_507AC0000000063,https://laws.e-gov.go.jp/law/360AC0000000088/20261001_507AC0000000063
361M50000800001,船員に関する雇用の分野における男女の均等な機会及び待遇の確保等に関する法律施行規則,20261001,,労働施策の総合的な推進並びに労働者の雇用の安定及び職業生活の充実等に関する法律等の一部を改正する法律の施行に伴う国土交通省関係省令の整備に関する省令,令和八年国土交通省令第七十二号,令和八年八月二十五日,20261001_508M60000800072,https://laws.e-gov.go.jp/law/361M50000800001/20261001_508M60000800072
361M50002000002,雇用の分野における男女の均等な機会及び待遇の確保等に関する法律施行規則,20261001,,労働施策の総合的な推進並びに労働者の雇用の安定及び職業生活の充実等に関する法律等の一部を改正する法律の施行に伴う厚生労働省関係省令の整備に関する省令,令和八年厚生労働省令第十八号,令和八年二月二十六日,20261001_508M60000100018,https://laws.e-gov.go.jp/law/361M50002000002/20261001_508M60000100018
361M50002000020,労働者派遣事業の適正な運営の確保及び派遣労働者の保護等に関する法律施行規則,20261001,,労働施策の総合的な推進並びに労働者の雇用の安定及び職業生活の充実等に関する法律等の一部を改正する法律の施行に伴う厚生労働省関係省令の整備に関する省令,令和八年厚生労働省令第十八号,令和八年二月二十六日,20261001_508M60000100018,https://laws.e-gov.go.jp/law/361M50002000020/20261001_508M60000100018
361M50002000020,労働者派遣事業の適正な運営の確保及び派遣労働者の保護等に関する法律施行規則,20261001,,労働者派遣事業の適正な運営の確保及び派遣労働者の保護等に関する法律施行規則及び短時間労働者及び有期雇用労働者の雇用管理の改善等に関する法律施行規則の一部を改正する省令,令和八年厚生労働省令第八十七号,令和八年四月二十八日,20261001_508M60000100087,https://laws.e-gov.go.jp/law/361M50002000020/20261001_508M60000100087
362M50000100047,外国医師等が行う臨床修練等に係る医師法第十七条等の特例等に関する法律施行規則,20261001,,栄養士法施行規則等の一部を改正する省令,令和八年厚生労働省令第百七号,令和八年六月二十五日,20261001_508M60000100107,https://laws.e-gov.go.jp/law/362M50000100047/20261001_508M60000100107
363AC0000000108,消費税法,20261001,,所得税法等の一部を改正する法律,平成二十八年法律第十五号,平成二十八年三月三十一日,20261001_428AC0000000015,https://laws.e-gov.go.jp/law/363AC0000000108/20261001_428AC0000000015
363AC0000000108,消費税法,20261001,,所得税法等の一部を改正する法律,令和七年法律第十三号,令和七年三月三十一日,20261001_507AC0000000013,https://laws.e-gov.go.jp/law/363AC0000000108/20261001_507AC0000000013
363AC0000000108,消費税法,20261001,,日本学術会議法,令和七年法律第七十号,令和七年六月十八日,20261001_507AC0000000070,https://laws.e-gov.go.jp/law/363AC0000000108/20261001_507AC0000000070
363CO0000000360,消費税法施行令,20261001,,消費税法施行令の一部を改正する政令,令和八年政令第九十六号,令和八年三月三十一日,20261001_508CO0000000096,https://laws.e-gov.go.jp/law/363CO0000000360/20261001_508CO0000000096
363CO0000000360,消費税法施行令,20261001,,消費税法施行令等の一部を改正する政令の一部を改正する政令,令和八年政令第百八号,令和八年三月三十一日,20261001_508CO0000000108,https://laws.e-gov.go.jp/law/363CO0000000360/20261001_508CO0000000108
363M50000040053,消費税法施行規則,20261001,,消費税法施行規則等の一部を改正する省令,令和八年財務省令第十九号,令和八年三月三十一日,20261001_508M60000040019,https://laws.e-gov.go.jp/law/363M50000040053/20261001_508M60000040019
363M50000100019,臨床工学技士法施行規則,20261001,,栄養士法施行規則等の一部を改正する省令,令和八年厚生労働省令第百七号,令和八年六月二十五日,20261001_508M60000100107,https://laws.e-gov.go.jp/law/363M50000100019/20261001_508M60000100107
363M50000100020,義肢装具士法施行規則,20261001,,栄養士法施行規則等の一部を改正する省令,令和八年厚生労働省令第百七号,令和八年六月二十五日,20261001_508M60000100107,https://laws.e-gov.go.jp/law/363M50000100020/20261001_508M60000100107
401AC0000000064,地域における医療及び介護の総合的な確保の促進に関する法律,20261001,,医療法等の一部を改正する法律,令和七年法律第八十七号,令和七年十二月十二日,20261001_507AC0000000087,https://laws.e-gov.go.jp/law/401AC0000000064/20261001_507AC0000000087
401M50000100046,歯科衛生士法施行規則,20261001,,栄養士法施行規則等の一部を改正する省令,令和八年厚生労働省令第百七号,令和八年六月二十五日,20261001_508M60000100107,https://laws.e-gov.go.jp/law/401M50000100046/20261001_508M60000100107
402M50000100019,あん摩マツサージ指圧師、はり師、きゆう師等に関する法律施行規則,20261001,,栄養士法施行規則等の一部を改正する省令,令和八年厚生労働省令第百七号,令和八年六月二十五日,20261001_508M60000100107,https://laws.e-gov.go.jp/law/402M50000100019/20261001_508M60000100107
402M50000100020,柔道整復師法施行規則,20261001,,栄養士法施行規則等の一部を改正する省令,令和八年厚生労働省令第百七号,令和八年六月二十五日,20261001_508M60000100107,https://laws.e-gov.go.jp/law/402M50000100020/20261001_508M60000100107
403AC0000000076,育児休業、介護休業等育児又は家族介護を行う労働者の福祉に関する法律,20261001,,労働施策の総合的な推進並びに労働者の雇用の安定及び職業生活の充実等に関する法律等の一部を改正する法律,令和七年法律第六十三号,令和七年六月十一日,20261001_507AC0000000063,https://laws.e-gov.go.jp/law/403AC0000000076/20261001_507AC0000000063
403M50000100044,救急救命士法施行規則,20261001,,栄養士法施行規則等の一部を改正する省令,令和八年厚生労働省令第百七号,令和八年六月二十五日,20261001_508M60000100107,https://laws.e-gov.go.jp/law/403M50000100044/20261001_508M60000100107
403M50000800036,船員に関する育児休業、介護休業等育児又は家族介護を行う労働者の福祉に関する法律施行規則,20261001,,労働施策の総合的な推進並びに労働者の雇用の安定及び職業生活の充実等に関する法律等の一部を改正する法律の施行に伴う国土交通省関係省令の整備に関する省令,令和八年国土交通省令第七十二号,令和八年八月二十五日,20261001_508M60000800072,https://laws.e-gov.go.jp/law/403M50000800036/20261001_508M60000800072
403M50002000025,育児休業、介護休業等育児又は家族介護を行う労働者の福祉に関する法律施行規則,20261001,,労働施策の総合的な推進並びに労働者の雇用の安定及び職業生活の充実等に関する法律等の一部を改正する法律の施行に伴う厚生労働省関係省令の整備に関する省令,令和八年厚生労働省令第十八号,令和八年二月二十六日,20261001_508M60000100018,https://laws.e-gov.go.jp/law/403M50002000025/20261001_508M60000100018
405AC0000000076,短時間労働者及び有期雇用労働者の雇用管理の改善等に関する法律,20261001,,労働施策の総合的な推進並びに労働者の雇用の安定及び職業生活の充実等に関する法律等の一部を改正する法律,令和七年法律第六十三号,令和七年六月十一日,20261001_507AC0000000063,https://laws.e-gov.go.jp/law/405AC0000000076/20261001_507AC0000000063
405M50002000034,短時間労働者及び有期雇用労働者の雇用管理の改善等に関する法律施行規則,20261001,,労働施策の総合的な推進並びに労働者の雇用の安定及び職業生活の充実等に関する法律等の一部を改正する法律の施行に伴う厚生労働省関係省令の整備に関する省令,令和八年厚生労働省令第十八号,令和八年二月二十六日,20261001_508M60000100018,https://laws.e-gov.go.jp/law/405M50002000034/20261001_508M60000100018
405M50002000034,短時間労働者及び有期雇用労働者の雇用管理の改善等に関する法律施行規則,20261001,,労働者派遣事業の適正な運営の確保及び派遣労働者の保護等に関する法律施行規則及び短時間労働者及び有期雇用労働者の雇用管理の改善等に関する法律施行規則の一部を改正する省令,令和八年厚生労働省令第八十七号,令和八年四月二十八日,20261001_508M60000100087,https://laws.e-gov.go.jp/law/405M50002000034/20261001_508M60000100087
406AC0000000117,原子爆弾被爆者に対する援護に関する法律,20261001,,医療法等の一部を改正する法律,令和七年法律第八十七号,令和七年十二月十二日,20261001_507AC0000000087,https://laws.e-gov.go.jp/law/406AC0000000117/20261001_507AC0000000087
406CO0000000265,行政手続法施行令,20261001,,労働施策の総合的な推進並びに労働者の雇用の安定及び職業生活の充実等に関する法律等の一部を改正する法律の施行に伴う関係政令の整備に関する政令,令和八年政令第百八十一号,令和八年五月二十七日,20261001_508CO0000000181,https://laws.e-gov.go.jp/law/406CO0000000265/20261001_508CO0000000181
407M50004040002,不動産特定共同事業法施行規則,20261001,,不動産特定共同事業法施行規則の一部を改正する命令,令和八年内閣府・国土交通省令第四号,令和八年八月二十一日,20261001_508M60000802004,https://laws.e-gov.go.jp/law/407M50004040002/20261001_508M60000802004
409AC0000000123,介護保険法,20261001,,医療法等の一部を改正する法律,令和七年法律第八十七号,令和七年十二月十二日,20261001_507AC0000000087,https://laws.e-gov.go.jp/law/409AC0000000123/20261001_507AC0000000087
410AC0000000114,感染症の予防及び感染症の患者に対する医療に関する法律,20261001,,医療法等の一部を改正する法律,令和七年法律第八十七号,令和七年十二月十二日,20261001_507AC0000000087,https://laws.e-gov.go.jp/law/410AC0000000114/20261001_507AC0000000087
410CO0000000178,出入国管理及び難民認定法施行令,20261001,,労働施策の総合的な推進並びに労働者の雇用の安定及び職業生活の充実等に関する法律等の一部を改正する法律の施行に伴う関係政令の整備に関する政令,令和八年政令第百八十一号,令和八年五月二十七日,20261001_508CO0000000181,https://laws.e-gov.go.jp/law/410CO0000000178/20261001_508CO0000000181
410CO0000000178,出入国管理及び難民認定法施行令,20261001,,出入国管理及び難民認定法施行令及び日本国との平和条約に基づき日本の国籍を離脱した者等の出入国管理に関する特例法施行令の一部を改正する政令,令和八年政令第二百六十八号,令和八年八月二十八日,20261001_508CO0000000268,https://laws.e-gov.go.jp/law/410CO0000000178/20261001_508CO0000000268
410M50000100004,理容師法施行規則,20261001,,栄養士法施行規則等の一部を改正する省令,令和八年厚生労働省令第百七号,令和八年六月二十五日,20261001_508M60000100107,https://laws.e-gov.go.jp/law/410M50000100004/20261001_508M60000100107
410M50000100007,美容師法施行規則,20261001,,栄養士法施行規則等の一部を改正する省令,令和八年厚生労働省令第百七号,令和八年六月二十五日,20261001_508M60000100107,https://laws.e-gov.go.jp/law/410M50000100007/20261001_508M60000100107
410M50000100074,言語聴覚士法施行規則,20261001,,栄養士法施行規則等の一部を改正する省令,令和八年厚生労働省令第百七号,令和八年六月二十五日,20261001_508M60000100107,https://laws.e-gov.go.jp/law/410M50000100074/20261001_508M60000100107
411AC0000000089,内閣府設置法,20261001,,日本学術会議法,令和七年法律第七十号,令和七年六月十八日,20261001_507AC0000000070,https://laws.e-gov.go.jp/law/411AC0000000089/20261001_507AC0000000070
411AC0000000162,国立研究開発法人情報通信研究機構法,20261001,,重要電子計算機に対する不正な行為による被害の防止に関する法律の施行に伴う関係法律の整備等に関する法律,令和七年法律第四十三号,令和七年五月二十三日,20261001_507AC0000000043,https://laws.e-gov.go.jp/law/411AC0000000162/20261001_507AC0000000043
412AC1000000082,児童虐待の防止等に関する法律,20261001,,児童福祉法等の一部を改正する法律,令和七年法律第二十九号,令和七年四月二十五日,20261001_507AC0000000029,https://laws.e-gov.go.jp/law/412AC1000000082/20261001_507AC0000000029
412CO0000000245,内閣府本府組織令,20261001,,日本学術会議法施行令,令和七年政令第二百九十九号,令和七年八月十四日,20261001_507CO0000000299,https://laws.e-gov.go.jp/law/412CO0000000245/20261001_507CO0000000299
412CO0000000252,厚生労働省組織令,20261001,,労働安全衛生法及び作業環境測定法の一部を改正する法律の一部の施行に伴う関係政令の整備に関する政令,令和八年政令第百九十六号,令和八年六月十七日,20261001_508CO0000000196,https://laws.e-gov.go.jp/law/412CO0000000252/20261001_508CO0000000196
412CO0000000284,労働政策審議会令,20261001,,労働施策の総合的な推進並びに労働者の雇用の安定及び職業生活の充実等に関する法律等の一部を改正する法律の施行に伴う関係政令の整備に関する政令,令和八年政令第百八十一号,令和八年五月二十七日,20261001_508CO0000000181,https://laws.e-gov.go.jp/law/412CO0000000284/20261001_508CO0000000181
412M50000100015,水道施設の技術的基準を定める省令,20261001,,水道施設の技術的基準を定める省令の一部を改正する省令,令和八年国土交通省令第四十号,令和八年四月一日,20261001_508M60000800040,https://laws.e-gov.go.jp/law/412M50000100015/20261001_508M60000800040
413AC0000000140,独立行政法人等の保有する情報の公開に関する法律,20261001,,日本学術会議法,令和七年法律第七十号,令和七年六月十八日,20261001_507AC0000000070,https://laws.e-gov.go.jp/law/413AC0000000140/20261001_507AC0000000070
413CO0000000248,確定拠出年金法施行令,20261001,,子ども・子育て支援法等の一部を改正する法律の一部の施行に伴う関係政令の整備に関する政令,令和八年政令第百五十三号,令和八年四月三十日,20261001_508CO0000000153,https://laws.e-gov.go.jp/law/413CO0000000248/20261001_508CO0000000153
413M60000010011,法務局及び地方法務局組織規則,20261001,,法務局及び地方法務局組織規則の一部を改正する省令,令和八年法務省令第二十八号,令和八年四月八日,20261001_508M60000010028,https://laws.e-gov.go.jp/law/413M60000010011/20261001_508M60000010028
413M60000040001,財務省組織規則,20261001,,国税不服審判所組織規則及び財務省組織規則の一部を改正する省令,令和八年財務省令第四十八号,令和八年七月一日,20261001_508M60000040048,https://laws.e-gov.go.jp/law/413M60000040001/20261001_508M60000040048
413M60000100001,厚生労働省組織規則,20261001,,労働安全衛生法及び作業環境測定法の一部を改正する法律の一部の施行に伴う厚生労働省関係省令の整備等に関する省令,令和八年厚生労働省令第百十六号,令和八年七月二十九日,20261001_508M60000100116,https://laws.e-gov.go.jp/law/413M60000100001/20261001_508M60000100116
414M60000100158,医師法第十六条の二第一項に規定する臨床研修に関する省令,20261001,,栄養士法施行規則等の一部を改正する省令,令和八年厚生労働省令第百七号,令和八年六月二十五日,20261001_508M60000100107,https://laws.e-gov.go.jp/law/414M60000100158/20261001_508M60000100107
415AC0000000057,個人情報の保護に関する法律,20261001,,日本学術会議法,令和七年法律第七十号,令和七年六月十八日,20261001_507AC0000000070,https://laws.e-gov.go.jp/law/415AC0000000057/20261001_507AC0000000070
415AC0000000110,心神喪失等の状態で重大な他害行為を行った者の医療及び観察等に関する法律,20261001,,医療法等の一部を改正する法律,令和七年法律第八十七号,令和七年十二月十二日,20261001_507AC0000000087,https://laws.e-gov.go.jp/law/415AC0000000110/20261001_507AC0000000087
416CO0000000002,独立行政法人日本学生支援機構法施行令,20261001,,独立行政法人日本学生支援機構法施行令及び大学等における修学の支援に関する法律施行令の一部を改正する政令,令和八年政令第二百四十九号,令和八年八月七日,20261001_508CO0000000249,https://laws.e-gov.go.jp/law/416CO0000000002/20261001_508CO0000000249
416CO0000000369,船員職業安定法施行令,20261001,,労働施策の総合的な推進並びに労働者の雇用の安定及び職業生活の充実等に関する法律等の一部を改正する法律の施行に伴う関係政令の整備に関する政令,令和八年政令第百八十一号,令和八年五月二十七日,20261001_508CO0000000181,https://laws.e-gov.go.jp/law/416CO0000000369/20261001_508CO0000000181
416M60000080023,独立行政法人日本学生支援機構に関する省令,20261001,,独立行政法人日本学生支援機構に関する省令及び大学等における修学の支援に関する法律施行規則の一部を改正する省令,令和七年文部科学省令第十九号,令和七年七月三十一日,20261001_507M60000080019,https://laws.e-gov.go.jp/law/416M60000080023/20261001_507M60000080019
416M60000100130,武力攻撃事態等における国民の保護のための措置に関する法律第九十一条第一項の規定による許可を受けようとする外国医療関係者が厚生労働大臣に提出しなければならない書面等を定める省令,20261001,,栄養士法施行規則等の一部を改正する省令,令和八年厚生労働省令第百七号,令和八年六月二十五日,20261001_508M60000100107,https://laws.e-gov.go.jp/law/416M60000100130/20261001_508M60000100107
416RJNJ02003025,人事院規則二―三（人事院事務総局等の組織）,20261001,,人事院規則一〇―一七（カスタマー・ハラスメントの防止等）,令和八年人事院規則一〇―一七,令和八年四月十五日,20261001_508RJNJ10017000,https://laws.e-gov.go.jp/law/416RJNJ02003025/20261001_508RJNJ10017000
417AC0000000123,障害者の日常生活及び社会生活を総合的に支援するための法律,20261001,,医療法等の一部を改正する法律,令和七年法律第八十七号,令和七年十二月十二日,20261001_507AC0000000087,https://laws.e-gov.go.jp/law/417AC0000000123/20261001_507AC0000000087
417CO0000000056,特定障害者に対する特別障害給付金の支給に関する法律施行令,20261001,,国民年金法施行令等の一部を改正する政令,令和八年政令第二百二十六号,令和八年七月十五日,20261001_508CO0000000226,https://laws.e-gov.go.jp/law/417CO0000000056/20261001_508CO0000000226
417CO0000000146,公益通報者保護法別表第八号の法律を定める政令,20261001,,公益通報者保護法別表第八号の法律を定める政令の一部を改正する政令,令和八年政令第百八十四号,令和八年五月二十九日,20261001_508CO0000000184,https://laws.e-gov.go.jp/law/417CO0000000146/20261001_508CO0000000184
417M60000010018,不動産登記規則,20261001,,不動産登記規則及び企業担保登記規則の一部を改正する省令,令和七年法務省令第四十九号,令和七年十月十日,20261001_507M60000010049,https://laws.e-gov.go.jp/law/417M60000010018/20261001_507M60000010049
417M60000100044,厚生労働省の所管する法令の規定に基づく民間事業者等が行う書面の保存等における情報通信の技術の利用に関する省令,20261001,,労働安全衛生法及び作業環境測定法の一部を改正する法律の一部の施行に伴う厚生労働省関係省令の整備等に関する省令,令和八年厚生労働省令第百十六号,令和八年七月二十九日,20261001_508M60000100116,https://laws.e-gov.go.jp/law/417M60000100044/20261001_508M60000100116
417M60000100049,特定障害者に対する特別障害給付金の支給に関する法律施行規則,20261001,,労働施策の総合的な推進並びに労働者の雇用の安定及び職業生活の充実等に関する法律等の一部を改正する法律の施行に伴う厚生労働省関係省令の整備に関する省令,令和八年厚生労働省令第十八号,令和八年二月二十六日,20261001_508M60000100018,https://laws.e-gov.go.jp/law/417M60000100049/20261001_508M60000100018
417M60000100049,特定障害者に対する特別障害給付金の支給に関する法律施行規則,20261001,,国民年金法施行規則等の一部を改正する省令,令和八年厚生労働省令第百十三号,令和八年七月十五日,20261001_508M60000100113,https://laws.e-gov.go.jp/law/417M60000100049/20261001_508M60000100113
417M60000100103,歯科医師法第十六条の二第一項に規定する臨床研修に関する省令,20261001,,栄養士法施行規則等の一部を改正する省令,令和八年厚生労働省令第百七号,令和八年六月二十五日,20261001_508M60000100107,https://laws.e-gov.go.jp/law/417M60000100103/20261001_508M60000100107
418AC0000000004,石綿による健康被害の救済に関する法律,20261001,,医療法等の一部を改正する法律,令和七年法律第八十七号,令和七年十二月十二日,20261001_507AC0000000087,https://laws.e-gov.go.jp/law/418AC0000000004/20261001_507AC0000000087
419AC0000000023,特別会計に関する法律,20261001,,子ども・子育て支援法等の一部を改正する法律,令和六年法律第四十七号,令和六年六月十二日,20261001_506AC0000000047,https://laws.e-gov.go.jp/law/419AC0000000023/20261001_506AC0000000047
419AC0000000023,特別会計に関する法律,20261001,,医療法等の一部を改正する法律,令和七年法律第八十七号,令和七年十二月十二日,20261001_507AC0000000087,https://laws.e-gov.go.jp/law/419AC0000000023/20261001_507AC0000000087
419AC0000000104,社会保障協定の実施に伴う厚生年金保険法等の特例等に関する法律,20261001,,社会経済の変化を踏まえた年金制度の機能強化のための国民年金法等の一部を改正する等の法律,令和七年法律第七十四号,令和七年六月二十日,20261001_507AC0000000074,https://laws.e-gov.go.jp/law/419AC0000000104/20261001_507AC0000000074
419CO0000000124,特別会計に関する法律施行令,20261001,,子ども・子育て支援法等の一部を改正する法律の一部の施行に伴う関係政令の整備に関する政令,令和八年政令第百五十三号,令和八年四月三十日,20261001_508CO0000000153,https://laws.e-gov.go.jp/law/419CO0000000124/20261001_508CO0000000153
420CO0000000389,職員の退職管理に関する政令,20261001,,医療法等の一部を改正する法律の一部の施行に伴う関係政令の整備及び経過措置に関する政令,令和八年政令第二百七十四号,令和八年九月十一日,20261001_508CO0000000274,https://laws.e-gov.go.jp/law/420CO0000000389/20261001_508CO0000000274
420M60000002083,職員の退職管理に関する内閣官房令,20261001,,職員の退職管理に関する内閣官房令及び行政執行法人の役員の退職管理に関する内閣官房令の一部を改正する内閣官房令,令和八年内閣官房令第八号,令和八年七月二十四日,20261001_508M60000001008,https://laws.e-gov.go.jp/law/420M60000002083/20261001_508M60000001008
420M60000002084,行政執行法人の役員の退職管理に関する内閣官房令,20261001,,職員の退職管理に関する内閣官房令及び行政執行法人の役員の退職管理に関する内閣官房令の一部を改正する内閣官房令,令和八年内閣官房令第八号,令和八年七月二十四日,20261001_508M60000001008,https://laws.e-gov.go.jp/law/420M60000002084/20261001_508M60000001008
420M60000100002,社会保障協定の実施に伴う国民年金法施行規則及び厚生年金保険法施行規則の特例等に関する省令,20261001,,労働施策の総合的な推進並びに労働者の雇用の安定及び職業生活の充実等に関する法律等の一部を改正する法律の施行に伴う厚生労働省関係省令の整備に関する省令,令和八年厚生労働省令第十八号,令和八年二月二十六日,20261001_508M60000100018,https://laws.e-gov.go.jp/law/420M60000100002/20261001_508M60000100018
421AC0000000066,公文書等の管理に関する法律,20261001,,日本学術会議法,令和七年法律第七十号,令和七年六月十八日,20261001_507AC0000000070,https://laws.e-gov.go.jp/law/421AC0000000066/20261001_507AC0000000070
421M60000008029,国家公務員退職手当法の規定に基づく意見の聴取の手続に関する規則,20261001,,国家公務員退職手当法の規定に基づく意見の聴取の手続に関する規則の一部を改正する内閣官房令,令和八年内閣官房令第九号,令和八年八月十九日,20261001_508M60000001009,https://laws.e-gov.go.jp/law/421M60000008029/20261001_508M60000001009
423AC0000000126,特定Ｂ型肝炎ウイルス感染者給付金等の支給に関する特別措置法,20261001,,医療法等の一部を改正する法律,令和七年法律第八十七号,令和七年十二月十二日,20261001_507AC0000000087,https://laws.e-gov.go.jp/law/423AC0000000126/20261001_507AC0000000087
423CO0000000420,日本国との平和条約に基づき日本の国籍を離脱した者等の出入国管理に関する特例法施行令,20261001,,出入国管理及び難民認定法施行令及び日本国との平和条約に基づき日本の国籍を離脱した者等の出入国管理に関する特例法施行令の一部を改正する政令,令和八年政令第二百六十八号,令和八年八月二十八日,20261001_508CO0000000268,https://laws.e-gov.go.jp/law/423CO0000000420/20261001_508CO0000000268
423M60000100093,職業訓練の実施等による特定求職者の就職の支援に関する法律施行規則,20261001,,職業訓練の実施等による特定求職者の就職の支援に関する法律施行規則の一部を改正する省令,令和八年厚生労働省令第七十八号,令和八年四月八日,20261001_508M60000100078,https://laws.e-gov.go.jp/law/423M60000100093/20261001_508M60000100078
424AC0000000065,子ども・子育て支援法,20261001,,子ども・子育て支援法等の一部を改正する法律,令和六年法律第四十七号,令和六年六月十二日,20261001_506AC0000000047,https://laws.e-gov.go.jp/law/424AC0000000065/20261001_506AC0000000047
424AC0000000065,子ども・子育て支援法,20261001,,医療法等の一部を改正する法律,令和七年法律第八十七号,令和七年十二月十二日,20261001_507AC0000000087,https://laws.e-gov.go.jp/law/424AC0000000065/20261001_507AC0000000087
424M60000400046,再生可能エネルギー電気の利用の促進に関する特別措置法施行規則,20261001,,再生可能エネルギー電気の利用の促進に関する特別措置法施行規則の一部を改正する省令,令和八年経済産業省令第二十九号,令和八年三月三十一日,20261001_508M60000400029,https://laws.e-gov.go.jp/law/424M60000400046/20261001_508M60000400029
425AC0000000027,行政手続における特定の個人を識別するための番号の利用等に関する法律,20261001,,医療法等の一部を改正する法律,令和七年法律第八十七号,令和七年十二月十二日,20261001_507AC0000000087,https://laws.e-gov.go.jp/law/425AC0000000027/20261001_507AC0000000087
425AC0000000098,産業競争力強化法,20261001,,重要電子計算機に対する不正な行為による被害の防止に関する法律の施行に伴う関係法律の整備等に関する法律,令和七年法律第四十三号,令和七年五月二十三日,20261001_507AC0000000043,https://laws.e-gov.go.jp/law/425AC0000000098/20261001_507AC0000000043
425AC0100000111,がん登録等の推進に関する法律,20261001,,医療法等の一部を改正する法律,令和七年法律第八十七号,令和七年十二月十二日,20261001_507AC0000000087,https://laws.e-gov.go.jp/law/425AC0100000111/20261001_507AC0000000087
426AC0000000050,難病の患者に対する医療等に関する法律,20261001,,医療法等の一部を改正する法律,令和七年法律第八十七号,令和七年十二月十二日,20261001_507AC0000000087,https://laws.e-gov.go.jp/law/426AC0000000050/20261001_507AC0000000087
426AC1000000104,サイバーセキュリティ基本法,20261001,,重要電子計算機に対する不正な行為による被害の防止に関する法律の施行に伴う関係法律の整備等に関する法律,令和七年法律第四十三号,令和七年五月二十三日,20261001_507AC0000000043,https://laws.e-gov.go.jp/law/426AC1000000104/20261001_507AC0000000043
426CO0000000213,子ども・子育て支援法施行令,20261001,,子ども・子育て支援法施行令の一部を改正する政令,令和八年政令第百八十八号,令和八年五月二十九日,20261001_508CO0000000188,https://laws.e-gov.go.jp/law/426CO0000000213/20261001_508CO0000000188
426CO0000000400,サイバーセキュリティ基本法施行令,20261001,,サイバーセキュリティ基本法施行令の一部を改正する政令,令和八年政令第四十八号,令和八年三月二十三日,20261001_508CO0000000048,https://laws.e-gov.go.jp/law/426CO0000000400/20261001_508CO0000000048
426M60000002044,子ども・子育て支援法施行規則,20261001,,子ども・子育て支援法施行規則の一部を改正する内閣府令,令和八年内閣府令第五十四号,令和八年五月二十九日,20261001_508M60000002054,https://laws.e-gov.go.jp/law/426M60000002044/20261001_508M60000002054
427AC0000000064,女性の職業生活における活躍の推進に関する法律,20261001,,労働施策の総合的な推進並びに労働者の雇用の安定及び職業生活の充実等に関する法律等の一部を改正する法律,令和七年法律第六十三号,令和七年六月十一日,20261001_507AC0000000063,https://laws.e-gov.go.jp/law/427AC0000000064/20261001_507AC0000000063
427M60000100162,女性の職業生活における活躍の推進に関する法律に基づく一般事業主行動計画等に関する省令,20261001,,労働施策の総合的な推進並びに労働者の雇用の安定及び職業生活の充実等に関する法律等の一部を改正する法律の施行に伴う厚生労働省関係省令の整備に関する省令,令和八年厚生労働省令第十八号,令和八年二月二十六日,20261001_508M60000100018,https://laws.e-gov.go.jp/law/427M60000100162/20261001_508M60000100018
428M60000800022,船員に関する障害者の雇用の促進等に関する法律施行規則,20261001,,労働施策の総合的な推進並びに労働者の雇用の安定及び職業生活の充実等に関する法律等の一部を改正する法律の施行に伴う国土交通省関係省令の整備に関する省令,令和八年国土交通省令第七十二号,令和八年八月二十五日,20261001_508M60000800072,https://laws.e-gov.go.jp/law/428M60000800022/20261001_508M60000800072
429AC0000000028,医療分野の研究開発に資するための匿名加工医療情報及び仮名加工医療情報に関する法律,20261001,,医療法等の一部を改正する法律,令和七年法律第八十七号,令和七年十二月十二日,20261001_507AC0000000087,https://laws.e-gov.go.jp/law/429AC0000000028/20261001_507AC0000000087
429CO0000000136,外国人の技能実習の適正な実施及び技能実習生の保護に関する法律施行令,20261001,,労働施策の総合的な推進並びに労働者の雇用の安定及び職業生活の充実等に関する法律等の一部を改正する法律の施行に伴う関係政令の整備に関する政令,令和八年政令第百八十一号,令和八年五月二十七日,20261001_508CO0000000181,https://laws.e-gov.go.jp/law/429CO0000000136/20261001_508CO0000000181
430CO0000000364,年金生活者支援給付金の支給に関する法律施行令,20261001,,年金生活者支援給付金の支給に関する法律施行令の一部を改正する政令,令和八年政令第二百二十五号,令和八年七月八日,20261001_508CO0000000225,https://laws.e-gov.go.jp/law/430CO0000000364/20261001_508CO0000000225
430CO0000000364,年金生活者支援給付金の支給に関する法律施行令,20261001,,国民年金法施行令等の一部を改正する政令,令和八年政令第二百二十六号,令和八年七月十五日,20261001_508CO0000000226,https://laws.e-gov.go.jp/law/430CO0000000364/20261001_508CO0000000226
430M60000100151,年金生活者支援給付金の支給に関する法律施行規則,20261001,,労働施策の総合的な推進並びに労働者の雇用の安定及び職業生活の充実等に関する法律等の一部を改正する法律の施行に伴う厚生労働省関係省令の整備に関する省令,令和八年厚生労働省令第十八号,令和八年二月二十六日,20261001_508M60000100018,https://laws.e-gov.go.jp/law/430M60000100151/20261001_508M60000100018
430M60000100151,年金生活者支援給付金の支給に関する法律施行規則,20261001,,国民年金法施行規則等の一部を改正する省令,令和八年厚生労働省令第百十三号,令和八年七月十五日,20261001_508M60000100113,https://laws.e-gov.go.jp/law/430M60000100151/20261001_508M60000100113
501CO0000000049,大学等における修学の支援に関する法律施行令,20261001,,独立行政法人日本学生支援機構法施行令及び大学等における修学の支援に関する法律施行令の一部を改正する政令,令和八年政令第二百四十九号,令和八年八月七日,20261001_508CO0000000249,https://laws.e-gov.go.jp/law/501CO0000000049/20261001_508CO0000000249
501M60000080006,大学等における修学の支援に関する法律施行規則,20261001,,独立行政法人日本学生支援機構に関する省令及び大学等における修学の支援に関する法律施行規則の一部を改正する省令,令和七年文部科学省令第十九号,令和七年七月三十一日,20261001_507M60000080019,https://laws.e-gov.go.jp/law/501M60000080006/20261001_507M60000080019
502M60000800049,船員に関する労働施策の総合的な推進並びに労働者の雇用の安定及び職業生活の充実等に関する法律施行規則,20261001,,労働施策の総合的な推進並びに労働者の雇用の安定及び職業生活の充実等に関する法律等の一部を改正する法律の施行に伴う国土交通省関係省令の整備に関する省令,令和八年国土交通省令第七十二号,令和八年八月二十五日,20261001_508M60000800072,https://laws.e-gov.go.jp/law/502M60000800049/20261001_508M60000800072
503AC0000000036,デジタル庁設置法,20261001,,重要電子計算機に対する不正な行為による被害の防止に関する法律の施行に伴う関係法律の整備等に関する法律,令和七年法律第四十三号,令和七年五月二十三日,20261001_507AC0000000043,https://laws.e-gov.go.jp/law/503AC0000000036/20261001_507AC0000000043
505M60000002042,こども家庭庁の所管する法律の規定に基づく立入検査等の際に携帯する職員の身分を示す証明書の様式の特例に関する内閣府令,20261001,,児童福祉法施行規則及びこども家庭庁の所管する法律の規定に基づく立入検査等の際に携帯する職員の身分を示す証明書の様式の特例に関する内閣府令の一部を改正する内閣府令,令和八年内閣府令第七十五号,令和八年九月七日,20261001_508M60000002075,https://laws.e-gov.go.jp/law/505M60000002042/20261001_508M60000002075
506AC0000000069,学校設置者等及び民間教育保育等事業者による児童対象性暴力等の防止等のための措置に関する法律,20261001,,児童福祉法等の一部を改正する法律,令和七年法律第二十九号,令和七年四月二十五日,20261001_507AC0000000029,https://laws.e-gov.go.jp/law/506AC0000000069/20261001_507AC0000000029
507AC0000000042,重要電子計算機に対する不正な行為による被害の防止に関する法律,20261001,,,,令和七年五月二十三日,20261001_000000000000000,https://laws.e-gov.go.jp/law/507AC0000000042/20261001_000000000000000
507AC0000000070,日本学術会議法,20261001,,,,令和七年六月十八日,20261001_000000000000000,https://laws.e-gov.go.jp/law/507AC0000000070/20261001_000000000000000
507CO0000000299,日本学術会議法施行令,20261001,,,,令和七年八月十四日,20261001_000000000000000,https://laws.e-gov.go.jp/law/507CO0000000299/20261001_000000000000000
508M60000F5A004,重要電子計算機に対する不正な行為による被害の防止に関する法律に基づく特別社会基盤事業者による特定侵害事象等の報告等に関する命令,20261001,,,,令和八年五月二十八日,20261001_000000000000000,https://laws.e-gov.go.jp/law/508M60000F5A004/20261001_000000000000000
417M60000010018,不動産登記規則,20261005,,不動産登記規則の一部を改正する省令,令和八年法務省令第二十三号,令和八年三月三十一日,20261005_508M60000010023,https://laws.e-gov.go.jp/law/417M60000010018/20261005_508M60000010023
325AC0000000226,地方税法,20261016,,地方税法等の一部を改正する法律,令和八年法律第二号,令和八年三月三十一日,20261016_508AC0000000002,https://laws.e-gov.go.jp/law/325AC0000000226/20261016_508AC0000000002
332AC0000000026,租税特別措置法,20261016,,地域公共交通の活性化及び再生に関する法律の一部を改正する法律,令和八年法律第三十五号,令和八年六月十日,20261016_508AC0000000035,https://laws.e-gov.go.jp/law/332AC0000000026/20261016_508AC0000000035
342AC0000000035,登録免許税法,20261016,,地域公共交通の活性化及び再生に関する法律の一部を改正する法律,令和八年法律第三十五号,令和八年六月十日,20261016_508AC0000000035,https://laws.e-gov.go.jp/law/342AC0000000035/20261016_508AC0000000035
417AC0000000085,物資の流通の効率化に関する法律,20261016,,地域公共交通の活性化及び再生に関する法律の一部を改正する法律,令和八年法律第三十五号,令和八年六月十日,20261016_508AC0000000035,https://laws.e-gov.go.jp/law/417AC0000000085/20261016_508AC0000000035
417CO0000000298,物資の流通の効率化に関する法律施行令,20261016,,租税特別措置法施行令及び物資の流通の効率化に関する法律施行令の一部を改正する政令,令和八年政令第二百七十号,令和八年九月四日,20261016_508CO0000000270,https://laws.e-gov.go.jp/law/417CO0000000298/20261016_508CO0000000270
419AC0000000059,地域公共交通の活性化及び再生に関する法律,20261016,,地域公共交通の活性化及び再生に関する法律の一部を改正する法律,令和八年法律第三十五号,令和八年六月十日,20261016_508AC0000000035,https://laws.e-gov.go.jp/law/419AC0000000059/20261016_508AC0000000035
323AC0000000131,刑事訴訟法,20261023,公布の日から起算して三月を超えない範囲内において政令で定める日,刑事訴訟法の一部を改正する法律,令和八年法律第六十七号,令和八年七月二十四日,20261023_508AC0000000067,https://laws.e-gov.go.jp/law/323AC0000000131/20261023_508AC0000000067
322AC0000000003,皇室典範,20261024,,皇室典範等の一部を改正する法律,令和八年法律第六十六号,令和八年七月二十四日,20261024_508AC0000000066,https://laws.e-gov.go.jp/law/322AC0000000003/20261024_508AC0000000066
322AC0000000004,皇室経済法,20261024,,皇室典範等の一部を改正する法律,令和八年法律第六十六号,令和八年七月二十四日,20261024_508AC0000000066,https://laws.e-gov.go.jp/law/322AC0000000004/20261024_508AC0000000066
322AC0000000111,皇族の身分を離れた者等の戸籍の取扱い等に関する法律,20261024,,皇室典範等の一部を改正する法律,令和八年法律第六十六号,令和八年七月二十四日,20261024_508AC0000000066,https://laws.e-gov.go.jp/law/322AC0000000111/20261024_508AC0000000066
342AC0000000081,住民基本台帳法,20261024,,皇室典範等の一部を改正する法律,令和八年法律第六十六号,令和八年七月二十四日,20261024_508AC0000000066,https://laws.e-gov.go.jp/law/342AC0000000081/20261024_508AC0000000066
419AC1000000051,日本国憲法の改正手続に関する法律,20261024,,皇室典範等の一部を改正する法律,令和八年法律第六十六号,令和八年七月二十四日,20261024_508AC0000000066,https://laws.e-gov.go.jp/law/419AC1000000051/20261024_508AC0000000066
411AC0000000089,内閣府設置法,20261030,公布の日から起算して三月を超えない範囲内において政令で定める日,国家社会機能継続性確保施策及び副首都の整備に係る施策の推進に関する法律,令和八年法律第七十八号,令和八年七月三十一日,20261030_508AC1000000078,https://laws.e-gov.go.jp/law/411AC0000000089/20261030_508AC1000000078
424AC1000000080,大都市地域における特別区の設置に関する法律,20261030,公布の日から起算して三月を超えない範囲内において政令で定める日,国家社会機能継続性確保施策及び副首都の整備に係る施策の推進に関する法律,令和八年法律第七十八号,令和八年七月三十一日,20261030_508AC1000000078,https://laws.e-gov.go.jp/law/424AC1000000080/20261030_508AC1000000078
419AC1000000051,日本国憲法の改正手続に関する法律,20261031,,日本国憲法の改正手続に関する法律の一部を改正する法律,令和八年法律第七十三号,令和八年七月三十一日,20261031_508AC1000000073,https://laws.e-gov.go.jp/law/419AC1000000051/20261031_508AC1000000073
323CO0000000074,児童福祉法施行令,20261101,,児童福祉法施行令の一部を改正する政令,令和八年政令第十二号,令和八年二月十六日,20261101_508CO0000000012,https://laws.e-gov.go.jp/law/323CO0000000074/20261101_508CO0000000012
325CO0000000245,地方税法施行令,20261101,,地方税法施行令及び国有資産等所在市町村交付金法施行令の一部を改正する政令,令和七年政令第百十九号,令和七年三月三十一日,20261101_507CO0000000119,https://laws.e-gov.go.jp/law/325CO0000000245/20261101_507CO0000000119
332AC0000000026,租税特別措置法,20261101,,所得税法等の一部を改正する法律,令和七年法律第十三号,令和七年三月三十一日,20261101_507AC0000000013,https://laws.e-gov.go.jp/law/332AC0000000026/20261101_507AC0000000013
332CO0000000043,租税特別措置法施行令,20261101,,租税特別措置法施行令の一部を改正する政令,令和七年政令第百二十七号,令和七年三月三十一日,20261101_507CO0000000127,https://laws.e-gov.go.jp/law/332CO0000000043/20261101_507CO0000000127
332M50000040015,租税特別措置法施行規則,20261101,,租税特別措置法施行規則等の一部を改正する省令,令和七年財務省令第二十六号,令和七年三月三十一日,20261101_507M60000040026,https://laws.e-gov.go.jp/law/332M50000040015/20261101_507M60000040026
337AC0000000066,国税通則法,20261101,,所得税法等の一部を改正する法律,令和七年法律第十三号,令和七年三月三十一日,20261101_507AC0000000013,https://laws.e-gov.go.jp/law/337AC0000000066/20261101_507AC0000000013
337M50000040028,国税通則法施行規則,20261101,,国税通則法施行規則の一部を改正する省令,令和七年財務省令第二十五号,令和七年三月三十一日,20261101_507M60000040025,https://laws.e-gov.go.jp/law/337M50000040028/20261101_507M60000040025
352CO0000000220,電子情報処理組織による輸出入等関連業務の処理等に関する法律施行令,20261101,,関税定率法等の一部を改正する法律の施行に伴う関係政令の整備等に関する政令,令和八年政令第八十五号,令和八年三月三十一日,20261101_508CO0000000085,https://laws.e-gov.go.jp/law/352CO0000000220/20261101_508CO0000000085
363AC0000000108,消費税法,20261101,,所得税法等の一部を改正する法律,令和七年法律第十三号,令和七年三月三十一日,20261101_507AC0000000013,https://laws.e-gov.go.jp/law/363AC0000000108/20261101_507AC0000000013
363CO0000000360,消費税法施行令,20261101,,消費税法施行令の一部を改正する政令,令和七年政令第百二十五号,令和七年三月三十一日,20261101_507CO0000000125,https://laws.e-gov.go.jp/law/363CO0000000360/20261101_507CO0000000125
363M50000040053,消費税法施行規則,20261101,,消費税法施行規則の一部を改正する省令,令和七年財務省令第二十二号,令和七年三月三十一日,20261101_507M60000040022,https://laws.e-gov.go.jp/law/363M50000040053/20261101_507M60000040022
415CO0000000078,構造改革特別区域法施行令,20261101,,租税特別措置法施行令の一部を改正する政令,令和七年政令第百二十七号,令和七年三月三十一日,20261101_507CO0000000127,https://laws.e-gov.go.jp/law/415CO0000000078/20261101_507CO0000000127
420M60000040036,財務省関係構造改革特別区域法施行規則,20261101,,租税特別措置法施行規則等の一部を改正する省令,令和七年財務省令第二十六号,令和七年三月三十一日,20261101_507M60000040026,https://laws.e-gov.go.jp/law/420M60000040036/20261101_507M60000040026
325AC0000000226,地方税法,20261119,物資の流通の効率化に関する法律の一部を改正する法律（令和八年法律第二十一号）の施行の日,地方税法等の一部を改正する法律,令和八年法律第二号,令和八年三月三十一日,20261119_508AC0000000002,https://laws.e-gov.go.jp/law/325AC0000000226/20261119_508AC0000000002
325CO0000000245,地方税法施行令,20261119,物資の流通の効率化に関する法律の一部を改正する法律（令和八年法律第二十一号）の施行の日,地方税法施行令等の一部を改正する政令,令和八年政令第八十三号,令和八年三月三十一日,20261119_508CO0000000083,https://laws.e-gov.go.jp/law/325CO0000000245/20261119_508CO0000000083
329M50000002023,地方税法施行規則,20261119,物資の流通の効率化に関する法律の一部を改正する法律（令和八年法律第二十一号）の施行の日,地方税法施行規則の一部を改正する省令,令和八年総務省令第四十五号,令和八年三月三十一日,20261119_508M60000008045,https://laws.e-gov.go.jp/law/329M50000002023/20261119_508M60000008045
342AC0000000035,登録免許税法,20261119,公布の日から起算して六月を超えない範囲内において政令で定める日,物資の流通の効率化に関する法律の一部を改正する法律,令和八年法律第二十一号,令和八年五月二十日,20261119_508AC0000000021,https://laws.e-gov.go.jp/law/342AC0000000035/20261119_508AC0000000021
414AC0000000180,独立行政法人鉄道建設・運輸施設整備支援機構法,20261119,公布の日から起算して六月を超えない範囲内において政令で定める日,物資の流通の効率化に関する法律の一部を改正する法律,令和八年法律第二十一号,令和八年五月二十日,20261119_508AC0000000021,https://laws.e-gov.go.jp/law/414AC0000000180/20261119_508AC0000000021
417AC0000000085,物資の流通の効率化に関する法律,20261119,公布の日から起算して六月を超えない範囲内において政令で定める日,物資の流通の効率化に関する法律の一部を改正する法律,令和八年法律第二十一号,令和八年五月二十日,20261119_508AC0000000021,https://laws.e-gov.go.jp/law/417AC0000000085/20261119_508AC0000000021
349CO0000000202,化学物質の審査及び製造等の規制に関する法律施行令,20261122,,化学物質の審査及び製造等の規制に関する法律施行令の一部を改正する政令,令和八年政令第百七十一号,令和八年五月二十二日,20261122_508CO0000000171,https://laws.e-gov.go.jp/law/349CO0000000202/20261122_508CO0000000171
417AC0000000100,日本郵便株式会社法,20261124,公布の日から起算して五月を超えない範囲内において政令で定める日,郵政民営化法等の一部を改正する法律,令和八年法律第五十号,令和八年六月二十五日,20261124_508AC1000000050,https://laws.e-gov.go.jp/law/417AC0000000100/20261124_508AC1000000050
325AC0000000201,建築基準法,20261126,公布の日から起算して六月を超えない範囲内において政令で定める日,都市再生特別措置法等の一部を改正する法律,令和八年法律第二十三号,令和八年五月二十七日,20261126_508AC0000000023,https://laws.e-gov.go.jp/law/325AC0000000201/20261126_508AC0000000023
325AC0000000226,地方税法,20261126,都市再生特別措置法等の一部を改正する法律（令和八年法律第二十三号）の施行の日,地方税法等の一部を改正する法律,令和八年法律第二号,令和八年三月三十一日,20261126_508AC0000000002,https://laws.e-gov.go.jp/law/325AC0000000226/20261126_508AC0000000002
325CO0000000245,地方税法施行令,20261126,都市再生特別措置法等の一部を改正する法律（令和八年法律第二十三号）の施行の日,地方税法施行令等の一部を改正する政令,令和八年政令第八十三号,令和八年三月三十一日,20261126_508CO0000000083,https://laws.e-gov.go.jp/law/325CO0000000245/20261126_508CO0000000083
329AC0000000119,土地区画整理法,20261126,公布の日から起算して六月を超えない範囲内において政令で定める日,都市再生特別措置法等の一部を改正する法律,令和八年法律第二十三号,令和八年五月二十七日,20261126_508AC0000000023,https://laws.e-gov.go.jp/law/329AC0000000119/20261126_508AC0000000023
329M50000002023,地方税法施行規則,20261126,都市再生特別措置法等の一部を改正する法律（令和八年法律第二十三号）の施行の日,地方税法施行規則の一部を改正する省令,令和八年総務省令第四十六号,令和八年三月三十一日,20261126_508M60000008046,https://laws.e-gov.go.jp/law/329M50000002023/20261126_508M60000008046
332AC0000000026,租税特別措置法,20261126,都市再生特別措置法等の一部を改正する法律（令和八年法律第二十三号）の施行の日,所得税法等の一部を改正する法律,令和八年法律第十二号,令和八年三月三十一日,20261126_508AC0000000012,https://laws.e-gov.go.jp/law/332AC0000000026/20261126_508AC0000000012
332CO0000000043,租税特別措置法施行令,20261126,都市再生特別措置法等の一部を改正する法律（令和八年法律第二十三号）の施行の日,租税特別措置法施行令の一部を改正する政令,令和八年政令第九十八号,令和八年三月三十一日,20261126_508CO0000000098,https://laws.e-gov.go.jp/law/332CO0000000043/20261126_508CO0000000098
332M50000040015,租税特別措置法施行規則,20261126,都市再生特別措置法等の一部を改正する法律（令和八年法律第二十三号）の施行の日,租税特別措置法施行規則等の一部を改正する省令,令和八年財務省令第二十一号,令和八年三月三十一日,20261126_508M60000040021,https://laws.e-gov.go.jp/law/332M50000040015/20261126_508M60000040021
341AC0000000020,都市開発資金の貸付けに関する法律,20261126,公布の日から起算して六月を超えない範囲内において政令で定める日,都市再生特別措置法等の一部を改正する法律,令和八年法律第二十三号,令和八年五月二十七日,20261126_508AC0000000023,https://laws.e-gov.go.jp/law/341AC0000000020/20261126_508AC0000000023
343AC0000000100,都市計画法,20261126,公布の日から起算して六月を超えない範囲内において政令で定める日,都市再生特別措置法等の一部を改正する法律,令和八年法律第二十三号,令和八年五月二十七日,20261126_508AC0000000023,https://laws.e-gov.go.jp/law/343AC0000000100/20261126_508AC0000000023
344AC0000000038,都市再開発法,20261126,公布の日から起算して六月を超えない範囲内において政令で定める日,都市再生特別措置法等の一部を改正する法律,令和八年法律第二十三号,令和八年五月二十七日,20261126_508AC0000000023,https://laws.e-gov.go.jp/law/344AC0000000038/20261126_508AC0000000023
409AC0000000049,密集市街地における防災街区の整備の促進に関する法律,20261126,公布の日から起算して六月を超えない範囲内において政令で定める日,都市再生特別措置法等の一部を改正する法律,令和八年法律第二十三号,令和八年五月二十七日,20261126_508AC0000000023,https://laws.e-gov.go.jp/law/409AC0000000049/20261126_508AC0000000023
414AC0000000022,都市再生特別措置法,20261126,公布の日から起算して六月を超えない範囲内において政令で定める日,都市再生特別措置法等の一部を改正する法律,令和八年法律第二十三号,令和八年五月二十七日,20261126_508AC0000000023,https://laws.e-gov.go.jp/law/414AC0000000022/20261126_508AC0000000023
416AC0000000110,景観法,20261126,公布の日から起算して六月を超えない範囲内において政令で定める日,都市再生特別措置法等の一部を改正する法律,令和八年法律第二十三号,令和八年五月二十七日,20261126_508AC0000000023,https://laws.e-gov.go.jp/law/416AC0000000110/20261126_508AC0000000023
419AC0000000052,広域的地域活性化のための基盤整備に関する法律,20261126,公布の日から起算して六月を超えない範囲内において政令で定める日,都市再生特別措置法等の一部を改正する法律,令和八年法律第二十三号,令和八年五月二十七日,20261126_508AC0000000023,https://laws.e-gov.go.jp/law/419AC0000000052/20261126_508AC0000000023
420AC0000000040,地域における歴史的風致の維持及び向上に関する法律,20261126,公布の日から起算して六月を超えない範囲内において政令で定める日,都市再生特別措置法等の一部を改正する法律,令和八年法律第二十三号,令和八年五月二十七日,20261126_508AC0000000023,https://laws.e-gov.go.jp/law/420AC0000000040/20261126_508AC0000000023
327AC0000000266,防衛省の職員の給与等に関する法律,20261127,公布の日から起算して一年六月を超えない範囲内において政令で定める日,防衛省設置法等の一部を改正する法律,令和七年法律第四十四号,令和七年五月二十八日,20261127_507AC0000000044,https://laws.e-gov.go.jp/law/327AC0000000266/20261127_507AC0000000044
329AC0000000165,自衛隊法,20261127,公布の日から起算して一年六月を超えない範囲内において政令で定める日,防衛省設置法等の一部を改正する法律,令和七年法律第四十四号,令和七年五月二十八日,20261127_507AC0000000044,https://laws.e-gov.go.jp/law/329AC0000000165/20261127_507AC0000000044
403AC0000000109,国家公務員の育児休業等に関する法律,20261127,公布の日から起算して一年六月を超えない範囲内において政令で定める日,防衛省設置法等の一部を改正する法律,令和七年法律第四十四号,令和七年五月二十八日,20261127_507AC0000000044,https://laws.e-gov.go.jp/law/403AC0000000109/20261127_507AC0000000044
411AC0000000224,国と民間企業との間の人事交流に関する法律,20261127,公布の日から起算して一年六月を超えない範囲内において政令で定める日,防衛省設置法等の一部を改正する法律,令和七年法律第四十四号,令和七年五月二十八日,20261127_507AC0000000044,https://laws.e-gov.go.jp/law/411AC0000000224/20261127_507AC0000000044
323AC0000000103,公認会計士法,20261130,,情報通信技術の進展等の環境変化に対応するための社債、株式等の振替に関する法律等の一部を改正する法律,令和五年法律第八十号,令和五年十一月二十九日,20261130_505AC0000000080,https://laws.e-gov.go.jp/law/323AC0000000103/20261130_505AC0000000080
325AC0000000204,保護司法,20261201,,更生保護制度の充実を図るための保護司法等の一部を改正する法律,令和七年法律第八十二号,令和七年十二月十日,20261201_507AC0000000082,https://laws.e-gov.go.jp/law/325AC0000000204/20261201_507AC0000000082
329AC0000000115,厚生年金保険法,20261201,,社会経済の変化を踏まえた年金制度の機能強化のための国民年金法等の一部を改正する等の法律,令和七年法律第七十四号,令和七年六月二十日,20261201_507AC0000000074,https://laws.e-gov.go.jp/law/329AC0000000115/20261201_507AC0000000074
332AC0000000026,租税特別措置法,20261201,,所得税法等の一部を改正する法律,令和八年法律第十二号,令和八年三月三十一日,20261201_508AC0000000012,https://laws.e-gov.go.jp/law/332AC0000000026/20261201_508AC0000000012
332CO0000000043,租税特別措置法施行令,20261201,,租税特別措置法施行令の一部を改正する政令,令和八年政令第九十八号,令和八年三月三十一日,20261201_508CO0000000098,https://laws.e-gov.go.jp/law/332CO0000000043/20261201_508CO0000000098
332M50000040015,租税特別措置法施行規則,20261201,,租税特別措置法施行規則等の一部を改正する省令,令和八年財務省令第二十一号,令和八年三月三十一日,20261201_508M60000040021,https://laws.e-gov.go.jp/law/332M50000040015/20261201_508M60000040021
340AC0000000033,所得税法,20261201,,所得税法等の一部を改正する法律,令和八年法律第十二号,令和八年三月三十一日,20261201_508AC0000000012,https://laws.e-gov.go.jp/law/340AC0000000033/20261201_508AC0000000012
340CO0000000096,所得税法施行令,20261201,,所得税法施行令の一部を改正する政令,令和八年政令第九十三号,令和八年三月三十一日,20261201_508CO0000000093,https://laws.e-gov.go.jp/law/340CO0000000096/20261201_508CO0000000093
340M50000040011,所得税法施行規則,20261201,,所得税法施行規則の一部を改正する省令,令和八年財務省令第十七号,令和八年三月三十一日,20261201_508M60000040017,https://laws.e-gov.go.jp/law/340M50000040011/20261201_508M60000040017
347CO0000000095,沖縄の復帰に伴う法務省関係法令の適用の特別措置等に関する政令,20261201,,更生保護制度の充実を図るための保護司法等の一部を改正する法律の施行に伴う関係政令の整理に関する政令,令和八年政令第二百五十三号,令和八年八月七日,20261201_508CO0000000253,https://laws.e-gov.go.jp/law/347CO0000000095/20261201_508CO0000000253
402CO0000000304,国民年金基金令,20261201,,国民年金基金令等の一部を改正する政令,令和七年政令第四百四十二号,令和七年十二月二十四日,20261201_507CO0000000442,https://laws.e-gov.go.jp/law/402CO0000000304/20261201_507CO0000000442
407AC0000000086,更生保護事業法,20261201,,更生保護制度の充実を図るための保護司法等の一部を改正する法律,令和七年法律第八十二号,令和七年十二月十日,20261201_507AC0000000082,https://laws.e-gov.go.jp/law/407AC0000000086/20261201_507AC0000000082
410AC0000000083,種苗法,20261201,,種苗法の一部を改正する法律,令和八年法律第七十二号,令和八年七月二十四日,20261201_508AC0000000072,https://laws.e-gov.go.jp/law/410AC0000000083/20261201_508AC0000000072
411AC0000000192,国立研究開発法人農業・食品産業技術総合研究機構法,20261201,,種苗法の一部を改正する法律,令和八年法律第七十二号,令和八年七月二十四日,20261201_508AC0000000072,https://laws.e-gov.go.jp/law/411AC0000000192/20261201_508AC0000000072
413AC0000000050,確定給付企業年金法,20261201,,社会経済の変化を踏まえた年金制度の機能強化のための国民年金法等の一部を改正する等の法律,令和七年法律第七十四号,令和七年六月二十日,20261201_507AC0000000074,https://laws.e-gov.go.jp/law/413AC0000000050/20261201_507AC0000000074
413AC0000000088,確定拠出年金法,20261201,,社会経済の変化を踏まえた年金制度の機能強化のための国民年金法等の一部を改正する等の法律,令和七年法律第七十四号,令和七年六月二十日,20261201_507AC0000000074,https://laws.e-gov.go.jp/law/413AC0000000088/20261201_507AC0000000074
413CO0000000248,確定拠出年金法施行令,20261201,,国民年金基金令等の一部を改正する政令,令和七年政令第四百四十二号,令和七年十二月二十四日,20261201_507CO0000000442,https://laws.e-gov.go.jp/law/413CO0000000248/20261201_507CO0000000442
413M60000100175,確定拠出年金法施行規則,20261201,,社会経済の変化を踏まえた年金制度の機能強化のための国民年金法等の一部を改正する等の法律の一部の施行に伴う関係省令の整備等及び経過措置に関する省令,令和八年厚生労働省令第百十一号,令和八年六月三十日,20261201_508M60000100111,https://laws.e-gov.go.jp/law/413M60000100175/20261201_508M60000100111
413M60000102006,確定拠出年金運営管理機関に関する命令,20261201,,確定拠出年金運営管理機関に関する命令の一部を改正する命令,令和八年内閣府・厚生労働省令第十号,令和八年六月三十日,20261201_508M60000102010,https://laws.e-gov.go.jp/law/413M60000102006/20261201_508M60000102010
414M60000040068,個人向け国債の発行等に関する省令,20261201,,個人向け国債の発行等に関する省令の一部を改正する省令,令和八年財務省令第五十七号,令和八年八月五日,20261201_508M60000040057,https://laws.e-gov.go.jp/law/414M60000040068/20261201_508M60000040057
416AC0000000122,公益通報者保護法,20261201,,公益通報者保護法の一部を改正する法律,令和七年法律第六十二号,令和七年六月十一日,20261201_507AC0000000062,https://laws.e-gov.go.jp/law/416AC0000000122/20261201_507AC0000000062
419AC0000000088,更生保護法,20261201,,更生保護制度の充実を図るための保護司法等の一部を改正する法律,令和七年法律第八十二号,令和七年十二月十日,20261201_507AC0000000082,https://laws.e-gov.go.jp/law/419AC0000000088/20261201_507AC0000000082
423AC0000000117,東日本大震災からの復興のための施策を実施するために必要な財源の確保に関する特別措置法,20261201,,所得税法等の一部を改正する法律,令和八年法律第十二号,令和八年三月三十一日,20261201_508AC0000000012,https://laws.e-gov.go.jp/law/423AC0000000117/20261201_508AC0000000012
426CO0000000074,公的年金制度の健全性及び信頼性の確保のための厚生年金保険法等の一部を改正する法律の施行に伴う経過措置に関する政令,20261201,,国民年金基金令等の一部を改正する政令,令和七年政令第四百四十二号,令和七年十二月二十四日,20261201_507CO0000000442,https://laws.e-gov.go.jp/law/426CO0000000074/20261201_507CO0000000442
426M60000100020,公的年金制度の健全性及び信頼性の確保のための厚生年金保険法等の一部を改正する法律の施行に伴う厚生労働省関係省令の整備等及び経過措置に関する省令,20261201,,社会経済の変化を踏まえた年金制度の機能強化のための国民年金法等の一部を改正する等の法律の一部の施行に伴う関係省令の整備等及び経過措置に関する省令,令和八年厚生労働省令第百十一号,令和八年六月三十日,20261201_508M60000100111,https://laws.e-gov.go.jp/law/426M60000100020/20261201_508M60000100111
503M60000100150,確定拠出年金における他制度掛金相当額及び共済掛金相当額の算定に関する省令,20261201,,社会経済の変化を踏まえた年金制度の機能強化のための国民年金法等の一部を改正する等の法律の一部の施行に伴う関係省令の整備等及び経過措置に関する省令,令和八年厚生労働省令第百十一号,令和八年六月三十日,20261201_508M60000100111,https://laws.e-gov.go.jp/law/503M60000100150/20261201_508M60000100111
322AC0000000067,地方自治法,20261203,,地域の自主性及び自立性を高めるための改革の推進を図るための関係法律の整備に関する法律,令和八年法律第二十七号,令和八年六月三日,20261203_508AC0000000027,https://laws.e-gov.go.jp/law/322AC0000000067/20261203_508AC0000000027
324AC0000000188,測量法,20261203,,地域の自主性及び自立性を高めるための改革の推進を図るための関係法律の整備に関する法律,令和八年法律第二十七号,令和八年六月三日,20261203_508AC0000000027,https://laws.e-gov.go.jp/law/324AC0000000188/20261203_508AC0000000027
332M50000040015,租税特別措置法施行規則,20261203,,租税特別措置法施行規則等の一部を改正する省令,令和八年財務省令第二十一号,令和八年三月三十一日,20261203_508M60000040021,https://laws.e-gov.go.jp/law/332M50000040015/20261203_508M60000040021
332AC0000000026,租税特別措置法,20261204,経済社会情勢の変化を踏まえた企業の事業活動の持続的な発展を図るための産業競争力強化法等の一部を改正する法律（令和八年法律第二十九号）附則第一条第二号に掲げる規定の施行の日,所得税法等の一部を改正する法律,令和八年法律第十二号,令和八年三月三十一日,20261204_508AC0000000012,https://laws.e-gov.go.jp/law/332AC0000000026/20261204_508AC0000000012
332M50000040015,租税特別措置法施行規則,20261204,経済社会情勢の変化を踏まえた企業の事業活動の持続的な発展を図るための産業競争力強化法等の一部を改正する法律（令和八年法律第二十九号）附則第一条第二号に掲げる規定の施行の日,租税特別措置法施行規則等の一部を改正する省令,令和八年財務省令第二十一号,令和八年三月三十一日,20261204_508M60000040021,https://laws.e-gov.go.jp/law/332M50000040015/20261204_508M60000040021
342AC0000000023,印紙税法,20261204,公布の日から起算して六月を超えない範囲内において政令で定める日,経済社会情勢の変化を踏まえた企業の事業活動の持続的な発展を図るための産業競争力強化法等の一部を改正する法律,令和八年法律第二十九号,令和八年六月五日,20261204_508AC0000000029,https://laws.e-gov.go.jp/law/342AC0000000023/20261204_508AC0000000029
403AC0000000059,食品等の持続的な供給を実現するための食品等事業者による事業活動の促進及び食品等の取引の適正化に関する法律,20261204,公布の日から起算して六月を超えない範囲内において政令で定める日,経済社会情勢の変化を踏まえた企業の事業活動の持続的な発展を図るための産業競争力強化法等の一部を改正する法律,令和八年法律第二十九号,令和八年六月五日,20261204_508AC0000000029,https://laws.e-gov.go.jp/law/403AC0000000059/20261204_508AC0000000029
414AC0000000147,独立行政法人中小企業基盤整備機構法,20261204,公布の日から起算して六月を超えない範囲内において政令で定める日,経済社会情勢の変化を踏まえた企業の事業活動の持続的な発展を図るための産業競争力強化法等の一部を改正する法律,令和八年法律第二十九号,令和八年六月五日,20261204_508AC0000000029,https://laws.e-gov.go.jp/law/414AC0000000147/20261204_508AC0000000029
417AC0000000024,地域再生法,20261204,公布の日から起算して六月を超えない範囲内において政令で定める日,経済社会情勢の変化を踏まえた企業の事業活動の持続的な発展を図るための産業競争力強化法等の一部を改正する法律,令和八年法律第二十九号,令和八年六月五日,20261204_508AC0000000029,https://laws.e-gov.go.jp/law/417AC0000000024/20261204_508AC0000000029
419AC0000000040,地域経済牽引事業の促進による地域の成長発展の基盤強化に関する法律,20261204,公布の日から起算して六月を超えない範囲内において政令で定める日,経済社会情勢の変化を踏まえた企業の事業活動の持続的な発展を図るための産業競争力強化法等の一部を改正する法律,令和八年法律第二十九号,令和八年六月五日,20261204_508AC0000000029,https://laws.e-gov.go.jp/law/419AC0000000040/20261204_508AC0000000029
423AC0000000081,総合特別区域法,20261204,公布の日から起算して六月を超えない範囲内において政令で定める日,経済社会情勢の変化を踏まえた企業の事業活動の持続的な発展を図るための産業競争力強化法等の一部を改正する法律,令和八年法律第二十九号,令和八年六月五日,20261204_508AC0000000029,https://laws.e-gov.go.jp/law/423AC0000000081/20261204_508AC0000000029
423AC0000000122,東日本大震災復興特別区域法,20261204,公布の日から起算して六月を超えない範囲内において政令で定める日,経済社会情勢の変化を踏まえた企業の事業活動の持続的な発展を図るための産業競争力強化法等の一部を改正する法律,令和八年法律第二十九号,令和八年六月五日,20261204_508AC0000000029,https://laws.e-gov.go.jp/law/423AC0000000122/20261204_508AC0000000029
425AC0000000098,産業競争力強化法,20261204,公布の日から起算して六月を超えない範囲内において政令で定める日,経済社会情勢の変化を踏まえた企業の事業活動の持続的な発展を図るための産業競争力強化法等の一部を改正する法律,令和八年法律第二十九号,令和八年六月五日,20261204_508AC0000000029,https://laws.e-gov.go.jp/law/425AC0000000098/20261204_508AC0000000029
425AC0000000107,国家戦略特別区域法,20261204,公布の日から起算して六月を超えない範囲内において政令で定める日,経済社会情勢の変化を踏まえた企業の事業活動の持続的な発展を図るための産業競争力強化法等の一部を改正する法律,令和八年法律第二十九号,令和八年六月五日,20261204_508AC0000000029,https://laws.e-gov.go.jp/law/425AC0000000107/20261204_508AC0000000029
325CO0000000245,地方税法施行令,20261211,,地方税法施行令等の一部を改正する政令,令和八年政令第八十三号,令和八年三月三十一日,20261211_508CO0000000083,https://laws.e-gov.go.jp/law/325CO0000000245/20261211_508CO0000000083
329M50000002023,地方税法施行規則,20261211,,地方税法施行規則及び地方税法施行規則の一部を改正する等の省令の一部を改正する省令,令和八年総務省令第四十四号,令和八年三月三十一日,20261211_508M60000008044,https://laws.e-gov.go.jp/law/329M50000002023/20261211_508M60000008044
340CO0000000097,法人税法施行令,20261211,,法人税法施行令及び法人税法施行令及び法人税法施行令等の一部を改正する政令の一部を改正する政令の一部を改正する政令,令和八年政令第九十四号,令和八年三月三十一日,20261211_508CO0000000094,https://laws.e-gov.go.jp/law/340CO0000000097/20261211_508CO0000000094
340M50000040011,所得税法施行規則,20261211,,所得税法施行規則の一部を改正する省令,令和八年財務省令第十七号,令和八年三月三十一日,20261211_508M60000040017,https://laws.e-gov.go.jp/law/340M50000040011/20261211_508M60000040017
340M50000040012,法人税法施行規則,20261211,,法人税法施行規則等の一部を改正する省令,令和八年財務省令第十八号,令和八年三月三十一日,20261211_508M60000040018,https://laws.e-gov.go.jp/law/340M50000040012/20261211_508M60000040018
357M50000040010,銀行法施行規則,20261211,,銀行法施行規則等の一部を改正する内閣府令,令和八年内閣府令第六十号,令和八年七月九日,20261211_508M60000002060,https://laws.e-gov.go.jp/law/357M50000040010/20261211_508M60000002060
357M50000040015,信用金庫法施行規則,20261211,,銀行法施行規則等の一部を改正する内閣府令,令和八年内閣府令第六十号,令和八年七月九日,20261211_508M60000002060,https://laws.e-gov.go.jp/law/357M50000040015/20261211_508M60000002060
357M50002040001,労働金庫法施行規則,20261211,,労働金庫法施行規則の一部を改正する命令,令和八年内閣府・厚生労働省令第十一号,令和八年七月九日,20261211_508M60000102011,https://laws.e-gov.go.jp/law/357M50002040001/20261211_508M60000102011
363M50000040053,消費税法施行規則,20261211,,消費税法施行規則等の一部を改正する省令,令和八年財務省令第十九号,令和八年三月三十一日,20261211_508M60000040019,https://laws.e-gov.go.jp/law/363M50000040053/20261211_508M60000040019
405M50000040010,協同組合による金融事業に関する法律施行規則,20261211,,銀行法施行規則等の一部を改正する内閣府令,令和八年内閣府令第六十号,令和八年七月九日,20261211_508M60000002060,https://laws.e-gov.go.jp/law/405M50000040010/20261211_508M60000002060
405M50000240001,農業協同組合及び農業協同組合連合会の信用事業に関する命令,20261211,,農業協同組合及び農業協同組合連合会の信用事業に関する命令等の一部を改正する命令,令和八年内閣府・農林水産省令第九号,令和八年七月九日,20261211_508M60000202009,https://laws.e-gov.go.jp/law/405M50000240001/20261211_508M60000202009
405M50000240002,漁業協同組合等の信用事業等に関する命令,20261211,,農業協同組合及び農業協同組合連合会の信用事業に関する命令等の一部を改正する命令,令和八年内閣府・農林水産省令第九号,令和八年七月九日,20261211_508M60000202009,https://laws.e-gov.go.jp/law/405M50000240002/20261211_508M60000202009
408M50000040005,保険業法施行規則,20261211,,銀行法施行規則等の一部を改正する内閣府令,令和八年内閣府令第六十号,令和八年七月九日,20261211_508M60000002060,https://laws.e-gov.go.jp/law/408M50000040005/20261211_508M60000002060
411AC0000000099,経済産業省設置法,20261211,,円滑な事業再生を図るための事業者の金融機関等に対する債務の調整の手続等に関する法律,令和七年法律第六十七号,令和七年六月十三日,20261211_507AC0000000067,https://laws.e-gov.go.jp/law/411AC0000000099/20261211_507AC0000000067
411AC0000000136,組織的な犯罪の処罰及び犯罪収益の規制等に関する法律,20261211,,円滑な事業再生を図るための事業者の金融機関等に対する債務の調整の手続等に関する法律,令和七年法律第六十七号,令和七年六月十三日,20261211_507AC0000000067,https://laws.e-gov.go.jp/law/411AC0000000136/20261211_507AC0000000067
413M60000202016,農林中央金庫法施行規則,20261211,,農業協同組合及び農業協同組合連合会の信用事業に関する命令等の一部を改正する命令,令和八年内閣府・農林水産省令第九号,令和八年七月九日,20261211_508M60000202009,https://laws.e-gov.go.jp/law/413M60000202016/20261211_508M60000202009
417CO0000000146,公益通報者保護法別表第八号の法律を定める政令,20261211,,円滑な事業再生を図るための事業者の金融機関等に対する債務の調整の手続等に関する法律の施行に伴う関係政令の整備に関する政令,令和八年政令第百九十一号,令和八年六月三日,20261211_508CO0000000191,https://laws.e-gov.go.jp/law/417CO0000000146/20261211_508CO0000000191
417M60000200027,農業協同組合法施行規則,20261211,,農業協同組合法施行規則の一部を改正する省令,令和八年農林水産省令第五十四号,令和八年七月三十一日,20261211_508M60000200054,https://laws.e-gov.go.jp/law/417M60000200027/20261211_508M60000200054
420M60000442001,経済産業省・財務省・内閣府関係株式会社商工組合中央金庫法施行規則,20261211,,経済産業省・財務省・内閣府関係株式会社商工組合中央金庫法施行規則の一部を改正する命令,令和八年内閣府・財務省・経済産業省令第四号,令和八年七月九日,20261211_508M60000442004,https://laws.e-gov.go.jp/law/420M60000442001/20261211_508M60000442004
426CO0000000013,産業競争力強化法施行令,20261211,,円滑な事業再生を図るための事業者の金融機関等に対する債務の調整の手続等に関する法律の施行に伴う関係政令の整備に関する政令,令和八年政令第百九十一号,令和八年六月三日,20261211_508CO0000000191,https://laws.e-gov.go.jp/law/426CO0000000013/20261211_508CO0000000191
426CO0000000139,地方法人税法施行令,20261211,,地方法人税法施行令の一部を改正する政令,令和八年政令第九十五号,令和八年三月三十一日,20261211_508CO0000000095,https://laws.e-gov.go.jp/law/426CO0000000139/20261211_508CO0000000095
426M60000040022,地方法人税法施行規則,20261211,,地方法人税法施行規則の一部を改正する省令,令和八年財務省令第四十号,令和八年四月十四日,20261211_508M60000040040,https://laws.e-gov.go.jp/law/426M60000040022/20261211_508M60000040040
430CO0000000051,刑事訴訟法第三百五十条の二第二項第三号の罪を定める政令,20261211,,円滑な事業再生を図るための事業者の金融機関等に対する債務の調整の手続等に関する法律の施行に伴う関係政令の整備に関する政令,令和八年政令第百九十一号,令和八年六月三日,20261211_508CO0000000191,https://laws.e-gov.go.jp/law/430CO0000000051/20261211_508CO0000000191
507AC0000000067,円滑な事業再生を図るための事業者の金融機関等に対する債務の調整の手続等に関する法律,20261211,,,,令和七年六月十三日,20261211_000000000000000,https://laws.e-gov.go.jp/law/507AC0000000067/20261211_000000000000000
507CO0000000134,防衛特別法人税に関する政令,20261211,,防衛特別法人税に関する政令の一部を改正する政令,令和八年政令第百五号,令和八年三月三十一日,20261211_508CO0000000105,https://laws.e-gov.go.jp/law/507CO0000000134/20261211_508CO0000000105
507M60000040031,防衛特別法人税に関する省令,20261211,,防衛特別法人税に関する省令の一部を改正する省令,令和八年財務省令第四十二号,令和八年四月十四日,20261211_508M60000040042,https://laws.e-gov.go.jp/law/507M60000040031/20261211_508M60000040042
325M50010000073,植物防疫法施行規則,20261217,,植物防疫法施行規則の一部を改正する省令,令和八年農林水産省令第四十五号,令和八年六月十七日,20261217_508M60000200045,https://laws.e-gov.go.jp/law/325M50010000073/20261217_508M60000200045
322AC0000000165,郵便法,20261218,公布の日から起算して六月を超えない範囲内において政令で定める日,郵便法及び民間事業者による信書の送達に関する法律の一部を改正する法律,令和八年法律第四十二号,令和八年六月十九日,20261218_508AC0000000042,https://laws.e-gov.go.jp/law/322AC0000000165/20261218_508AC0000000042
414AC0000000099,民間事業者による信書の送達に関する法律,20261218,公布の日から起算して六月を超えない範囲内において政令で定める日,郵便法及び民間事業者による信書の送達に関する法律の一部を改正する法律,令和八年法律第四十二号,令和八年六月十九日,20261218_508AC0000000042,https://laws.e-gov.go.jp/law/414AC0000000099/20261218_508AC0000000042
326AC0000000204,高圧ガス保安法,20261221,,高圧ガス保安法等の一部を改正する法律,令和四年法律第七十四号,令和四年六月二十二日,20261221_504AC0000000074,https://laws.e-gov.go.jp/law/326AC0000000204/20261221_504AC0000000074
342AC0000000035,登録免許税法,20261221,,高圧ガス保安法等の一部を改正する法律,令和四年法律第七十四号,令和四年六月二十二日,20261221_504AC0000000074,https://laws.e-gov.go.jp/law/342AC0000000035/20261221_504AC0000000074
342AC0000000149,液化石油ガスの保安の確保及び取引の適正化に関する法律,20261221,,高圧ガス保安法等の一部を改正する法律,令和四年法律第七十四号,令和四年六月二十二日,20261221_504AC0000000074,https://laws.e-gov.go.jp/law/342AC0000000149/20261221_504AC0000000074
350AC0000000084,石油コンビナート等災害防止法,20261221,,高圧ガス保安法等の一部を改正する法律,令和四年法律第七十四号,令和四年六月二十二日,20261221_504AC0000000074,https://laws.e-gov.go.jp/law/350AC0000000084/20261221_504AC0000000074
417AC0000000097,郵政民営化法,20261224,公布の日から起算して六月を超えない範囲内において政令で定める日,郵政民営化法等の一部を改正する法律,令和八年法律第五十号,令和八年六月二十五日,20261224_508AC1000000050,https://laws.e-gov.go.jp/law/417AC0000000097/20261224_508AC1000000050
417AC0000000098,日本郵政株式会社法,20261224,公布の日から起算して六月を超えない範囲内において政令で定める日,郵政民営化法等の一部を改正する法律,令和八年法律第五十号,令和八年六月二十五日,20261224_508AC1000000050,https://laws.e-gov.go.jp/law/417AC0000000098/20261224_508AC1000000050
417AC0000000100,日本郵便株式会社法,20261224,公布の日から起算して六月を超えない範囲内において政令で定める日,郵政民営化法等の一部を改正する法律,令和八年法律第五十号,令和八年六月二十五日,20261224_508AC1000000050,https://laws.e-gov.go.jp/law/417AC0000000100/20261224_508AC1000000050
417AC0000000101,独立行政法人郵便貯金簡易生命保険管理・郵便局ネットワーク支援機構法,20261224,公布の日から起算して六月を超えない範囲内において政令で定める日,郵政民営化法等の一部を改正する法律,令和八年法律第五十号,令和八年六月二十五日,20261224_508AC1000000050,https://laws.e-gov.go.jp/law/417AC0000000101/20261224_508AC1000000050
322AC0000000026,学校教育法,20261225,,学校設置者等及び民間教育保育等事業者による児童対象性暴力等の防止等のための措置に関する法律,令和六年法律第六十九号,令和六年六月二十六日,20261225_506AC0000000069,https://laws.e-gov.go.jp/law/322AC0000000026/20261225_506AC0000000069
322AC0000000164,児童福祉法,20261225,,学校設置者等及び民間教育保育等事業者による児童対象性暴力等の防止等のための措置に関する法律,令和六年法律第六十九号,令和六年六月二十六日,20261225_506AC0000000069,https://laws.e-gov.go.jp/law/322AC0000000164/20261225_506AC0000000069
322M40000010094,戸籍法施行規則,20261225,,戸籍法施行規則の一部を改正する省令,令和八年法務省令第十八号,令和八年三月二十六日,20261225_508M60000010018,https://laws.e-gov.go.jp/law/322M40000010094/20261225_508M60000010018
323M40000100011,児童福祉法施行規則,20261225,,学校設置者等及び民間教育保育等事業者による児童対象性暴力等の防止等のための措置に関する法律施行規則,令和七年内閣府令第百四号,令和七年十二月二十五日,20261225_507M60000002104,https://laws.e-gov.go.jp/law/323M40000100011/20261225_507M60000002104
323M40000100011,児童福祉法施行規則,20261225,,児童福祉法施行規則の一部を改正する内閣府令,令和八年内閣府令第十五号,令和八年三月三十日,20261225_508M60000002015,https://laws.e-gov.go.jp/law/323M40000100011/20261225_508M60000002015
323M40000100063,児童福祉施設の設備及び運営に関する基準,20261225,,学校設置者等及び民間教育保育等事業者による児童対象性暴力等の防止等のための措置に関する法律施行規則,令和七年内閣府令第百四号,令和七年十二月二十五日,20261225_507M60000002104,https://laws.e-gov.go.jp/law/323M40000100063/20261225_507M60000002104
411AC0000000097,厚生労働省設置法,20261225,公布の日から起算して二年六月を超えない範囲内において政令で定める日,学校設置者等及び民間教育保育等事業者による児童対象性暴力等の防止等のための措置に関する法律,令和六年法律第六十九号,令和六年六月二十六日,20261225_506AC0000000069,https://laws.e-gov.go.jp/law/411AC0000000097/20261225_506AC0000000069
418AC0000000077,就学前の子どもに関する教育、保育等の総合的な提供の推進に関する法律,20261225,,学校設置者等及び民間教育保育等事業者による児童対象性暴力等の防止等のための措置に関する法律,令和六年法律第六十九号,令和六年六月二十六日,20261225_506AC0000000069,https://laws.e-gov.go.jp/law/418AC0000000077/20261225_506AC0000000069
424M60000100015,児童福祉法に基づく指定通所支援の事業等の人員、設備及び運営に関する基準,20261225,,学校設置者等及び民間教育保育等事業者による児童対象性暴力等の防止等のための措置に関する法律施行規則,令和七年内閣府令第百四号,令和七年十二月二十五日,20261225_507M60000002104,https://laws.e-gov.go.jp/law/424M60000100015/20261225_507M60000002104
424M60000100016,児童福祉法に基づく指定障害児入所施設等の人員、設備及び運営に関する基準,20261225,,学校設置者等及び民間教育保育等事業者による児童対象性暴力等の防止等のための措置に関する法律施行規則,令和七年内閣府令第百四号,令和七年十二月二十五日,20261225_507M60000002104,https://laws.e-gov.go.jp/law/424M60000100016/20261225_507M60000002104
426M60000100061,家庭的保育事業等の設備及び運営に関する基準,20261225,,学校設置者等及び民間教育保育等事業者による児童対象性暴力等の防止等のための措置に関する法律施行規則,令和七年内閣府令第百四号,令和七年十二月二十五日,20261225_507M60000002104,https://laws.e-gov.go.jp/law/426M60000100061/20261225_507M60000002104
426M60000182001,幼保連携型認定こども園の学級の編制、職員、設備及び運営に関する基準,20261225,,幼保連携型認定こども園の学級の編制、職員、設備及び運営に関する基準の一部を改正する命令,令和七年内閣府・文部科学省令第五号,令和七年十二月二十五日,20261225_507M60000082005,https://laws.e-gov.go.jp/law/426M60000182001/20261225_507M60000082005
504AC0000000075,こども家庭庁設置法,20261225,,学校設置者等及び民間教育保育等事業者による児童対象性暴力等の防止等のための措置に関する法律,令和六年法律第六十九号,令和六年六月二十六日,20261225_506AC0000000069,https://laws.e-gov.go.jp/law/504AC0000000075/20261225_506AC0000000069
506AC0000000069,学校設置者等及び民間教育保育等事業者による児童対象性暴力等の防止等のための措置に関する法律,20261225,,,,令和六年六月二十六日,20261225_000000000000000,https://laws.e-gov.go.jp/law/506AC0000000069/20261225_000000000000000
507M60000002001,乳児等通園支援事業の設備及び運営に関する基準,20261225,,学校設置者等及び民間教育保育等事業者による児童対象性暴力等の防止等のための措置に関する法律施行規則,令和七年内閣府令第百四号,令和七年十二月二十五日,20261225_507M60000002104,https://laws.e-gov.go.jp/law/507M60000002001/20261225_507M60000002104
507M60000002104,学校設置者等及び民間教育保育等事業者による児童対象性暴力等の防止等のための措置に関する法律施行規則,20261225,,,,令和七年十二月二十五日,20261225_000000000000000,https://laws.e-gov.go.jp/law/507M60000002104/20261225_000000000000000
322AC0000000034,財政法,20261231,防災庁設置法（令和八年法律第六十一号）の施行の日,防災庁設置法の施行に伴う関係法律の整備等に関する法律,令和八年法律第六十二号,令和八年七月十七日,20261231_508AC0000000062,https://laws.e-gov.go.jp/law/322AC0000000034/20261231_508AC0000000062
322AC0000000067,地方自治法,20261231,防災庁設置法（令和八年法律第六十一号）の施行の日,防災庁設置法の施行に伴う関係法律の整備等に関する法律,令和八年法律第六十二号,令和八年七月十七日,20261231_508AC0000000062,https://laws.e-gov.go.jp/law/322AC0000000067/20261231_508AC0000000062
322AC0000000118,災害救助法,20261231,防災庁設置法（令和八年法律第六十一号）の施行の日,防災庁設置法の施行に伴う関係法律の整備等に関する法律,令和八年法律第六十二号,令和八年七月十七日,20261231_508AC0000000062,https://laws.e-gov.go.jp/law/322AC0000000118/20261231_508AC0000000062
322AC0000000120,国家公務員法,20261231,防災庁設置法（令和八年法律第六十一号）の施行の日,防災庁設置法の施行に伴う関係法律の整備等に関する法律,令和八年法律第六十二号,令和八年七月十七日,20261231_508AC0000000062,https://laws.e-gov.go.jp/law/322AC0000000120/20261231_508AC0000000062
322AC0000000194,国の利害に関係のある訴訟についての法務大臣の権限等に関する法律,20261231,防災庁設置法（令和八年法律第六十一号）の施行の日,防災庁設置法の施行に伴う関係法律の整備等に関する法律,令和八年法律第六十二号,令和八年七月十七日,20261231_508AC0000000062,https://laws.e-gov.go.jp/law/322AC0000000194/20261231_508AC0000000062
323AC0000000073,国有財産法,20261231,防災庁設置法（令和八年法律第六十一号）の施行の日,防災庁設置法の施行に伴う関係法律の整備等に関する法律,令和八年法律第六十二号,令和八年七月十七日,20261231_508AC0000000062,https://laws.e-gov.go.jp/law/323AC0000000073/20261231_508AC0000000062
323AC0000000120,国家行政組織法,20261231,防災庁設置法（令和八年法律第六十一号）の施行の日,防災庁設置法の施行に伴う関係法律の整備等に関する法律,令和八年法律第六十二号,令和八年七月十七日,20261231_508AC0000000062,https://laws.e-gov.go.jp/law/323AC0000000120/20261231_508AC0000000062
324AC0000000117,国家公務員宿舎法,20261231,防災庁設置法（令和八年法律第六十一号）の施行の日,防災庁設置法の施行に伴う関係法律の整備等に関する法律,令和八年法律第六十二号,令和八年七月十七日,20261231_508AC0000000062,https://laws.e-gov.go.jp/law/324AC0000000117/20261231_508AC0000000062
325AC0000000211,地方交付税法,20261231,防災庁設置法（令和八年法律第六十一号）の施行の日,防災庁設置法の施行に伴う関係法律の整備等に関する法律,令和八年法律第六十二号,令和八年七月十七日,20261231_508AC0000000062,https://laws.e-gov.go.jp/law/325AC0000000211/20261231_508AC0000000062
326AC0000000267,旅券法,20261231,防災庁設置法（令和八年法律第六十一号）の施行の日,防災庁設置法の施行に伴う関係法律の整備等に関する法律,令和八年法律第六十二号,令和八年七月十七日,20261231_508AC0000000062,https://laws.e-gov.go.jp/law/326AC0000000267/20261231_508AC0000000062
330AC1000000186,原子力基本法,20261231,防災庁設置法（令和八年法律第六十一号）の施行の日,防災庁設置法の施行に伴う関係法律の整備等に関する法律,令和八年法律第六十二号,令和八年七月十七日,20261231_508AC0000000062,https://laws.e-gov.go.jp/law/330AC1000000186/20261231_508AC0000000062
336AC0000000223,災害対策基本法,20261231,防災庁設置法（令和八年法律第六十一号）の施行の日,防災庁設置法の施行に伴う関係法律の整備等に関する法律,令和八年法律第六十二号,令和八年七月十七日,20261231_508AC0000000062,https://laws.e-gov.go.jp/law/336AC0000000223/20261231_508AC0000000062
341AC0000000099,行政相談委員法,20261231,防災庁設置法（令和八年法律第六十一号）の施行の日,防災庁設置法の施行に伴う関係法律の整備等に関する法律,令和八年法律第六十二号,令和八年七月十七日,20261231_508AC0000000062,https://laws.e-gov.go.jp/law/341AC0000000099/20261231_508AC0000000062
343AC1000000078,消費者基本法,20261231,防災庁設置法（令和八年法律第六十一号）の施行の日,防災庁設置法の施行に伴う関係法律の整備等に関する法律,令和八年法律第六十二号,令和八年七月十七日,20261231_508AC0000000062,https://laws.e-gov.go.jp/law/343AC1000000078/20261231_508AC0000000062
344AC0000000033,行政機関の職員の定員に関する法律,20261231,防災庁設置法（令和八年法律第六十一号）の施行の日,防災庁設置法の施行に伴う関係法律の整備等に関する法律,令和八年法律第六十二号,令和八年七月十七日,20261231_508AC0000000062,https://laws.e-gov.go.jp/law/344AC0000000033/20261231_508AC0000000062
345AC0000000110,交通安全対策基本法,20261231,防災庁設置法（令和八年法律第六十一号）の施行の日,防災庁設置法の施行に伴う関係法律の整備等に関する法律,令和八年法律第六十二号,令和八年七月十七日,20261231_508AC0000000062,https://laws.e-gov.go.jp/law/345AC0000000110/20261231_508AC0000000062
348AC0100000082,災害弔慰金の支給等に関する法律,20261231,防災庁設置法（令和八年法律第六十一号）の施行の日,防災庁設置法の施行に伴う関係法律の整備等に関する法律,令和八年法律第六十二号,令和八年七月十七日,20261231_508AC0000000062,https://laws.e-gov.go.jp/law/348AC0100000082/20261231_508AC0000000062
348AC1000000061,活動火山対策特別措置法,20261231,防災庁設置法（令和八年法律第六十一号）の施行の日,防災庁設置法の施行に伴う関係法律の整備等に関する法律,令和八年法律第六十二号,令和八年七月十七日,20261231_508AC0000000062,https://laws.e-gov.go.jp/law/348AC1000000061/20261231_508AC0000000062
353AC0000000073,大規模地震対策特別措置法,20261231,防災庁設置法（令和八年法律第六十一号）の施行の日,防災庁設置法の施行に伴う関係法律の整備等に関する法律,令和八年法律第六十二号,令和八年七月十七日,20261231_508AC0000000062,https://laws.e-gov.go.jp/law/353AC0000000073/20261231_508AC0000000062
355AC0000000036,犯罪被害者等給付金の支給等による犯罪被害者等の支援に関する法律,20261231,防災庁設置法（令和八年法律第六十一号）の施行の日,防災庁設置法の施行に伴う関係法律の整備等に関する法律,令和八年法律第六十二号,令和八年七月十七日,20261231_508AC0000000062,https://laws.e-gov.go.jp/law/355AC0000000036/20261231_508AC0000000062
362AC0000000093,国際緊急援助隊の派遣に関する法律,20261231,防災庁設置法（令和八年法律第六十一号）の施行の日,防災庁設置法の施行に伴う関係法律の整備等に関する法律,令和八年法律第六十二号,令和八年七月十七日,20261231_508AC0000000062,https://laws.e-gov.go.jp/law/362AC0000000093/20261231_508AC0000000062
363AC0000000083,多極分散型国土形成促進法,20261231,防災庁設置法（令和八年法律第六十一号）の施行の日,防災庁設置法の施行に伴う関係法律の整備等に関する法律,令和八年法律第六十二号,令和八年七月十七日,20261231_508AC0000000062,https://laws.e-gov.go.jp/law/363AC0000000083/20261231_508AC0000000062
404AC0000000079,国際連合平和維持活動等に対する協力に関する法律,20261231,防災庁設置法（令和八年法律第六十一号）の施行の日,防災庁設置法の施行に伴う関係法律の整備等に関する法律,令和八年法律第六十二号,令和八年七月十七日,20261231_508AC0000000062,https://laws.e-gov.go.jp/law/404AC0000000079/20261231_508AC0000000062
405AC0000000091,環境基本法,20261231,防災庁設置法（令和八年法律第六十一号）の施行の日,防災庁設置法の施行に伴う関係法律の整備等に関する法律,令和八年法律第六十二号,令和八年七月十七日,20261231_508AC0000000062,https://laws.e-gov.go.jp/law/405AC0000000091/20261231_508AC0000000062
407AC0100000129,高齢社会対策基本法,20261231,防災庁設置法（令和八年法律第六十一号）の施行の日,防災庁設置法の施行に伴う関係法律の整備等に関する法律,令和八年法律第六十二号,令和八年七月十七日,20261231_508AC0000000062,https://laws.e-gov.go.jp/law/407AC0100000129/20261231_508AC0000000062
408AC0000000085,特定非常災害の被害者の権利利益の保全等を図るための特別措置に関する法律,20261231,防災庁設置法（令和八年法律第六十一号）の施行の日,防災庁設置法の施行に伴う関係法律の整備等に関する法律,令和八年法律第六十二号,令和八年七月十七日,20261231_508AC0000000062,https://laws.e-gov.go.jp/law/408AC0000000085/20261231_508AC0000000062
409AC0000000065,一般職の任期付研究員の採用、給与及び勤務時間の特例に関する法律,20261231,防災庁設置法（令和八年法律第六十一号）の施行の日,防災庁設置法の施行に伴う関係法律の整備等に関する法律,令和八年法律第六十二号,令和八年七月十七日,20261231_508AC0000000062,https://laws.e-gov.go.jp/law/409AC0000000065/20261231_508AC0000000062
409AC0000000081,環境影響評価法,20261231,防災庁設置法（令和八年法律第六十一号）の施行の日,防災庁設置法の施行に伴う関係法律の整備等に関する法律,令和八年法律第六十二号,令和八年七月十七日,20261231_508AC0000000062,https://laws.e-gov.go.jp/law/409AC0000000081/20261231_508AC0000000062
410AC0100000066,被災者生活再建支援法,20261231,防災庁設置法（令和八年法律第六十一号）の施行の日,防災庁設置法の施行に伴う関係法律の整備等に関する法律,令和八年法律第六十二号,令和八年七月十七日,20261231_508AC0000000062,https://laws.e-gov.go.jp/law/410AC0100000066/20261231_508AC0000000062
411AC0000000042,行政機関の保有する情報の公開に関する法律,20261231,防災庁設置法（令和八年法律第六十一号）の施行の日,防災庁設置法の施行に伴う関係法律の整備等に関する法律,令和八年法律第六十二号,令和八年七月十七日,20261231_508AC0000000062,https://laws.e-gov.go.jp/law/411AC0000000042/20261231_508AC0000000062
411AC0000000060,重要影響事態に際して我が国の平和及び安全を確保するための措置に関する法律,20261231,防災庁設置法（令和八年法律第六十一号）の施行の日,防災庁設置法の施行に伴う関係法律の整備等に関する法律,令和八年法律第六十二号,令和八年七月十七日,20261231_508AC0000000062,https://laws.e-gov.go.jp/law/411AC0000000060/20261231_508AC0000000062
411AC0000000089,内閣府設置法,20261231,防災庁設置法（令和八年法律第六十一号）の施行の日,防災庁設置法の施行に伴う関係法律の整備等に関する法律,令和八年法律第六十二号,令和八年七月十七日,20261231_508AC0000000062,https://laws.e-gov.go.jp/law/411AC0000000089/20261231_508AC0000000062
411AC0000000091,総務省設置法,20261231,防災庁設置法（令和八年法律第六十一号）の施行の日,防災庁設置法の施行に伴う関係法律の整備等に関する法律,令和八年法律第六十二号,令和八年七月十七日,20261231_508AC0000000062,https://laws.e-gov.go.jp/law/411AC0000000091/20261231_508AC0000000062
411AC0000000156,原子力災害対策特別措置法,20261231,防災庁設置法（令和八年法律第六十一号）の施行の日,防災庁設置法の施行に伴う関係法律の整備等に関する法律,令和八年法律第六十二号,令和八年七月十七日,20261231_508AC0000000062,https://laws.e-gov.go.jp/law/411AC0000000156/20261231_508AC0000000062
413AC0000000086,行政機関が行う政策の評価に関する法律,20261231,防災庁設置法（令和八年法律第六十一号）の施行の日,防災庁設置法の施行に伴う関係法律の整備等に関する法律,令和八年法律第六十二号,令和八年七月十七日,20261231_508AC0000000062,https://laws.e-gov.go.jp/law/413AC0000000086/20261231_508AC0000000062
414AC0000000151,情報通信技術を活用した行政の推進等に関する法律,20261231,防災庁設置法（令和八年法律第六十一号）の施行の日,防災庁設置法の施行に伴う関係法律の整備等に関する法律,令和八年法律第六十二号,令和八年七月十七日,20261231_508AC0000000062,https://laws.e-gov.go.jp/law/414AC0000000151/20261231_508AC0000000062
414AC0000000189,構造改革特別区域法,20261231,防災庁設置法（令和八年法律第六十一号）の施行の日,防災庁設置法の施行に伴う関係法律の整備等に関する法律,令和八年法律第六十二号,令和八年七月十七日,20261231_508AC0000000062,https://laws.e-gov.go.jp/law/414AC0000000189/20261231_508AC0000000062
414AC1000000092,南海トラフ地震に係る地震防災対策の推進に関する特別措置法,20261231,防災庁設置法（令和八年法律第六十一号）の施行の日,防災庁設置法の施行に伴う関係法律の整備等に関する法律,令和八年法律第六十二号,令和八年七月十七日,20261231_508AC0000000062,https://laws.e-gov.go.jp/law/414AC1000000092/20261231_508AC0000000062
415AC0000000057,個人情報の保護に関する法律,20261231,防災庁設置法（令和八年法律第六十一号）の施行の日,防災庁設置法の施行に伴う関係法律の整備等に関する法律,令和八年法律第六十二号,令和八年七月十七日,20261231_508AC0000000062,https://laws.e-gov.go.jp/law/415AC0000000057/20261231_508AC0000000062
415AC0000000079,武力攻撃事態等及び存立危機事態における我が国の平和と独立並びに国及び国民の安全の確保に関する法律,20261231,防災庁設置法（令和八年法律第六十一号）の施行の日,防災庁設置法の施行に伴う関係法律の整備等に関する法律,令和八年法律第六十二号,令和八年七月十七日,20261231_508AC0000000062,https://laws.e-gov.go.jp/law/415AC0000000079/20261231_508AC0000000062
416AC0000000112,武力攻撃事態等における国民の保護のための措置に関する法律,20261231,防災庁設置法（令和八年法律第六十一号）の施行の日,防災庁設置法の施行に伴う関係法律の整備等に関する法律,令和八年法律第六十二号,令和八年七月十七日,20261231_508AC0000000062,https://laws.e-gov.go.jp/law/416AC0000000112/20261231_508AC0000000062
416AC0000000122,公益通報者保護法,20261231,防災庁設置法（令和八年法律第六十一号）の施行の日,防災庁設置法の施行に伴う関係法律の整備等に関する法律,令和八年法律第六十二号,令和八年七月十七日,20261231_508AC0000000062,https://laws.e-gov.go.jp/law/416AC0000000122/20261231_508AC0000000062
416AC0000000149,民間事業者等が行う書面の保存等における情報通信の技術の利用に関する法律,20261231,防災庁設置法（令和八年法律第六十一号）の施行の日,防災庁設置法の施行に伴う関係法律の整備等に関する法律,令和八年法律第六十二号,令和八年七月十七日,20261231_508AC0000000062,https://laws.e-gov.go.jp/law/416AC0000000149/20261231_508AC0000000062
416AC1000000027,日本海溝・千島海溝周辺海溝型地震に係る地震防災対策の推進に関する特別措置法,20261231,防災庁設置法（令和八年法律第六十一号）の施行の日,防災庁設置法の施行に伴う関係法律の整備等に関する法律,令和八年法律第六十二号,令和八年七月十七日,20261231_508AC0000000062,https://laws.e-gov.go.jp/law/416AC1000000027/20261231_508AC0000000062
418AC0000000051,競争の導入による公共サービスの改革に関する法律,20261231,防災庁設置法（令和八年法律第六十一号）の施行の日,防災庁設置法の施行に伴う関係法律の整備等に関する法律,令和八年法律第六十二号,令和八年七月十七日,20261231_508AC0000000062,https://laws.e-gov.go.jp/law/418AC0000000051/20261231_508AC0000000062
418AC0000000116,道州制特別区域における広域行政の推進に関する法律,20261231,防災庁設置法（令和八年法律第六十一号）の施行の日,防災庁設置法の施行に伴う関係法律の整備等に関する法律,令和八年法律第六十二号,令和八年七月十七日,20261231_508AC0000000062,https://laws.e-gov.go.jp/law/418AC0000000116/20261231_508AC0000000062
420AC0100000063,科学技術・イノベーション創出の活性化に関する法律,20261231,防災庁設置法（令和八年法律第六十一号）の施行の日,防災庁設置法の施行に伴う関係法律の整備等に関する法律,令和八年法律第六十二号,令和八年七月十七日,20261231_508AC0000000062,https://laws.e-gov.go.jp/law/420AC0100000063/20261231_508AC0000000062
420AC1000000080,オウム真理教犯罪被害者等を救済するための給付金の支給に関する法律,20261231,防災庁設置法（令和八年法律第六十一号）の施行の日,防災庁設置法の施行に伴う関係法律の整備等に関する法律,令和八年法律第六十二号,令和八年七月十七日,20261231_508AC0000000062,https://laws.e-gov.go.jp/law/420AC1000000080/20261231_508AC0000000062
421AC0000000066,公文書等の管理に関する法律,20261231,防災庁設置法（令和八年法律第六十一号）の施行の日,防災庁設置法の施行に伴う関係法律の整備等に関する法律,令和八年法律第六十二号,令和八年七月十七日,20261231_508AC0000000062,https://laws.e-gov.go.jp/law/421AC0000000066/20261231_508AC0000000062
423AC0000000081,総合特別区域法,20261231,防災庁設置法（令和八年法律第六十一号）の施行の日,防災庁設置法の施行に伴う関係法律の整備等に関する法律,令和八年法律第六十二号,令和八年七月十七日,20261231_508AC0000000062,https://laws.e-gov.go.jp/law/423AC0000000081/20261231_508AC0000000062
423AC0000000122,東日本大震災復興特別区域法,20261231,防災庁設置法（令和八年法律第六十一号）の施行の日,防災庁設置法の施行に伴う関係法律の整備等に関する法律,令和八年法律第六十二号,令和八年七月十七日,20261231_508AC0000000062,https://laws.e-gov.go.jp/law/423AC0000000122/20261231_508AC0000000062
423AC0000000123,津波防災地域づくりに関する法律,20261231,防災庁設置法（令和八年法律第六十一号）の施行の日,防災庁設置法の施行に伴う関係法律の整備等に関する法律,令和八年法律第六十二号,令和八年七月十七日,20261231_508AC0000000062,https://laws.e-gov.go.jp/law/423AC0000000123/20261231_508AC0000000062
423AC0000000125,復興庁設置法,20261231,防災庁設置法（令和八年法律第六十一号）の施行の日,防災庁設置法の施行に伴う関係法律の整備等に関する法律,令和八年法律第六十二号,令和八年七月十七日,20261231_508AC0000000062,https://laws.e-gov.go.jp/law/423AC0000000125/20261231_508AC0000000062
423AC0100000113,株式会社東日本大震災事業者再生支援機構法,20261231,防災庁設置法（令和八年法律第六十一号）の施行の日,防災庁設置法の施行に伴う関係法律の整備等に関する法律,令和八年法律第六十二号,令和八年七月十七日,20261231_508AC0000000062,https://laws.e-gov.go.jp/law/423AC0100000113/20261231_508AC0000000062
424AC0000000025,福島復興再生特別措置法,20261231,防災庁設置法（令和八年法律第六十一号）の施行の日,防災庁設置法の施行に伴う関係法律の整備等に関する法律,令和八年法律第六十二号,令和八年七月十七日,20261231_508AC0000000062,https://laws.e-gov.go.jp/law/424AC0000000025/20261231_508AC0000000062
424AC0000000031,新型インフルエンザ等対策特別措置法,20261231,防災庁設置法（令和八年法律第六十一号）の施行の日,防災庁設置法の施行に伴う関係法律の整備等に関する法律,令和八年法律第六十二号,令和八年七月十七日,20261231_508AC0000000062,https://laws.e-gov.go.jp/law/424AC0000000031/20261231_508AC0000000062
425AC0000000055,大規模災害からの復興に関する法律,20261231,防災庁設置法（令和八年法律第六十一号）の施行の日,防災庁設置法の施行に伴う関係法律の整備等に関する法律,令和八年法律第六十二号,令和八年七月十七日,20261231_508AC0000000062,https://laws.e-gov.go.jp/law/425AC0000000055/20261231_508AC0000000062
425AC0000000065,障害を理由とする差別の解消の推進に関する法律,20261231,防災庁設置法（令和八年法律第六十一号）の施行の日,防災庁設置法の施行に伴う関係法律の整備等に関する法律,令和八年法律第六十二号,令和八年七月十七日,20261231_508AC0000000062,https://laws.e-gov.go.jp/law/425AC0000000065/20261231_508AC0000000062
425AC0000000098,産業競争力強化法,20261231,防災庁設置法（令和八年法律第六十一号）の施行の日,防災庁設置法の施行に伴う関係法律の整備等に関する法律,令和八年法律第六十二号,令和八年七月十七日,20261231_508AC0000000062,https://laws.e-gov.go.jp/law/425AC0000000098/20261231_508AC0000000062
425AC0000000107,国家戦略特別区域法,20261231,防災庁設置法（令和八年法律第六十一号）の施行の日,防災庁設置法の施行に伴う関係法律の整備等に関する法律,令和八年法律第六十二号,令和八年七月十七日,20261231_508AC0000000062,https://laws.e-gov.go.jp/law/425AC0000000107/20261231_508AC0000000062
425AC0000000108,特定秘密の保護に関する法律,20261231,防災庁設置法（令和八年法律第六十一号）の施行の日,防災庁設置法の施行に伴う関係法律の整備等に関する法律,令和八年法律第六十二号,令和八年七月十七日,20261231_508AC0000000062,https://laws.e-gov.go.jp/law/425AC0000000108/20261231_508AC0000000062
425AC1000000088,首都直下地震対策特別措置法,20261231,防災庁設置法（令和八年法律第六十一号）の施行の日,防災庁設置法の施行に伴う関係法律の整備等に関する法律,令和八年法律第六十二号,令和八年七月十七日,20261231_508AC0000000062,https://laws.e-gov.go.jp/law/425AC1000000088/20261231_508AC0000000062
428AC1000000073,国外犯罪被害弔慰金等の支給に関する法律,20261231,防災庁設置法（令和八年法律第六十一号）の施行の日,防災庁設置法の施行に伴う関係法律の整備等に関する法律,令和八年法律第六十二号,令和八年七月十七日,20261231_508AC0000000062,https://laws.e-gov.go.jp/law/428AC1000000073/20261231_508AC0000000062
503AC0000000036,デジタル庁設置法,20261231,防災庁設置法（令和八年法律第六十一号）の施行の日,防災庁設置法の施行に伴う関係法律の整備等に関する法律,令和八年法律第六十二号,令和八年七月十七日,20261231_508AC0000000062,https://laws.e-gov.go.jp/law/503AC0000000036/20261231_508AC0000000062
504AC0000000039,情報通信技術を利用する方法による国の歳入等の納付に関する法律,20261231,防災庁設置法（令和八年法律第六十一号）の施行の日,防災庁設置法の施行に伴う関係法律の整備等に関する法律,令和八年法律第六十二号,令和八年七月十七日,20261231_508AC0000000062,https://laws.e-gov.go.jp/law/504AC0000000039/20261231_508AC0000000062
505AC0000000085,官報の発行に関する法律,20261231,防災庁設置法（令和八年法律第六十一号）の施行の日,防災庁設置法の施行に伴う関係法律の整備等に関する法律,令和八年法律第六十二号,令和八年七月十七日,20261231_508AC0000000062,https://laws.e-gov.go.jp/law/505AC0000000085/20261231_508AC0000000062
506AC0000000027,重要経済安保情報の保護及び活用に関する法律,20261231,防災庁設置法（令和八年法律第六十一号）の施行の日,防災庁設置法の施行に伴う関係法律の整備等に関する法律,令和八年法律第六十二号,令和八年七月十七日,20261231_508AC0000000062,https://laws.e-gov.go.jp/law/506AC0000000027/20261231_508AC0000000062
506AC0000000061,食料供給困難事態対策法,20261231,防災庁設置法（令和八年法律第六十一号）の施行の日,防災庁設置法の施行に伴う関係法律の整備等に関する法律,令和八年法律第六十二号,令和八年七月十七日,20261231_508AC0000000062,https://laws.e-gov.go.jp/law/506AC0000000061/20261231_508AC0000000062
508AC0000000061,防災庁設置法,20261231,令和八年十二月三十一日までの間において政令で定める日,,,令和八年七月十七日,20261231_000000000000000,https://laws.e-gov.go.jp/law/508AC0000000061/20261231_000000000000000
322AC0000000067,地方自治法,20270101,,政治資金規正法等の一部を改正する法律,令和七年法律第二号,令和七年一月八日,20270101_507AC1000000002,https://laws.e-gov.go.jp/law/322AC0000000067/20270101_507AC1000000002
323AC1000000194,政治資金規正法,20270101,,政治資金規正法の一部を改正する法律,令和六年法律第六十四号,令和六年六月二十六日,20270101_506AC1000000064,https://laws.e-gov.go.jp/law/323AC1000000194/20270101_506AC1000000064
323AC1000000194,政治資金規正法,20270101,,政治資金規正法等の一部を改正する法律,令和七年法律第二号,令和七年一月八日,20270101_507AC1000000002,https://laws.e-gov.go.jp/law/323AC1000000194/20270101_507AC1000000002
325AC0000000073,相続税法,20270101,,所得税法等の一部を改正する法律,令和五年法律第三号,令和五年三月三十一日,20270101_505AC0000000003,https://laws.e-gov.go.jp/law/325AC0000000073/20270101_505AC0000000003
325AC0000000073,相続税法,20270101,,所得税法等の一部を改正する法律,令和六年法律第八号,令和六年三月三十日,20270101_506AC0000000008,https://laws.e-gov.go.jp/law/325AC0000000073/20270101_506AC0000000008
325AC0000000226,地方税法,20270101,,地方税法等の一部を改正する法律,令和六年法律第四号,令和六年三月三十日,20270101_506AC0000000004,https://laws.e-gov.go.jp/law/325AC0000000226/20270101_506AC0000000004
325AC0000000226,地方税法,20270101,,地方税法及び地方税法等の一部を改正する法律の一部を改正する法律,令和七年法律第七号,令和七年三月三十一日,20270101_507AC0000000007,https://laws.e-gov.go.jp/law/325AC0000000226/20270101_507AC0000000007
325AC0000000226,地方税法,20270101,,地方税法等の一部を改正する法律,令和八年法律第二号,令和八年三月三十一日,20270101_508AC0000000002,https://laws.e-gov.go.jp/law/325AC0000000226/20270101_508AC0000000002
325CO0000000245,地方税法施行令,20270101,,地方税法施行令の一部を改正する政令,令和六年政令第百三十八号,令和六年三月三十日,20270101_506CO0000000138,https://laws.e-gov.go.jp/law/325CO0000000245/20270101_506CO0000000138
325CO0000000245,地方税法施行令,20270101,,地方税法施行令及び国有資産等所在市町村交付金法施行令の一部を改正する政令,令和七年政令第百十九号,令和七年三月三十一日,20270101_507CO0000000119,https://laws.e-gov.go.jp/law/325CO0000000245/20270101_507CO0000000119
325CO0000000245,地方税法施行令,20270101,,地方税法施行令等の一部を改正する政令,令和八年政令第八十三号,令和八年三月三十一日,20270101_508CO0000000083,https://laws.e-gov.go.jp/law/325CO0000000245/20270101_508CO0000000083
325M50000100021,生活保護法施行規則,20270101,,がん登録等の推進に関する法律施行規則等の一部を改正する省令,令和八年厚生労働省令第十五号,令和八年二月十九日,20270101_508M60000100015,https://laws.e-gov.go.jp/law/325M50000100021/20270101_508M60000100015
326M50000800071,自動車整備士技能検定規則,20270101,,自動車整備士技能検定規則等の一部を改正する省令,令和四年国土交通省令第四十六号,令和四年五月二十五日,20270101_504M60000800046,https://laws.e-gov.go.jp/law/326M50000800071/20270101_504M60000800046
326M50000800074,道路運送車両法施行規則,20270101,,自動車整備士技能検定規則等の一部を改正する省令,令和四年国土交通省令第四十六号,令和四年五月二十五日,20270101_504M60000800046,https://laws.e-gov.go.jp/law/326M50000800074/20270101_504M60000800046
326M50010000035,家畜伝染病予防法施行規則,20270101,,家畜伝染病予防法施行規則等の一部を改正する等の省令,令和八年農林水産省令第四十七号,令和八年六月二十九日,20270101_508M60000200047,https://laws.e-gov.go.jp/law/326M50010000035/20270101_508M60000200047
329AC0000000061,関税法,20270101,,関税定率法等の一部を改正する法律,令和七年法律第十六号,令和七年三月三十一日,20270101_507AC0000000016,https://laws.e-gov.go.jp/law/329AC0000000061/20270101_507AC0000000016
329CO0000000051,国税収納金整理資金に関する法律施行令,20270101,,国税収納金整理資金に関する法律施行令の一部を改正する政令,令和八年政令第百九号,令和八年三月三十一日,20270101_508CO0000000109,https://laws.e-gov.go.jp/law/329CO0000000051/20270101_508CO0000000109
329M50000002023,地方税法施行規則,20270101,,地方税法施行規則の一部を改正する省令,令和五年総務省令第三十七号,令和五年三月三十一日,20270101_505M60000008037,https://laws.e-gov.go.jp/law/329M50000002023/20270101_505M60000008037
329M50000002023,地方税法施行規則,20270101,,地方税法施行規則等の一部を改正する省令,令和七年総務省令第六十七号,令和七年七月二十二日,20270101_507M60000008067,https://laws.e-gov.go.jp/law/329M50000002023/20270101_507M60000008067
329M50000002023,地方税法施行規則,20270101,,地方税法施行規則及び地方税法施行規則の一部を改正する等の省令の一部を改正する省令,令和八年総務省令第四十四号,令和八年三月三十一日,20270101_508M60000008044,https://laws.e-gov.go.jp/law/329M50000002023/20270101_508M60000008044
329M50000002023,地方税法施行規則,20270101,,地方税法施行規則の一部を改正する省令,令和八年総務省令第八十九号,令和八年七月二十一日,20270101_508M60000008089,https://laws.e-gov.go.jp/law/329M50000002023/20270101_508M60000008089
332AC0000000026,租税特別措置法,20270101,,所得税法等の一部を改正する法律,令和六年法律第八号,令和六年三月三十日,20270101_506AC0000000008,https://laws.e-gov.go.jp/law/332AC0000000026/20270101_506AC0000000008
332AC0000000026,租税特別措置法,20270101,,所得税法等の一部を改正する法律,令和七年法律第十三号,令和七年三月三十一日,20270101_507AC0000000013,https://laws.e-gov.go.jp/law/332AC0000000026/20270101_507AC0000000013
332AC0000000026,租税特別措置法,20270101,,所得税法等の一部を改正する法律,令和八年法律第十二号,令和八年三月三十一日,20270101_508AC0000000012,https://laws.e-gov.go.jp/law/332AC0000000026/20270101_508AC0000000012
332CO0000000043,租税特別措置法施行令,20270101,,租税特別措置法施行令の一部を改正する政令,令和七年政令第百二十七号,令和七年三月三十一日,20270101_507CO0000000127,https://laws.e-gov.go.jp/law/332CO0000000043/20270101_507CO0000000127
332CO0000000043,租税特別措置法施行令,20270101,,租税特別措置法施行令の一部を改正する政令,令和八年政令第九十八号,令和八年三月三十一日,20270101_508CO0000000098,https://laws.e-gov.go.jp/law/332CO0000000043/20270101_508CO0000000098
332M50000040015,租税特別措置法施行規則,20270101,,租税特別措置法施行規則等の一部を改正する省令,令和七年財務省令第二十六号,令和七年三月三十一日,20270101_507M60000040026,https://laws.e-gov.go.jp/law/332M50000040015/20270101_507M60000040026
332M50000040015,租税特別措置法施行規則,20270101,,租税特別措置法施行規則等の一部を改正する省令,令和八年財務省令第二十一号,令和八年三月三十一日,20270101_508M60000040021,https://laws.e-gov.go.jp/law/332M50000040015/20270101_508M60000040021
337M50000800049,指定自動車整備事業規則,20270101,,自動車整備士技能検定規則等の一部を改正する省令,令和四年国土交通省令第四十六号,令和四年五月二十五日,20270101_504M60000800046,https://laws.e-gov.go.jp/law/337M50000800049/20270101_504M60000800046
340AC0000000033,所得税法,20270101,,所得税法等の一部を改正する法律,令和五年法律第三号,令和五年三月三十一日,20270101_505AC0000000003,https://laws.e-gov.go.jp/law/340AC0000000033/20270101_505AC0000000003
340AC0000000033,所得税法,20270101,,所得税法等の一部を改正する法律,令和六年法律第八号,令和六年三月三十日,20270101_506AC0000000008,https://laws.e-gov.go.jp/law/340AC0000000033/20270101_506AC0000000008
340AC0000000033,所得税法,20270101,,所得税法等の一部を改正する法律,令和七年法律第十三号,令和七年三月三十一日,20270101_507AC0000000013,https://laws.e-gov.go.jp/law/340AC0000000033/20270101_507AC0000000013
340AC0000000033,所得税法,20270101,,所得税法等の一部を改正する法律,令和八年法律第十二号,令和八年三月三十一日,20270101_508AC0000000012,https://laws.e-gov.go.jp/law/340AC0000000033/20270101_508AC0000000012
340AC0000000034,法人税法,20270101,,所得税法等の一部を改正する法律,令和八年法律第十二号,令和八年三月三十一日,20270101_508AC0000000012,https://laws.e-gov.go.jp/law/340AC0000000034/20270101_508AC0000000012
340CO0000000096,所得税法施行令,20270101,,所得税法施行令の一部を改正する政令,令和八年政令第九十三号,令和八年三月三十一日,20270101_508CO0000000093,https://laws.e-gov.go.jp/law/340CO0000000096/20270101_508CO0000000093
340M50000040011,所得税法施行規則,20270101,,所得税法施行規則の一部を改正する省令,令和五年財務省令第十二号,令和五年三月三十一日,20270101_505M60000040012,https://laws.e-gov.go.jp/law/340M50000040011/20270101_505M60000040012
340M50000040011,所得税法施行規則,20270101,,所得税法施行規則の一部を改正する省令,令和七年財務省令第十八号,令和七年三月三十一日,20270101_507M60000040018,https://laws.e-gov.go.jp/law/340M50000040011/20270101_507M60000040018
340M50000040011,所得税法施行規則,20270101,,所得税法施行規則の一部を改正する省令,令和八年財務省令第十七号,令和八年三月三十一日,20270101_508M60000040017,https://laws.e-gov.go.jp/law/340M50000040011/20270101_508M60000040017
340M50000040012,法人税法施行規則,20270101,,法人税法施行規則の一部を改正する省令,令和八年財務省令第三十九号,令和八年四月十四日,20270101_508M60000040039,https://laws.e-gov.go.jp/law/340M50000040012/20270101_508M60000040039
340M50000040049,国税質問検査章規則,20270101,,国税質問検査章規則の一部を改正する省令,令和八年財務省令第二十八号,令和八年三月三十一日,20270101_508M60000040028,https://laws.e-gov.go.jp/law/340M50000040049/20270101_508M60000040028
341M50000040055,関税法施行規則,20270101,,関税法施行規則の一部を改正する省令,令和七年財務省令第六十四号,令和七年十月一日,20270101_507M60000040064,https://laws.e-gov.go.jp/law/341M50000040055/20270101_507M60000040064
344AC0000000046,租税条約等の実施に伴う所得税法、法人税法及び地方税法の特例等に関する法律,20270101,,所得税法等の一部を改正する法律,令和八年法律第十二号,令和八年三月三十一日,20270101_508AC0000000012,https://laws.e-gov.go.jp/law/344AC0000000046/20270101_508AC0000000012
344M50002000024,職業能力開発促進法施行規則,20270101,,職業能力開発促進法施行規則の一部を改正する省令,令和六年厚生労働省令第百十七号,令和六年八月二十九日,20270101_506M60000100117,https://laws.e-gov.go.jp/law/344M50002000024/20270101_506M60000100117
347AC0000000057,労働安全衛生法,20270101,,労働安全衛生法及び作業環境測定法の一部を改正する法律,令和七年法律第三十三号,令和七年五月十四日,20270101_507AC0000000033,https://laws.e-gov.go.jp/law/347AC0000000057/20270101_507AC0000000033
347M50002000032,労働安全衛生規則,20270101,,労働安全衛生規則及び労働者派遣事業の適正な運営の確保及び派遣労働者の保護等に関する法律施行規則の一部を改正する省令,令和七年厚生労働省令第百二十号,令和七年十二月九日,20270101_507M60000100120,https://laws.e-gov.go.jp/law/347M50002000032/20270101_507M60000100120
350CO0000000277,政治資金規正法施行令,20270101,,政治資金規正法施行令等の一部を改正する政令,令和七年政令第二百九十三号,令和七年八月十四日,20270101_507CO0000000293,https://laws.e-gov.go.jp/law/350CO0000000277/20270101_507CO0000000293
350M50000008017,政治資金規正法施行規則,20270101,,政治資金規正法施行規則の一部を改正する省令,令和七年総務省令第八十一号,令和七年八月十四日,20270101_507M60000008081,https://laws.e-gov.go.jp/law/350M50000008017/20270101_507M60000008081
352CO0000000220,電子情報処理組織による輸出入等関連業務の処理等に関する法律施行令,20270101,,関税定率法等の一部を改正する法律の施行に伴う関係政令の整備等に関する政令,令和八年政令第八十五号,令和八年三月三十一日,20270101_508CO0000000085,https://laws.e-gov.go.jp/law/352CO0000000220/20270101_508CO0000000085
357M50000002006,小売物価統計調査規則,20270101,,小売物価統計調査規則の一部を改正する省令,令和七年総務省令第百五号,令和七年十一月二十八日,20270101_507M60000008105,https://laws.e-gov.go.jp/law/357M50000002006/20270101_507M60000008105
357M50000040030,国債の発行等に関する省令,20270101,,国債の発行等に関する省令の一部を改正する省令,令和八年財務省令第四十七号,令和八年六月二十九日,20270101_508M60000040047,https://laws.e-gov.go.jp/law/357M50000040030/20270101_508M60000040047
359M50000002005,技術士法施行規則,20270101,,技術士法施行規則の一部を改正する省令,令和八年文部科学省令第二十六号,令和八年七月二十三日,20270101_508M60000080026,https://laws.e-gov.go.jp/law/359M50000002005/20270101_508M60000080026
360AC0000000088,労働者派遣事業の適正な運営の確保及び派遣労働者の保護等に関する法律,20270101,,労働安全衛生法及び作業環境測定法の一部を改正する法律,令和七年法律第三十三号,令和七年五月十四日,20270101_507AC0000000033,https://laws.e-gov.go.jp/law/360AC0000000088/20270101_507AC0000000033
361M50002000020,労働者派遣事業の適正な運営の確保及び派遣労働者の保護等に関する法律施行規則,20270101,,労働安全衛生規則及び労働者派遣事業の適正な運営の確保及び派遣労働者の保護等に関する法律施行規則の一部を改正する省令,令和七年厚生労働省令第百二十号,令和七年十二月九日,20270101_507M60000100120,https://laws.e-gov.go.jp/law/361M50002000020/20270101_507M60000100120
363AC0000000108,消費税法,20270101,,所得税法等の一部を改正する法律,令和七年法律第十三号,令和七年三月三十一日,20270101_507AC0000000013,https://laws.e-gov.go.jp/law/363AC0000000108/20270101_507AC0000000013
363M50000040053,消費税法施行規則,20270101,,消費税法施行規則の一部を改正する省令,令和七年財務省令第二十二号,令和七年三月三十一日,20270101_507M60000040022,https://laws.e-gov.go.jp/law/363M50000040053/20270101_507M60000040022
401AC0000000064,地域における医療及び介護の総合的な確保の促進に関する法律,20270101,,健康保険法等の一部を改正する法律,令和八年法律第三十一号,令和八年六月五日,20270101_508AC0000000031,https://laws.e-gov.go.jp/law/401AC0000000064/20270101_508AC0000000031
401M50000100034,地域における医療及び介護の総合的な確保の促進に関する法律施行規則,20270101,,がん登録等の推進に関する法律施行規則等の一部を改正する省令,令和八年厚生労働省令第十五号,令和八年二月十九日,20270101_508M60000100015,https://laws.e-gov.go.jp/law/401M50000100034/20270101_508M60000100015
409AC0000000110,内国税の適正な課税の確保を図るための国外送金等に係る調書の提出等に関する法律,20270101,,所得税法等の一部を改正する法律,令和六年法律第八号,令和六年三月三十日,20270101_506AC0000000008,https://laws.e-gov.go.jp/law/409AC0000000110/20270101_506AC0000000008
410AC0000000025,電子計算機を使用して作成する国税関係帳簿書類の保存方法等の特例に関する法律,20270101,,所得税法等の一部を改正する法律,令和七年法律第十三号,令和七年三月三十一日,20270101_507AC0000000013,https://laws.e-gov.go.jp/law/410AC0000000025/20270101_507AC0000000013
410M50000040043,電子計算機を使用して作成する国税関係帳簿書類の保存方法等の特例に関する法律施行規則,20270101,,電子計算機を使用して作成する国税関係帳簿書類の保存方法等の特例に関する法律施行規則の一部を改正する省令,令和七年財務省令第二十八号,令和七年三月三十一日,20270101_507M60000040028,https://laws.e-gov.go.jp/law/410M50000040043/20270101_507M60000040028
412CO0000000250,財務省組織令,20270101,,防衛特別所得税に関する政令,令和八年政令第百六号,令和八年三月三十一日,20270101_508CO0000000106,https://laws.e-gov.go.jp/law/412CO0000000250/20270101_508CO0000000106
412M50000400411,弁理士法施行規則,20270101,,弁理士法施行規則の一部を改正する省令,令和七年経済産業省令第七十五号,令和七年十一月二十五日,20270101_507M60000400075,https://laws.e-gov.go.jp/law/412M50000400411/20270101_507M60000400075
423AC0000000117,東日本大震災からの復興のための施策を実施するために必要な財源の確保に関する特別措置法,20270101,,所得税法等の一部を改正する法律,令和八年法律第十二号,令和八年三月三十一日,20270101_508AC0000000012,https://laws.e-gov.go.jp/law/423AC0000000117/20270101_508AC0000000012
424CO0000000016,復興特別所得税に関する政令,20270101,,復興特別所得税に関する政令の一部を改正する政令,令和八年政令第百三号,令和八年三月三十一日,20270101_508CO0000000103,https://laws.e-gov.go.jp/law/424CO0000000016/20270101_508CO0000000103
424M60000040006,復興特別所得税に関する省令,20270101,,復興特別所得税に関する省令の一部を改正する省令,令和八年財務省令第二十五号,令和八年三月三十一日,20270101_508M60000040025,https://laws.e-gov.go.jp/law/424M60000040006/20270101_508M60000040025
425AC0000000027,行政手続における特定の個人を識別するための番号の利用等に関する法律,20270101,,所得税法等の一部を改正する法律,令和八年法律第十二号,令和八年三月三十一日,20270101_508AC0000000012,https://laws.e-gov.go.jp/law/425AC0000000027/20270101_508AC0000000012
426M6000000A005,行政手続における特定の個人を識別するための番号の利用等に関する法律別表の主務省令で定める事務を定める命令,20270101,,行政手続における特定の個人を識別するための番号の利用等に関する法律別表の主務省令で定める事務を定める命令及び行政手続における特定の個人を識別するための番号の利用等に関する法律第十九条第八号に基づく利用特定個人情報の提供に関する命令の一部を改正する命令,令和八年デジタル庁・総務省令第十九号,令和八年六月二十六日,20270101_508M60004008019,https://laws.e-gov.go.jp/law/426M6000000A005/20270101_508M60004008019
426M60000800013,総合特別区域法に基づく道路運送車両法の特例に関する省令,20270101,,自動車整備士技能検定規則等の一部を改正する省令,令和四年国土交通省令第四十六号,令和四年五月二十五日,20270101_504M60000800046,https://laws.e-gov.go.jp/law/426M60000800013/20270101_504M60000800046
427CO0000000378,水銀による環境の汚染の防止に関する法律施行令,20270101,,水銀による環境の汚染の防止に関する法律施行令の一部を改正する政令,令和六年政令第四百二号,令和六年十二月二十七日,20270101_506CO0000000402,https://laws.e-gov.go.jp/law/427CO0000000378/20270101_506CO0000000402
427M60000100137,がん登録等の推進に関する法律施行規則,20270101,,がん登録等の推進に関する法律施行規則等の一部を改正する省令,令和八年厚生労働省令第十五号,令和八年二月十九日,20270101_508M60000100015,https://laws.e-gov.go.jp/law/427M60000100137/20270101_508M60000100015
505AC0000000069,我が国の防衛力の抜本的な強化等のために必要な財源の確保に関する特別措置法,20270101,,所得税法等の一部を改正する法律,令和八年法律第十二号,令和八年三月三十一日,20270101_508AC0000000012,https://laws.e-gov.go.jp/law/505AC0000000069/20270101_508AC0000000012
506M60004008009,行政手続における特定の個人を識別するための番号の利用等に関する法律第十九条第八号に基づく利用特定個人情報の提供に関する命令,20270101,,行政手続における特定の個人を識別するための番号の利用等に関する法律別表の主務省令で定める事務を定める命令及び行政手続における特定の個人を識別するための番号の利用等に関する法律第十九条第八号に基づく利用特定個人情報の提供に関する命令の一部を改正する命令,令和八年デジタル庁・総務省令第十九号,令和八年六月二十六日,20270101_508M60004008019,https://laws.e-gov.go.jp/law/506M60004008009/20270101_508M60004008019
507CO0000000134,防衛特別法人税に関する政令,20270101,,防衛特別法人税に関する政令の一部を改正する政令,令和八年政令第百五号,令和八年三月三十一日,20270101_508CO0000000105,https://laws.e-gov.go.jp/law/507CO0000000134/20270101_508CO0000000105
329AC0000000165,自衛隊法,20270102,公布の日から起算して六月を超えない範囲内において政令で定める日,防衛省設置法等の一部を改正する法律,令和八年法律第五十三号,令和八年七月三日,20270102_508AC0000000053,https://laws.e-gov.go.jp/law/329AC0000000165/20270102_508AC0000000053
324AC0000000228,外国為替及び外国貿易法,20270104,,外国為替及び外国貿易法の一部を改正する法律,令和八年法律第三十号,令和八年六月五日,20270104_508AC0000000030,https://laws.e-gov.go.jp/law/324AC0000000228/20270104_508AC0000000030
348AC1000000105,動物の愛護及び管理に関する法律,20270104,,外国為替及び外国貿易法の一部を改正する法律,令和八年法律第三十号,令和八年六月五日,20270104_508AC0000000030,https://laws.e-gov.go.jp/law/348AC1000000105/20270104_508AC0000000030
351M50010000035,飼料及び飼料添加物の成分規格等に関する省令,20270106,,飼料及び飼料添加物の成分規格等に関する省令の一部を改正する省令,令和八年農林水産省令第一号,令和八年一月六日,20270106_508M60000200001,https://laws.e-gov.go.jp/law/351M50010000035/20270106_508M60000200001
415AC0000000057,個人情報の保護に関する法律,20270117,,個人情報の保護に関する法律等の一部を改正する法律,令和八年法律第五十六号,令和八年七月十七日,20270117_508AC0000000056,https://laws.e-gov.go.jp/law/415AC0000000057/20270117_508AC0000000056
425AC0000000027,行政手続における特定の個人を識別するための番号の利用等に関する法律,20270117,,個人情報の保護に関する法律等の一部を改正する法律,令和八年法律第五十六号,令和八年七月十七日,20270117_508AC0000000056,https://laws.e-gov.go.jp/law/425AC0000000027/20270117_508AC0000000056
429AC0000000028,医療分野の研究開発に資するための匿名加工医療情報及び仮名加工医療情報に関する法律,20270117,,個人情報の保護に関する法律等の一部を改正する法律,令和八年法律第五十六号,令和八年七月十七日,20270117_508AC0000000056,https://laws.e-gov.go.jp/law/429AC0000000028/20270117_508AC0000000056
322AC0000000067,地方自治法,20270122,公布の日から起算して六月を超えない範囲内において政令で定める日,下水道法等の一部を改正する法律,令和八年法律第六十五号,令和八年七月二十三日,20270122_508AC0000000065,https://laws.e-gov.go.jp/law/322AC0000000067/20270122_508AC0000000065
325AC0000000201,建築基準法,20270122,公布の日から起算して六月を超えない範囲内において政令で定める日,下水道法等の一部を改正する法律,令和八年法律第六十五号,令和八年七月二十三日,20270122_508AC0000000065,https://laws.e-gov.go.jp/law/325AC0000000201/20270122_508AC0000000065
327AC1000000180,道路法,20270122,公布の日から起算して六月を超えない範囲内において政令で定める日,下水道法等の一部を改正する法律,令和八年法律第六十五号,令和八年七月二十三日,20270122_508AC0000000065,https://laws.e-gov.go.jp/law/327AC1000000180/20270122_508AC0000000065
331AC0000000007,道路整備特別措置法,20270122,公布の日から起算して六月を超えない範囲内において政令で定める日,下水道法等の一部を改正する法律,令和八年法律第六十五号,令和八年七月二十三日,20270122_508AC0000000065,https://laws.e-gov.go.jp/law/331AC0000000007/20270122_508AC0000000065
333AC0000000079,下水道法,20270122,公布の日から起算して六月を超えない範囲内において政令で定める日,下水道法等の一部を改正する法律,令和八年法律第六十五号,令和八年七月二十三日,20270122_508AC0000000065,https://laws.e-gov.go.jp/law/333AC0000000079/20270122_508AC0000000065
347AC0000000041,日本下水道事業団法,20270122,公布の日から起算して六月を超えない範囲内において政令で定める日,下水道法等の一部を改正する法律,令和八年法律第六十五号,令和八年七月二十三日,20270122_508AC0000000065,https://laws.e-gov.go.jp/law/347AC0000000041/20270122_508AC0000000065
358AC1000000043,浄化槽法,20270122,公布の日から起算して六月を超えない範囲内において政令で定める日,下水道法等の一部を改正する法律,令和八年法律第六十五号,令和八年七月二十三日,20270122_508AC0000000065,https://laws.e-gov.go.jp/law/358AC1000000043/20270122_508AC0000000065
406AC0000000008,水道原水水質保全事業の実施の促進に関する法律,20270122,公布の日から起算して六月を超えない範囲内において政令で定める日,下水道法等の一部を改正する法律,令和八年法律第六十五号,令和八年七月二十三日,20270122_508AC0000000065,https://laws.e-gov.go.jp/law/406AC0000000008/20270122_508AC0000000065
415AC0000000100,独立行政法人都市再生機構法,20270122,公布の日から起算して六月を超えない範囲内において政令で定める日,下水道法等の一部を改正する法律,令和八年法律第六十五号,令和八年七月二十三日,20270122_508AC0000000065,https://laws.e-gov.go.jp/law/415AC0000000100/20270122_508AC0000000065
416AC0000000059,市町村の合併の特例に関する法律,20270122,公布の日から起算して六月を超えない範囲内において政令で定める日,下水道法等の一部を改正する法律,令和八年法律第六十五号,令和八年七月二十三日,20270122_508AC0000000065,https://laws.e-gov.go.jp/law/416AC0000000059/20270122_508AC0000000065
322AC0000000067,地方自治法,20270123,公布の日から起算して六月を超えない範囲内において政令で定める日,重要品種の育成及びその種苗の生産の振興に関する法律,令和八年法律第七十一号,令和八年七月二十四日,20270123_508AC0000000071,https://laws.e-gov.go.jp/law/322AC0000000067/20270123_508AC0000000071
328AC1000000238,高等学校の定時制教育及び通信教育の振興等に関する法律,20270123,,高等学校の定時制教育及び通信教育振興法の一部を改正する法律,令和八年法律第六十三号,令和八年七月二十三日,20270123_508AC1000000063,https://laws.e-gov.go.jp/law/328AC1000000238/20270123_508AC1000000063
411AC0000000106,食料・農業・農村基本法,20270123,公布の日から起算して六月を超えない範囲内において政令で定める日,重要品種の育成及びその種苗の生産の振興に関する法律,令和八年法律第七十一号,令和八年七月二十四日,20270123_508AC0000000071,https://laws.e-gov.go.jp/law/411AC0000000106/20270123_508AC0000000071
411AC0000000192,国立研究開発法人農業・食品産業技術総合研究機構法,20270123,公布の日から起算して六月を超えない範囲内において政令で定める日,重要品種の育成及びその種苗の生産の振興に関する法律,令和八年法律第七十一号,令和八年七月二十四日,20270123_508AC0000000071,https://laws.e-gov.go.jp/law/411AC0000000192/20270123_508AC0000000071
508AC0000000071,重要品種の育成及びその種苗の生産の振興に関する法律,20270123,公布の日から起算して六月を超えない範囲内において政令で定める日,,,令和八年七月二十四日,20270123_000000000000000,https://laws.e-gov.go.jp/law/508AC0000000071/20270123_000000000000000
323AC0000000068,予防接種法,20270130,公布の日から起算して六月を超えない範囲内において政令で定める日,予防接種法の一部を改正する法律,令和八年法律第七十六号,令和八年七月三十一日,20270130_508AC0000000076,https://laws.e-gov.go.jp/law/323AC0000000068/20270130_508AC0000000076
424AC0000000031,新型インフルエンザ等対策特別措置法,20270130,公布の日から起算して六月を超えない範囲内において政令で定める日,予防接種法の一部を改正する法律,令和八年法律第七十六号,令和八年七月三十一日,20270130_508AC0000000076,https://laws.e-gov.go.jp/law/424AC0000000031/20270130_508AC0000000076
323CO0000000074,児童福祉法施行令,20270201,,児童福祉法施行令の一部を改正する政令,令和八年政令第百七十号,令和八年五月二十日,20270201_508CO0000000170,https://laws.e-gov.go.jp/law/323CO0000000074/20270201_508CO0000000170
325AC1000000100,公職選挙法,20270301,,公職選挙法及び特定電気通信による情報の流通によって発生する権利侵害等への対処に関する法律の一部を改正する法律,令和八年法律第五十八号,令和八年七月十七日,20270301_508AC1000000058,https://laws.e-gov.go.jp/law/325AC1000000100/20270301_508AC1000000058
334M50000040010,国家公務員宿舎法施行規則,20270301,,国家公務員宿舎法施行規則の一部を改正する省令,令和八年財務省令第七号,令和八年三月十六日,20270301_508M60000040007,https://laws.e-gov.go.jp/law/334M50000040010/20270301_508M60000040007
413AC0000000137,特定電気通信による情報の流通によって発生する権利侵害等への対処に関する法律,20270301,,公職選挙法及び特定電気通信による情報の流通によって発生する権利侵害等への対処に関する法律の一部を改正する法律,令和八年法律第五十八号,令和八年七月十七日,20270301_508AC1000000058,https://laws.e-gov.go.jp/law/413AC0000000137/20270301_508AC1000000058
325M50000100052,狂犬病予防法施行規則,20270302,,狂犬病予防法施行規則の一部を改正する省令,令和八年厚生労働省令第七十三号,令和八年四月一日,20270302_508M60000100073,https://laws.e-gov.go.jp/law/325M50000100052/20270302_508M60000100073
356M50000010054,出入国管理及び難民認定法施行規則,20270319,,出入国管理及び難民認定法施行規則の一部を改正する省令,令和七年法務省令第四十三号,令和七年九月八日,20270319_507M60000010043,https://laws.e-gov.go.jp/law/356M50000010054/20270319_507M60000010043
322AC0000000020,恩赦法,20270331,令和九年三月三十一日までの間において政令で定める日,情報通信技術の進展等に対応するための刑事訴訟法等の一部を改正する法律,令和七年法律第三十九号,令和七年五月二十三日,20270331_507AC0000000039,https://laws.e-gov.go.jp/law/322AC0000000020/20270331_507AC0000000039
322AC0000000054,昭和二十二年法律第五十四号（私的独占の禁止及び公正取引の確保に関する法律）,20270331,令和九年三月三十一日までの間において政令で定める日,情報通信技術の進展等に対応するための刑事訴訟法等の一部を改正する法律,令和七年法律第三十九号,令和七年五月二十三日,20270331_507AC0000000039,https://laws.e-gov.go.jp/law/322AC0000000054/20270331_507AC0000000039
322AC1000000079,国会法,20270331,令和九年三月三十一日までの間において政令で定める日,情報通信技術の進展等に対応するための刑事訴訟法等の一部を改正する法律,令和七年法律第三十九号,令和七年五月二十三日,20270331_507AC0000000039,https://laws.e-gov.go.jp/law/322AC1000000079/20270331_507AC0000000039
323AC0000000025,金融商品取引法,20270331,情報通信技術の進展等に対応するための刑事訴訟法等の一部を改正する法律（令和七年法律第三十九号）の施行の日,金融商品取引法及び資金決済に関する法律の一部を改正する法律,令和八年法律第六十四号,令和八年七月二十三日,20270331_508AC0000000064,https://laws.e-gov.go.jp/law/323AC0000000025/20270331_508AC0000000064
323AC0000000131,刑事訴訟法,20270331,令和九年三月三十一日までの間において政令で定める日,情報通信技術の進展等に対応するための刑事訴訟法等の一部を改正する法律,令和七年法律第三十九号,令和七年五月二十三日,20270331_507AC0000000039,https://laws.e-gov.go.jp/law/323AC0000000131/20270331_507AC0000000039
323AC0000000147,検察審査会法,20270331,令和九年三月三十一日までの間において政令で定める日,情報通信技術の進展等に対応するための刑事訴訟法等の一部を改正する法律,令和七年法律第三十九号,令和七年五月二十三日,20270331_507AC0000000039,https://laws.e-gov.go.jp/law/323AC0000000147/20270331_507AC0000000039
323AC0000000168,少年法,20270331,令和九年三月三十一日までの間において政令で定める日,情報通信技術の進展等に対応するための刑事訴訟法等の一部を改正する法律,令和七年法律第三十九号,令和七年五月二十三日,20270331_507AC0000000039,https://laws.e-gov.go.jp/law/323AC0000000168/20270331_507AC0000000039
323AC0000000249,刑事訴訟法施行法,20270331,令和九年三月三十一日までの間において政令で定める日,情報通信技術の進展等に対応するための刑事訴訟法等の一部を改正する法律,令和七年法律第三十九号,令和七年五月二十三日,20270331_507AC0000000039,https://laws.e-gov.go.jp/law/323AC0000000249/20270331_507AC0000000039
324AC0000000057,検察官の取り調べた者等に対する旅費、日当、宿泊料等支給法,20270331,令和九年三月三十一日までの間において政令で定める日,情報通信技術の進展等に対応するための刑事訴訟法等の一部を改正する法律,令和七年法律第三十九号,令和七年五月二十三日,20270331_507AC0000000039,https://laws.e-gov.go.jp/law/324AC0000000057/20270331_507AC0000000039
325AC0000000001,刑事補償法,20270331,令和九年三月三十一日までの間において政令で定める日,情報通信技術の進展等に対応するための刑事訴訟法等の一部を改正する法律,令和七年法律第三十九号,令和七年五月二十三日,20270331_507AC0000000039,https://laws.e-gov.go.jp/law/325AC0000000001/20270331_507AC0000000039
326CO0000000319,出入国管理及び難民認定法,20270331,令和九年三月三十一日までの間において政令で定める日,情報通信技術の進展等に対応するための刑事訴訟法等の一部を改正する法律,令和七年法律第三十九号,令和七年五月二十三日,20270331_507AC0000000039,https://laws.e-gov.go.jp/law/326CO0000000319/20270331_507AC0000000039
327AC0000000138,日本国とアメリカ合衆国との間の相互協力及び安全保障条約第六条に基づく施設及び区域並びに日本国における合衆国軍隊の地位に関する協定の実施に伴う刑事特別法,20270331,令和九年三月三十一日までの間において政令で定める日,情報通信技術の進展等に対応するための刑事訴訟法等の一部を改正する法律,令和七年法律第三十九号,令和七年五月二十三日,20270331_507AC0000000039,https://laws.e-gov.go.jp/law/327AC0000000138/20270331_507AC0000000039
327AC0000000240,破壊活動防止法,20270331,令和九年三月三十一日までの間において政令で定める日,情報通信技術の進展等に対応するための刑事訴訟法等の一部を改正する法律,令和七年法律第三十九号,令和七年五月二十三日,20270331_507AC0000000039,https://laws.e-gov.go.jp/law/327AC0000000240/20270331_507AC0000000039
327AC0000000266,防衛省の職員の給与等に関する法律,20270331,令和九年三月三十一日までの間において政令で定める日,防衛省設置法等の一部を改正する法律,令和八年法律第五十三号,令和八年七月三日,20270331_508AC0000000053,https://laws.e-gov.go.jp/law/327AC0000000266/20270331_508AC0000000053
328AC0000000068,逃亡犯罪人引渡法,20270331,令和九年三月三十一日までの間において政令で定める日,情報通信技術の進展等に対応するための刑事訴訟法等の一部を改正する法律,令和七年法律第三十九号,令和七年五月二十三日,20270331_507AC0000000039,https://laws.e-gov.go.jp/law/328AC0000000068/20270331_507AC0000000039
328AC0000000265,日本国における国際連合の軍隊に対する刑事裁判権の行使に関する議定書の実施に伴う刑事特別法,20270331,令和九年三月三十一日までの間において政令で定める日,情報通信技術の進展等に対応するための刑事訴訟法等の一部を改正する法律,令和七年法律第三十九号,令和七年五月二十三日,20270331_507AC0000000039,https://laws.e-gov.go.jp/law/328AC0000000265/20270331_507AC0000000039
329AC0000000113,交通事件即決裁判手続法,20270331,令和九年三月三十一日までの間において政令で定める日,情報通信技術の進展等に対応するための刑事訴訟法等の一部を改正する法律,令和七年法律第三十九号,令和七年五月二十三日,20270331_507AC0000000039,https://laws.e-gov.go.jp/law/329AC0000000113/20270331_507AC0000000039
329AC0000000151,日本国における国際連合の軍隊の地位に関する協定の実施に伴う刑事特別法,20270331,令和九年三月三十一日までの間において政令で定める日,情報通信技術の進展等に対応するための刑事訴訟法等の一部を改正する法律,令和七年法律第三十九号,令和七年五月二十三日,20270331_507AC0000000039,https://laws.e-gov.go.jp/law/329AC0000000151/20270331_507AC0000000039
329AC0000000164,防衛省設置法,20270331,令和九年三月三十一日までの間において政令で定める日,防衛省設置法等の一部を改正する法律,令和八年法律第五十三号,令和八年七月三日,20270331_508AC0000000053,https://laws.e-gov.go.jp/law/329AC0000000164/20270331_508AC0000000053
329AC0000000165,自衛隊法,20270331,令和九年三月三十一日までの間において政令で定める日,防衛省設置法等の一部を改正する法律,令和八年法律第五十三号,令和八年七月三日,20270331_508AC0000000053,https://laws.e-gov.go.jp/law/329AC0000000165/20270331_508AC0000000053
338AC0000000138,刑事事件における第三者所有物の没収手続に関する応急措置法,20270331,令和九年三月三十一日までの間において政令で定める日,情報通信技術の進展等に対応するための刑事訴訟法等の一部を改正する法律,令和七年法律第三十九号,令和七年五月二十三日,20270331_507AC0000000039,https://laws.e-gov.go.jp/law/338AC0000000138/20270331_507AC0000000039
346AC0000000041,刑事訴訟費用等に関する法律,20270331,令和九年三月三十一日までの間において政令で定める日,情報通信技術の進展等に対応するための刑事訴訟法等の一部を改正する法律,令和七年法律第三十九号,令和七年五月二十三日,20270331_507AC0000000039,https://laws.e-gov.go.jp/law/346AC0000000041/20270331_507AC0000000039
355AC0000000069,国際捜査共助等に関する法律,20270331,令和九年三月三十一日までの間において政令で定める日,情報通信技術の進展等に対応するための刑事訴訟法等の一部を改正する法律,令和七年法律第三十九号,令和七年五月二十三日,20270331_507AC0000000039,https://laws.e-gov.go.jp/law/355AC0000000069/20270331_507AC0000000039
362AC0000000064,刑事確定訴訟記録法,20270331,令和九年三月三十一日までの間において政令で定める日,情報通信技術の進展等に対応するための刑事訴訟法等の一部を改正する法律,令和七年法律第三十九号,令和七年五月二十三日,20270331_507AC0000000039,https://laws.e-gov.go.jp/law/362AC0000000064/20270331_507AC0000000039
405AC0000000047,不正競争防止法,20270331,令和九年三月三十一日までの間において政令で定める日,情報通信技術の進展等に対応するための刑事訴訟法等の一部を改正する法律,令和七年法律第三十九号,令和七年五月二十三日,20270331_507AC0000000039,https://laws.e-gov.go.jp/law/405AC0000000047/20270331_507AC0000000039
411AC0000000095,財務省設置法,20270331,令和九年三月三十一日までの間において政令で定める日,情報通信技術の進展等に対応するための刑事訴訟法等の一部を改正する法律,令和七年法律第三十九号,令和七年五月二十三日,20270331_507AC0000000039,https://laws.e-gov.go.jp/law/411AC0000000095/20270331_507AC0000000039
411AC0000000136,組織的な犯罪の処罰及び犯罪収益の規制等に関する法律,20270331,令和九年三月三十一日までの間において政令で定める日,情報通信技術の進展等に対応するための刑事訴訟法等の一部を改正する法律,令和七年法律第三十九号,令和七年五月二十三日,20270331_507AC0000000039,https://laws.e-gov.go.jp/law/411AC0000000136/20270331_507AC0000000039
411AC0000000137,犯罪捜査のための通信傍受に関する法律,20270331,令和九年三月三十一日までの間において政令で定める日,情報通信技術の進展等に対応するための刑事訴訟法等の一部を改正する法律,令和七年法律第三十九号,令和七年五月二十三日,20270331_507AC0000000039,https://laws.e-gov.go.jp/law/411AC0000000137/20270331_507AC0000000039
412AC0000000075,犯罪被害者等の権利利益の保護を図るための刑事手続に付随する措置に関する法律,20270331,令和九年三月三十一日までの間において政令で定める日,情報通信技術の進展等に対応するための刑事訴訟法等の一部を改正する法律,令和七年法律第三十九号,令和七年五月二十三日,20270331_507AC0000000039,https://laws.e-gov.go.jp/law/412AC0000000075/20270331_507AC0000000039
414AC0000000066,国際受刑者移送法,20270331,令和九年三月三十一日までの間において政令で定める日,情報通信技術の進展等に対応するための刑事訴訟法等の一部を改正する法律,令和七年法律第三十九号,令和七年五月二十三日,20270331_507AC0000000039,https://laws.e-gov.go.jp/law/414AC0000000066/20270331_507AC0000000039
415AC0000000110,心神喪失等の状態で重大な他害行為を行った者の医療及び観察等に関する法律,20270331,令和九年三月三十一日までの間において政令で定める日,情報通信技術の進展等に対応するための刑事訴訟法等の一部を改正する法律,令和七年法律第三十九号,令和七年五月二十三日,20270331_507AC0000000039,https://laws.e-gov.go.jp/law/415AC0000000110/20270331_507AC0000000039
416AC0000000063,裁判員の参加する刑事裁判に関する法律,20270331,令和九年三月三十一日までの間において政令で定める日,情報通信技術の進展等に対応するための刑事訴訟法等の一部を改正する法律,令和七年法律第三十九号,令和七年五月二十三日,20270331_507AC0000000039,https://laws.e-gov.go.jp/law/416AC0000000063/20270331_507AC0000000039
416AC0000000074,総合法律支援法,20270331,令和九年三月三十一日までの間において政令で定める日,情報通信技術の進展等に対応するための刑事訴訟法等の一部を改正する法律,令和七年法律第三十九号,令和七年五月二十三日,20270331_507AC0000000039,https://laws.e-gov.go.jp/law/416AC0000000074/20270331_507AC0000000039
416AC0000000112,武力攻撃事態等における国民の保護のための措置に関する法律,20270331,令和九年三月三十一日までの間において政令で定める日,防衛省設置法等の一部を改正する法律,令和八年法律第五十三号,令和八年七月三日,20270331_508AC0000000053,https://laws.e-gov.go.jp/law/416AC0000000112/20270331_508AC0000000053
417AC0000000050,刑事収容施設及び被収容者等の処遇に関する法律,20270331,令和九年三月三十一日までの間において政令で定める日,情報通信技術の進展等に対応するための刑事訴訟法等の一部を改正する法律,令和七年法律第三十九号,令和七年五月二十三日,20270331_507AC0000000039,https://laws.e-gov.go.jp/law/417AC0000000050/20270331_507AC0000000039
418AC0000000087,犯罪被害財産等による被害回復給付金の支給に関する法律,20270331,令和九年三月三十一日までの間において政令で定める日,情報通信技術の進展等に対応するための刑事訴訟法等の一部を改正する法律,令和七年法律第三十九号,令和七年五月二十三日,20270331_507AC0000000039,https://laws.e-gov.go.jp/law/418AC0000000087/20270331_507AC0000000039
419AC0000000037,国際刑事裁判所に対する協力等に関する法律,20270331,令和九年三月三十一日までの間において政令で定める日,情報通信技術の進展等に対応するための刑事訴訟法等の一部を改正する法律,令和七年法律第三十九号,令和七年五月二十三日,20270331_507AC0000000039,https://laws.e-gov.go.jp/law/419AC0000000037/20270331_507AC0000000039
419AC0000000088,更生保護法,20270331,令和九年三月三十一日までの間において政令で定める日,情報通信技術の進展等に対応するための刑事訴訟法等の一部を改正する法律,令和七年法律第三十九号,令和七年五月二十三日,20270331_507AC0000000039,https://laws.e-gov.go.jp/law/419AC0000000088/20270331_507AC0000000039
420AC1000000080,オウム真理教犯罪被害者等を救済するための給付金の支給に関する法律,20270331,令和九年三月三十一日までの間において政令で定める日,情報通信技術の進展等に対応するための刑事訴訟法等の一部を改正する法律,令和七年法律第三十九号,令和七年五月二十三日,20270331_507AC0000000039,https://laws.e-gov.go.jp/law/420AC1000000080/20270331_507AC0000000039
425AC0000000108,特定秘密の保護に関する法律,20270331,令和九年三月三十一日までの間において政令で定める日,情報通信技術の進展等に対応するための刑事訴訟法等の一部を改正する法律,令和七年法律第三十九号,令和七年五月二十三日,20270331_507AC0000000039,https://laws.e-gov.go.jp/law/425AC0000000108/20270331_507AC0000000039
426AC0000000058,少年院法,20270331,令和九年三月三十一日までの間において政令で定める日,情報通信技術の進展等に対応するための刑事訴訟法等の一部を改正する法律,令和七年法律第三十九号,令和七年五月二十三日,20270331_507AC0000000039,https://laws.e-gov.go.jp/law/426AC0000000058/20270331_507AC0000000039
426AC0000000059,少年鑑別所法,20270331,令和九年三月三十一日までの間において政令で定める日,情報通信技術の進展等に対応するための刑事訴訟法等の一部を改正する法律,令和七年法律第三十九号,令和七年五月二十三日,20270331_507AC0000000039,https://laws.e-gov.go.jp/law/426AC0000000059/20270331_507AC0000000039
504AC0000000068,刑法等の一部を改正する法律の施行に伴う関係法律の整理等に関する法律,20270331,令和九年三月三十一日までの間において政令で定める日,情報通信技術の進展等に対応するための刑事訴訟法等の一部を改正する法律,令和七年法律第三十九号,令和七年五月二十三日,20270331_507AC0000000039,https://laws.e-gov.go.jp/law/504AC0000000068/20270331_507AC0000000039
505AC0000000067,性的な姿態を撮影する行為等の処罰及び押収物に記録された性的な姿態の影像に係る電磁的記録の消去等に関する法律,20270331,令和九年三月三十一日までの間において政令で定める日,情報通信技術の進展等に対応するための刑事訴訟法等の一部を改正する法律,令和七年法律第三十九号,令和七年五月二十三日,20270331_507AC0000000039,https://laws.e-gov.go.jp/law/505AC0000000067/20270331_507AC0000000039
506AC0000000027,重要経済安保情報の保護及び活用に関する法律,20270331,令和九年三月三十一日までの間において政令で定める日,情報通信技術の進展等に対応するための刑事訴訟法等の一部を改正する法律,令和七年法律第三十九号,令和七年五月二十三日,20270331_507AC0000000039,https://laws.e-gov.go.jp/law/506AC0000000027/20270331_507AC0000000039
506AC0000000069,学校設置者等及び民間教育保育等事業者による児童対象性暴力等の防止等のための措置に関する法律,20270331,令和九年三月三十一日までの間において政令で定める日,情報通信技術の進展等に対応するための刑事訴訟法等の一部を改正する法律,令和七年法律第三十九号,令和七年五月二十三日,20270331_507AC0000000039,https://laws.e-gov.go.jp/law/506AC0000000069/20270331_507AC0000000039
211AC0000000070,健康保険法,20270401,,医療法等の一部を改正する法律,令和七年法律第八十七号,令和七年十二月十二日,20270401_507AC0000000087,https://laws.e-gov.go.jp/law/211AC0000000070/20270401_507AC0000000087
211AC0000000070,健康保険法,20270401,,健康保険法等の一部を改正する法律,令和八年法律第三十一号,令和八年六月五日,20270401_508AC0000000031,https://laws.e-gov.go.jp/law/211AC0000000070/20270401_508AC0000000031
211AC0000000070,健康保険法,20270401,,社会福祉法等の一部を改正する法律,令和八年法律第五十一号,令和八年六月二十五日,20270401_508AC0000000051,https://laws.e-gov.go.jp/law/211AC0000000070/20270401_508AC0000000051
314AC0000000073,船員保険法,20270401,,医療法等の一部を改正する法律,令和七年法律第八十七号,令和七年十二月十二日,20270401_507AC0000000087,https://laws.e-gov.go.jp/law/314AC0000000073/20270401_507AC0000000087
314AC0000000073,船員保険法,20270401,,健康保険法等の一部を改正する法律,令和八年法律第三十一号,令和八年六月五日,20270401_508AC0000000031,https://laws.e-gov.go.jp/law/314AC0000000073/20270401_508AC0000000031
314AC0000000073,船員保険法,20270401,,社会福祉法等の一部を改正する法律,令和八年法律第五十一号,令和八年六月二十五日,20270401_508AC0000000051,https://laws.e-gov.go.jp/law/314AC0000000073/20270401_508AC0000000051
314AC0000000073,船員保険法,20270401,,労働者災害補償保険法等の一部を改正する法律,令和八年法律第六十号,令和八年七月十七日,20270401_508AC0000000060,https://laws.e-gov.go.jp/law/314AC0000000073/20270401_508AC0000000060
322AC0000000026,学校教育法,20270401,,学校教育法等の一部を改正する法律,令和八年法律第三十七号,令和八年六月十七日,20270401_508AC0000000037,https://laws.e-gov.go.jp/law/322AC0000000026/20270401_508AC0000000037
322AC0000000049,労働基準法,20270401,,労働者災害補償保険法等の一部を改正する法律,令和八年法律第六十号,令和八年七月十七日,20270401_508AC0000000060,https://laws.e-gov.go.jp/law/322AC0000000049/20270401_508AC0000000060
322AC0000000050,労働者災害補償保険法,20270401,,労働者災害補償保険法等の一部を改正する法律,令和八年法律第六十号,令和八年七月十七日,20270401_508AC0000000060,https://laws.e-gov.go.jp/law/322AC0000000050/20270401_508AC0000000060
322AC0000000067,地方自治法,20270401,,地域の自主性及び自立性を高めるための改革の推進を図るための関係法律の整備に関する法律,令和八年法律第二十七号,令和八年六月三日,20270401_508AC0000000027,https://laws.e-gov.go.jp/law/322AC0000000067/20270401_508AC0000000027
322AC0000000067,地方自治法,20270401,,ポリ塩化ビフェニル廃棄物の適正な処理の推進に関する特別措置法及び中間貯蔵・環境安全事業株式会社法の一部を改正する法律,令和八年法律第四十四号,令和八年六月十九日,20270401_508AC0000000044,https://laws.e-gov.go.jp/law/322AC0000000067/20270401_508AC0000000044
322AC0000000101,地域保健法,20270401,,医療法等の一部を改正する法律,令和七年法律第八十七号,令和七年十二月十二日,20270401_507AC0000000087,https://laws.e-gov.go.jp/law/322AC0000000101/20270401_507AC0000000087
322AC0000000132,農業協同組合法,20270401,,社会福祉法等の一部を改正する法律,令和八年法律第五十一号,令和八年六月二十五日,20270401_508AC0000000051,https://laws.e-gov.go.jp/law/322AC0000000132/20270401_508AC0000000051
322AC0000000132,農業協同組合法,20270401,,金融商品取引法及び資金決済に関する法律の一部を改正する法律,令和八年法律第六十四号,令和八年七月二十三日,20270401_508AC0000000064,https://laws.e-gov.go.jp/law/322AC0000000132/20270401_508AC0000000064
322AC0000000164,児童福祉法,20270401,,医療法等の一部を改正する法律,令和七年法律第八十七号,令和七年十二月十二日,20270401_507AC0000000087,https://laws.e-gov.go.jp/law/322AC0000000164/20270401_507AC0000000087
322AC0000000164,児童福祉法,20270401,,健康保険法等の一部を改正する法律,令和八年法律第三十一号,令和八年六月五日,20270401_508AC0000000031,https://laws.e-gov.go.jp/law/322AC0000000164/20270401_508AC0000000031
322AC0000000164,児童福祉法,20270401,,社会福祉法等の一部を改正する法律,令和八年法律第五十一号,令和八年六月二十五日,20270401_508AC0000000051,https://laws.e-gov.go.jp/law/322AC0000000164/20270401_508AC0000000051
322M40000100023,労働基準法施行規則,20270401,,労働安全衛生規則等の一部を改正する省令,令和八年厚生労働省令第八十九号,令和八年四月二十八日,20270401_508M60000100089,https://laws.e-gov.go.jp/law/322M40000100023/20270401_508M60000100089
323AC0000000025,金融商品取引法,20270401,,金融商品取引法及び資金決済に関する法律の一部を改正する法律,令和八年法律第六十四号,令和八年七月二十三日,20270401_508AC0000000064,https://laws.e-gov.go.jp/law/323AC0000000025/20270401_508AC0000000064
323AC0000000068,予防接種法,20270401,,医療法等の一部を改正する法律,令和七年法律第八十七号,令和七年十二月十二日,20270401_507AC0000000087,https://laws.e-gov.go.jp/law/323AC0000000068/20270401_507AC0000000087
323AC0000000068,予防接種法,20270401,,健康保険法等の一部を改正する法律,令和八年法律第三十一号,令和八年六月五日,20270401_508AC0000000031,https://laws.e-gov.go.jp/law/323AC0000000068/20270401_508AC0000000031
323AC0000000103,公認会計士法,20270401,,金融商品取引法及び資金決済に関する法律の一部を改正する法律,令和八年法律第六十四号,令和八年七月二十三日,20270401_508AC0000000064,https://laws.e-gov.go.jp/law/323AC0000000103/20270401_508AC0000000064
323AC0000000109,地方財政法,20270401,,地域の自主性及び自立性を高めるための改革の推進を図るための関係法律の整備に関する法律,令和八年法律第二十七号,令和八年六月三日,20270401_508AC0000000027,https://laws.e-gov.go.jp/law/323AC0000000109/20270401_508AC0000000027
323AC0000000109,地方財政法,20270401,,健康保険法等の一部を改正する法律,令和八年法律第三十一号,令和八年六月五日,20270401_508AC0000000031,https://laws.e-gov.go.jp/law/323AC0000000109/20270401_508AC0000000031
323AC0000000122,風俗営業等の規制及び業務の適正化等に関する法律,20270401,,出入国管理及び難民認定法及び外国人の技能実習の適正な実施及び技能実習生の保護に関する法律の一部を改正する法律,令和六年法律第六十号,令和六年六月二十一日,20270401_506AC0000000060,https://laws.e-gov.go.jp/law/323AC0000000122/20270401_506AC0000000060
323AC0000000129,医療情報基盤・診療報酬審査支払機構法,20270401,,医療法等の一部を改正する法律,令和七年法律第八十七号,令和七年十二月十二日,20270401_507AC0000000087,https://laws.e-gov.go.jp/law/323AC0000000129/20270401_507AC0000000087
323AC0000000132,教科書の発行に関する臨時措置法,20270401,,学校教育法等の一部を改正する法律,令和八年法律第三十七号,令和八年六月十七日,20270401_508AC0000000037,https://laws.e-gov.go.jp/law/323AC0000000132/20270401_508AC0000000037
323AC0000000200,消費生活協同組合法,20270401,,金融商品取引法及び資金決済に関する法律の一部を改正する法律,令和八年法律第六十四号,令和八年七月二十三日,20270401_508AC0000000064,https://laws.e-gov.go.jp/law/323AC0000000200/20270401_508AC0000000064
323AC0000000205,医療法,20270401,,医療法等の一部を改正する法律,令和七年法律第八十七号,令和七年十二月十二日,20270401_507AC0000000087,https://laws.e-gov.go.jp/law/323AC0000000205/20270401_507AC0000000087
323AC0000000205,医療法,20270401,,健康保険法等の一部を改正する法律,令和八年法律第三十一号,令和八年六月五日,20270401_508AC0000000031,https://laws.e-gov.go.jp/law/323AC0000000205/20270401_508AC0000000031
323AC0000000242,水産業協同組合法,20270401,,金融商品取引法及び資金決済に関する法律の一部を改正する法律,令和八年法律第六十四号,令和八年七月二十三日,20270401_508AC0000000064,https://laws.e-gov.go.jp/law/323AC0000000242/20270401_508AC0000000064
323AC1000000005,国立国会図書館法,20270401,,出入国管理及び難民認定法及び外国人の技能実習の適正な実施及び技能実習生の保護に関する法律の一部を改正する法律,令和六年法律第六十号,令和六年六月二十一日,20270401_506AC0000000060,https://laws.e-gov.go.jp/law/323AC1000000005/20270401_506AC0000000060
323M40000100047,医師法施行規則,20270401,,医師法施行規則等の一部を改正する省令,令和八年厚生労働省令第百二十八号,令和八年八月十四日,20270401_508M60000100128,https://laws.e-gov.go.jp/law/323M40000100047/20270401_508M60000100128
323M40000100048,歯科医師法施行規則,20270401,,医師法施行規則等の一部を改正する省令,令和八年厚生労働省令第百二十八号,令和八年八月十四日,20270401_508M60000100128,https://laws.e-gov.go.jp/law/323M40000100048/20270401_508M60000100128
323M40000100050,医療法施行規則,20270401,,医療法施行規則の一部を改正する省令,令和八年厚生労働省令第八十四号,令和八年四月二十四日,20270401_508M60000100084,https://laws.e-gov.go.jp/law/323M40000100050/20270401_508M60000100084
323M40000100050,医療法施行規則,20270401,,医療法等の一部を改正する法律の施行に伴う厚生労働省関係省令の整備等に関する省令,令和八年厚生労働省令第百十九号,令和八年七月三十一日,20270401_508M60000100119,https://laws.e-gov.go.jp/law/323M40000100050/20270401_508M60000100119
324AC0000000149,文部科学省著作教科書の出版権等に関する法律,20270401,,学校教育法等の一部を改正する法律,令和八年法律第三十七号,令和八年六月十七日,20270401_508AC0000000037,https://laws.e-gov.go.jp/law/324AC0000000149/20270401_508AC0000000037
324AC0000000181,中小企業等協同組合法,20270401,,金融商品取引法及び資金決済に関する法律の一部を改正する法律,令和八年法律第六十四号,令和八年七月二十三日,20270401_508AC0000000064,https://laws.e-gov.go.jp/law/324AC0000000181/20270401_508AC0000000064
324AC0000000183,協同組合による金融事業に関する法律,20270401,,金融商品取引法及び資金決済に関する法律の一部を改正する法律,令和八年法律第六十四号,令和八年七月二十三日,20270401_508AC0000000064,https://laws.e-gov.go.jp/law/324AC0000000183/20270401_508AC0000000064
324AC0000000228,外国為替及び外国貿易法,20270401,,金融商品取引法及び資金決済に関する法律の一部を改正する法律,令和八年法律第六十四号,令和八年七月二十三日,20270401_508AC0000000064,https://laws.e-gov.go.jp/law/324AC0000000228/20270401_508AC0000000064
324AC1000000283,身体障害者福祉法,20270401,,社会福祉法等の一部を改正する法律,令和八年法律第五十一号,令和八年六月二十五日,20270401_508AC0000000051,https://laws.e-gov.go.jp/law/324AC1000000283/20270401_508AC0000000051
324M50000800049,海上運送法施行規則,20270401,,海上運送法施行規則の一部を改正する省令,令和八年国土交通省令第五十二号,令和八年四月十四日,20270401_508M60000800052,https://laws.e-gov.go.jp/law/324M50000800049/20270401_508M60000800052
325AC0000000144,生活保護法,20270401,,医療法等の一部を改正する法律,令和七年法律第八十七号,令和七年十二月十二日,20270401_507AC0000000087,https://laws.e-gov.go.jp/law/325AC0000000144/20270401_507AC0000000087
325AC0000000144,生活保護法,20270401,,社会福祉法等の一部を改正する法律,令和八年法律第五十一号,令和八年六月二十五日,20270401_508AC0000000051,https://laws.e-gov.go.jp/law/325AC0000000144/20270401_508AC0000000051
325AC0000000226,地方税法,20270401,,出入国管理及び難民認定法及び外国人の技能実習の適正な実施及び技能実習生の保護に関する法律の一部を改正する法律,令和六年法律第六十号,令和六年六月二十一日,20270401_506AC0000000060,https://laws.e-gov.go.jp/law/325AC0000000226/20270401_506AC0000000060
325AC0000000226,地方税法,20270401,,地方税法及び地方税法等の一部を改正する法律の一部を改正する法律,令和七年法律第七号,令和七年三月三十一日,20270401_507AC0000000007,https://laws.e-gov.go.jp/law/325AC0000000226/20270401_507AC0000000007
325AC0000000226,地方税法,20270401,,医療法等の一部を改正する法律,令和七年法律第八十七号,令和七年十二月十二日,20270401_507AC0000000087,https://laws.e-gov.go.jp/law/325AC0000000226/20270401_507AC0000000087
325AC0000000226,地方税法,20270401,,地方税法等の一部を改正する法律,令和八年法律第二号,令和八年三月三十一日,20270401_508AC0000000002,https://laws.e-gov.go.jp/law/325AC0000000226/20270401_508AC0000000002
325AC0000000226,地方税法,20270401,,健康保険法等の一部を改正する法律,令和八年法律第三十一号,令和八年六月五日,20270401_508AC0000000031,https://laws.e-gov.go.jp/law/325AC0000000226/20270401_508AC0000000031
325AC0000000226,地方税法,20270401,,社会福祉法等の一部を改正する法律,令和八年法律第五十一号,令和八年六月二十五日,20270401_508AC0000000051,https://laws.e-gov.go.jp/law/325AC0000000226/20270401_508AC0000000051
325AC0100000123,精神保健及び精神障害者福祉に関する法律,20270401,,社会福祉法等の一部を改正する法律,令和八年法律第五十一号,令和八年六月二十五日,20270401_508AC0000000051,https://laws.e-gov.go.jp/law/325AC0100000123/20270401_508AC0000000051
325M50000040031,日本銀行の公庫預託金取扱規程,20270401,,日本銀行の公庫預託金取扱規程の一部を改正する省令,令和八年財務省令第四十六号,令和八年六月二十六日,20270401_508M60000040046,https://laws.e-gov.go.jp/law/325M50000040031/20270401_508M60000040046
325M50080000010,放送法施行規則,20270401,,電波法施行規則等の一部を改正する省令,令和八年総務省令第五十三号,令和八年四月一日,20270401_508M60000008053,https://laws.e-gov.go.jp/law/325M50080000010/20270401_508M60000008053
325M50080000014,電波法施行規則,20270401,,電波法施行規則等の一部を改正する省令,令和八年総務省令第二号,令和八年一月十四日,20270401_508M60000008002,https://laws.e-gov.go.jp/law/325M50080000014/20270401_508M60000008002
325M50080000015,無線局免許手続規則,20270401,,電波法施行規則等の一部を改正する省令,令和八年総務省令第二号,令和八年一月十四日,20270401_508M60000008002,https://laws.e-gov.go.jp/law/325M50080000015/20270401_508M60000008002
325M50080000015,無線局免許手続規則,20270401,,電波法施行規則等の一部を改正する省令,令和八年総務省令第五十三号,令和八年四月一日,20270401_508M60000008053,https://laws.e-gov.go.jp/law/325M50080000015/20270401_508M60000008053
326AC0000000045,社会福祉法,20270401,,社会福祉法等の一部を改正する法律,令和八年法律第五十一号,令和八年六月二十五日,20270401_508AC0000000051,https://laws.e-gov.go.jp/law/326AC0000000045/20270401_508AC0000000051
326AC0100000198,投資信託及び投資法人に関する法律,20270401,,金融商品取引法及び資金決済に関する法律の一部を改正する法律,令和八年法律第六十四号,令和八年七月二十三日,20270401_508AC0000000064,https://laws.e-gov.go.jp/law/326AC0100000198/20270401_508AC0000000064
326AC1000000228,産業教育振興法,20270401,,学校教育法等の一部を改正する法律,令和八年法律第三十七号,令和八年六月十七日,20270401_508AC0000000037,https://laws.e-gov.go.jp/law/326AC1000000228/20270401_508AC0000000037
326AC1000000238,信用金庫法,20270401,,金融商品取引法及び資金決済に関する法律の一部を改正する法律,令和八年法律第六十四号,令和八年七月二十三日,20270401_508AC0000000064,https://laws.e-gov.go.jp/law/326AC1000000238/20270401_508AC0000000064
326CO0000000319,出入国管理及び難民認定法,20270401,,出入国管理及び難民認定法及び外国人の技能実習の適正な実施及び技能実習生の保護に関する法律の一部を改正する法律,令和六年法律第六十号,令和六年六月二十一日,20270401_506AC0000000060,https://laws.e-gov.go.jp/law/326CO0000000319/20270401_506AC0000000060
326M50000100034,保健師助産師看護師法施行規則,20270401,,医師法施行規則等の一部を改正する省令,令和八年厚生労働省令第百二十八号,令和八年八月十四日,20270401_508M60000100128,https://laws.e-gov.go.jp/law/326M50000100034/20270401_508M60000100128
326M50010000054,森林法施行規則,20270401,,森林法施行規則の一部を改正する省令,令和八年農林水産省令第八号,令和八年二月二十日,20270401_508M60000200008,https://laws.e-gov.go.jp/law/326M50010000054/20270401_508M60000200008
327AC0000000187,長期信用銀行法,20270401,,金融商品取引法及び資金決済に関する法律の一部を改正する法律,令和八年法律第六十四号,令和八年七月二十三日,20270401_508AC0000000064,https://laws.e-gov.go.jp/law/327AC0000000187/20270401_508AC0000000064
327AC0000000266,防衛省の職員の給与等に関する法律,20270401,,医療法等の一部を改正する法律,令和七年法律第八十七号,令和七年十二月十二日,20270401_507AC0000000087,https://laws.e-gov.go.jp/law/327AC0000000266/20270401_507AC0000000087
327AC0000000292,地方公営企業法,20270401,,地域の自主性及び自立性を高めるための改革の推進を図るための関係法律の整備に関する法律,令和八年法律第二十七号,令和八年六月三日,20270401_508AC0000000027,https://laws.e-gov.go.jp/law/327AC0000000292/20270401_508AC0000000027
328AC0000000245,私立学校教職員共済法,20270401,,医療法等の一部を改正する法律,令和七年法律第八十七号,令和七年十二月十二日,20270401_507AC0000000087,https://laws.e-gov.go.jp/law/328AC0000000245/20270401_507AC0000000087
328AC0000000245,私立学校教職員共済法,20270401,,健康保険法等の一部を改正する法律,令和八年法律第三十一号,令和八年六月五日,20270401_508AC0000000031,https://laws.e-gov.go.jp/law/328AC0000000245/20270401_508AC0000000031
328AC0100000227,労働金庫法,20270401,,金融商品取引法及び資金決済に関する法律の一部を改正する法律,令和八年法律第六十四号,令和八年七月二十三日,20270401_508AC0000000064,https://laws.e-gov.go.jp/law/328AC0100000227/20270401_508AC0000000064
328AC1000000072,離島振興法,20270401,,医療法等の一部を改正する法律,令和七年法律第八十七号,令和七年十二月十二日,20270401_507AC0000000087,https://laws.e-gov.go.jp/law/328AC1000000072/20270401_507AC0000000087
328AC1000000238,高等学校の定時制教育及び通信教育の振興等に関する法律,20270401,,学校教育法等の一部を改正する法律,令和八年法律第三十七号,令和八年六月十七日,20270401_508AC0000000037,https://laws.e-gov.go.jp/law/328AC1000000238/20270401_508AC0000000037
328CO0000000215,国家公務員退職手当法施行令,20270401,,出入国管理及び難民認定法及び外国人の技能実習の適正な実施及び技能実習生の保護に関する法律の一部を改正する法律の施行に伴う関係政令の整備及び経過措置に関する政令,令和七年政令第三百四十一号,令和七年十月一日,20270401_507CO0000000341,https://laws.e-gov.go.jp/law/328CO0000000215/20270401_507CO0000000341
328CO0000000242,職業安定法施行令,20270401,,出入国管理及び難民認定法及び外国人の技能実習の適正な実施及び技能実習生の保護に関する法律の一部を改正する法律の施行に伴う関係政令の整備及び経過措置に関する政令,令和七年政令第三百四十一号,令和七年十月一日,20270401_507CO0000000341,https://laws.e-gov.go.jp/law/328CO0000000242/20270401_507CO0000000341
329AC0000000144,特別支援学校への就学奨励に関する法律,20270401,,学校教育法等の一部を改正する法律,令和八年法律第三十七号,令和八年六月十七日,20270401_508AC0000000037,https://laws.e-gov.go.jp/law/329AC0000000144/20270401_508AC0000000037
329AC1000000189,奄美群島振興開発特別措置法,20270401,,医療法等の一部を改正する法律,令和七年法律第八十七号,令和七年十二月十二日,20270401_507AC0000000087,https://laws.e-gov.go.jp/law/329AC1000000189/20270401_507AC0000000087
329CO0000000051,国税収納金整理資金に関する法律施行令,20270401,,国税収納金整理資金に関する法律施行令の一部を改正する政令,令和七年政令第百三十七号,令和七年三月三十一日,20270401_507CO0000000137,https://laws.e-gov.go.jp/law/329CO0000000051/20270401_507CO0000000137
329CO0000000179,自衛隊法施行令,20270401,,出入国管理及び難民認定法及び外国人の技能実習の適正な実施及び技能実習生の保護に関する法律の一部を改正する法律の施行に伴う関係政令の整備及び経過措置に関する政令,令和七年政令第三百四十一号,令和七年十月一日,20270401_507CO0000000341,https://laws.e-gov.go.jp/law/329CO0000000179/20270401_507CO0000000341
329M50000002023,地方税法施行規則,20270401,,地方税法施行規則の一部を改正する省令,令和七年総務省令第三十号,令和七年三月三十一日,20270401_507M60000008030,https://laws.e-gov.go.jp/law/329M50000002023/20270401_507M60000008030
329M50000040039,国税収納金整理資金事務取扱規則,20270401,,国税徴収法施行規則の一部を改正する省令,令和八年財務省令第二十号,令和八年三月三十一日,20270401_508M60000040020,https://laws.e-gov.go.jp/law/329M50000040039/20270401_508M60000040020
330CO0000000255,補助金等に係る予算の執行の適正化に関する法律施行令,20270401,,出入国管理及び難民認定法及び外国人の技能実習の適正な実施及び技能実習生の保護に関する法律の一部を改正する法律の施行に伴う関係政令の整備及び経過措置に関する政令,令和七年政令第三百四十一号,令和七年十月一日,20270401_507CO0000000341,https://laws.e-gov.go.jp/law/330CO0000000255/20270401_507CO0000000341
330M50000100023,歯科技工士法施行規則,20270401,,医師法施行規則等の一部を改正する省令,令和八年厚生労働省令第百二十八号,令和八年八月十四日,20270401_508M60000100128,https://laws.e-gov.go.jp/law/330M50000100023/20270401_508M60000100128
331AC0000000040,就学困難な児童及び生徒に係る就学奨励についての国の援助に関する法律,20270401,,学校教育法等の一部を改正する法律,令和八年法律第三十七号,令和八年六月十七日,20270401_508AC0000000037,https://laws.e-gov.go.jp/law/331AC0000000040/20270401_508AC0000000037
333AC0000000128,国家公務員共済組合法,20270401,,医療法等の一部を改正する法律,令和七年法律第八十七号,令和七年十二月十二日,20270401_507AC0000000087,https://laws.e-gov.go.jp/law/333AC0000000128/20270401_507AC0000000087
333AC0000000128,国家公務員共済組合法,20270401,,健康保険法等の一部を改正する法律,令和八年法律第三十一号,令和八年六月五日,20270401_508AC0000000031,https://laws.e-gov.go.jp/law/333AC0000000128/20270401_508AC0000000031
333AC0000000128,国家公務員共済組合法,20270401,,社会福祉法等の一部を改正する法律,令和八年法律第五十一号,令和八年六月二十五日,20270401_508AC0000000051,https://laws.e-gov.go.jp/law/333AC0000000128/20270401_508AC0000000051
333AC0000000192,国民健康保険法,20270401,,医療法等の一部を改正する法律,令和七年法律第八十七号,令和七年十二月十二日,20270401_507AC0000000087,https://laws.e-gov.go.jp/law/333AC0000000192/20270401_507AC0000000087
333AC0000000192,国民健康保険法,20270401,,健康保険法等の一部を改正する法律,令和八年法律第三十一号,令和八年六月五日,20270401_508AC0000000031,https://laws.e-gov.go.jp/law/333AC0000000192/20270401_508AC0000000031
333AC0000000192,国民健康保険法,20270401,,社会福祉法等の一部を改正する法律,令和八年法律第五十一号,令和八年六月二十五日,20270401_508AC0000000051,https://laws.e-gov.go.jp/law/333AC0000000192/20270401_508AC0000000051
333CO0000000033,銃砲刀剣類所持等取締法施行令,20270401,,出入国管理及び難民認定法及び外国人の技能実習の適正な実施及び技能実習生の保護に関する法律の一部を改正する法律の施行に伴う関係政令の整備及び経過措置に関する政令,令和七年政令第三百四十一号,令和七年十月一日,20270401_507CO0000000341,https://laws.e-gov.go.jp/law/333CO0000000033/20270401_507CO0000000341
333CO0000000207,国家公務員共済組合法施行令,20270401,,出入国管理及び難民認定法及び外国人の技能実習の適正な実施及び技能実習生の保護に関する法律の一部を改正する法律の施行に伴う関係政令の整備及び経過措置に関する政令,令和七年政令第三百四十一号,令和七年十月一日,20270401_507CO0000000341,https://laws.e-gov.go.jp/law/333CO0000000207/20270401_507CO0000000341
334AC0000000147,国税徴収法,20270401,,所得税法等の一部を改正する法律,令和八年法律第十二号,令和八年三月三十一日,20270401_508AC0000000012,https://laws.e-gov.go.jp/law/334AC0000000147/20270401_508AC0000000012
334CO0000000329,国税徴収法施行令,20270401,,国税徴収法施行令の一部を改正する政令,令和八年政令第九十七号,令和八年三月三十一日,20270401_508CO0000000097,https://laws.e-gov.go.jp/law/334CO0000000329/20270401_508CO0000000097
335AC0000000037,知的障害者福祉法,20270401,,社会福祉法等の一部を改正する法律,令和八年法律第五十一号,令和八年六月二十五日,20270401_508AC0000000051,https://laws.e-gov.go.jp/law/335AC0000000037/20270401_508AC0000000051
335CO0000000292,障害者の雇用の促進等に関する法律施行令,20270401,,出入国管理及び難民認定法及び外国人の技能実習の適正な実施及び技能実習生の保護に関する法律の一部を改正する法律の施行に伴う関係政令の整備及び経過措置に関する政令,令和七年政令第三百四十一号,令和七年十月一日,20270401_507CO0000000341,https://laws.e-gov.go.jp/law/335CO0000000292/20270401_507CO0000000341
335M50000002060,道路交通法施行規則,20270401,,道路交通法施行規則の一部を改正する内閣府令,令和六年内閣府令第六十号,令和六年六月二十六日,20270401_506M60000002060,https://laws.e-gov.go.jp/law/335M50000002060/20270401_506M60000002060
335M50002000006,じん肺法施行規則,20270401,,労働安全衛生規則等の一部を改正する省令,令和八年厚生労働省令第八十九号,令和八年四月二十八日,20270401_508M60000100089,https://laws.e-gov.go.jp/law/335M50002000006/20270401_508M60000100089
336M50000400095,割賦販売法施行規則,20270401,,割賦販売法施行規則の一部を改正する省令,令和七年経済産業省令第五十号,令和七年六月二十四日,20270401_507M60000400050,https://laws.e-gov.go.jp/law/336M50000400095/20270401_507M60000400050
336M50000400095,割賦販売法施行規則,20270401,,割賦販売法施行規則の一部を改正する省令,令和八年経済産業省令第四十九号,令和八年五月二十日,20270401_508M60000400049,https://laws.e-gov.go.jp/law/336M50000400095/20270401_508M60000400049
337AC0000000060,義務教育諸学校の教科書等の無償に関する法律,20270401,,学校教育法等の一部を改正する法律,令和八年法律第三十七号,令和八年六月十七日,20270401_508AC0000000037,https://laws.e-gov.go.jp/law/337AC0000000060/20270401_508AC0000000037
337AC0000000139,行政事件訴訟法,20270401,,出入国管理及び難民認定法及び外国人の技能実習の適正な実施及び技能実習生の保護に関する法律の一部を改正する法律,令和六年法律第六十号,令和六年六月二十一日,20270401_506AC0000000060,https://laws.e-gov.go.jp/law/337AC0000000139/20270401_506AC0000000060
337AC0000000152,地方公務員等共済組合法,20270401,,医療法等の一部を改正する法律,令和七年法律第八十七号,令和七年十二月十二日,20270401_507AC0000000087,https://laws.e-gov.go.jp/law/337AC0000000152/20270401_507AC0000000087
337AC0000000152,地方公務員等共済組合法,20270401,,健康保険法等の一部を改正する法律,令和八年法律第三十一号,令和八年六月五日,20270401_508AC0000000031,https://laws.e-gov.go.jp/law/337AC0000000152/20270401_508AC0000000031
337AC0000000152,地方公務員等共済組合法,20270401,,社会福祉法等の一部を改正する法律,令和八年法律第五十一号,令和八年六月二十五日,20270401_508AC0000000051,https://laws.e-gov.go.jp/law/337AC0000000152/20270401_508AC0000000051
337CO0000000352,地方公務員等共済組合法施行令,20270401,,出入国管理及び難民認定法及び外国人の技能実習の適正な実施及び技能実習生の保護に関する法律の一部を改正する法律の施行に伴う関係政令の整備及び経過措置に関する政令,令和七年政令第三百四十一号,令和七年十月一日,20270401_507CO0000000341,https://laws.e-gov.go.jp/law/337CO0000000352/20270401_507CO0000000341
337CO0000000393,国の利害に関係のある訴訟についての法務大臣の権限等に関する法律第七条第一項の公法人を定める政令,20270401,,出入国管理及び難民認定法及び外国人の技能実習の適正な実施及び技能実習生の保護に関する法律の一部を改正する法律の施行に伴う関係政令の整備及び経過措置に関する政令,令和七年政令第三百四十一号,令和七年十月一日,20270401_507CO0000000341,https://laws.e-gov.go.jp/law/337CO0000000393/20270401_507CO0000000341
337M50000040031,国税徴収法施行規則,20270401,,国税徴収法施行規則の一部を改正する省令,令和八年財務省令第二十号,令和八年三月三十一日,20270401_508M60000040020,https://laws.e-gov.go.jp/law/337M50000040031/20270401_508M60000040020
338AC0000000133,老人福祉法,20270401,,社会福祉法等の一部を改正する法律,令和八年法律第五十一号,令和八年六月二十五日,20270401_508AC0000000051,https://laws.e-gov.go.jp/law/338AC0000000133/20270401_508AC0000000051
338AC0000000182,義務教育諸学校の教科書等の無償措置に関する法律,20270401,,学校教育法等の一部を改正する法律,令和八年法律第三十七号,令和八年六月十七日,20270401_508AC0000000037,https://laws.e-gov.go.jp/law/338AC0000000182/20270401_508AC0000000037
339CO0000000028,独立行政法人等登記令,20270401,,出入国管理及び難民認定法及び外国人の技能実習の適正な実施及び技能実習生の保護に関する法律の一部を改正する法律の施行に伴う関係政令の整備及び経過措置に関する政令,令和七年政令第三百四十一号,令和七年十月一日,20270401_507CO0000000341,https://laws.e-gov.go.jp/law/339CO0000000028/20270401_507CO0000000341
340AC0000000033,所得税法,20270401,,出入国管理及び難民認定法及び外国人の技能実習の適正な実施及び技能実習生の保護に関する法律の一部を改正する法律,令和六年法律第六十号,令和六年六月二十一日,20270401_506AC0000000060,https://laws.e-gov.go.jp/law/340AC0000000033/20270401_506AC0000000060
340AC0000000034,法人税法,20270401,,出入国管理及び難民認定法及び外国人の技能実習の適正な実施及び技能実習生の保護に関する法律の一部を改正する法律,令和六年法律第六十号,令和六年六月二十一日,20270401_506AC0000000060,https://laws.e-gov.go.jp/law/340AC0000000034/20270401_506AC0000000060
340AC0000000034,法人税法,20270401,,金融商品取引法及び資金決済に関する法律の一部を改正する法律,令和八年法律第六十四号,令和八年七月二十三日,20270401_508AC0000000064,https://laws.e-gov.go.jp/law/340AC0000000034/20270401_508AC0000000064
340AC0000000141,母子保健法,20270401,,医療法等の一部を改正する法律,令和七年法律第八十七号,令和七年十二月十二日,20270401_507AC0000000087,https://laws.e-gov.go.jp/law/340AC0000000141/20270401_507AC0000000087
341CO0000000222,行政相談委員法第二条第一項第一号の法人を定める政令,20270401,,出入国管理及び難民認定法及び外国人の技能実習の適正な実施及び技能実習生の保護に関する法律の一部を改正する法律の施行に伴う関係政令の整備及び経過措置に関する政令,令和七年政令第三百四十一号,令和七年十月一日,20270401_507CO0000000341,https://laws.e-gov.go.jp/law/341CO0000000222/20270401_507CO0000000341
341M50002000023,労働施策の総合的な推進並びに労働者の雇用の安定及び職業生活の充実等に関する法律施行規則,20270401,,労働施策の総合的な推進並びに労働者の雇用の安定及び職業生活の充実等に関する法律施行規則の一部を改正する省令,令和八年厚生労働省令第九十五号,令和八年五月二十九日,20270401_508M60000100095,https://laws.e-gov.go.jp/law/341M50002000023/20270401_508M60000100095
342AC0000000023,印紙税法,20270401,,出入国管理及び難民認定法及び外国人の技能実習の適正な実施及び技能実習生の保護に関する法律の一部を改正する法律,令和六年法律第六十号,令和六年六月二十一日,20270401_506AC0000000060,https://laws.e-gov.go.jp/law/342AC0000000023/20270401_506AC0000000060
342AC0000000035,登録免許税法,20270401,,出入国管理及び難民認定法及び外国人の技能実習の適正な実施及び技能実習生の保護に関する法律の一部を改正する法律,令和六年法律第六十号,令和六年六月二十一日,20270401_506AC0000000060,https://laws.e-gov.go.jp/law/342AC0000000035/20270401_506AC0000000060
342AC0000000035,登録免許税法,20270401,,社会福祉法等の一部を改正する法律,令和八年法律第五十一号,令和八年六月二十五日,20270401_508AC0000000051,https://laws.e-gov.go.jp/law/342AC0000000035/20270401_508AC0000000051
342AC0000000035,登録免許税法,20270401,,金融商品取引法及び資金決済に関する法律の一部を改正する法律,令和八年法律第六十四号,令和八年七月二十三日,20270401_508AC0000000064,https://laws.e-gov.go.jp/law/342AC0000000035/20270401_508AC0000000064
342AC0000000035,登録免許税法,20270401,,建築物のエネルギー消費性能の向上等に関する法律の一部を改正する法律,令和八年法律第七十五号,令和八年七月三十一日,20270401_508AC0000000075,https://laws.e-gov.go.jp/law/342AC0000000035/20270401_508AC0000000075
342AC0000000081,住民基本台帳法,20270401,,出入国管理及び難民認定法及び外国人の技能実習の適正な実施及び技能実習生の保護に関する法律の一部を改正する法律,令和六年法律第六十号,令和六年六月二十一日,20270401_506AC0000000060,https://laws.e-gov.go.jp/law/342AC0000000081/20270401_506AC0000000060
342AC0000000081,住民基本台帳法,20270401,,医療法等の一部を改正する法律,令和七年法律第八十七号,令和七年十二月十二日,20270401_507AC0000000087,https://laws.e-gov.go.jp/law/342AC0000000081/20270401_507AC0000000087
342AC0000000081,住民基本台帳法,20270401,,健康保険法等の一部を改正する法律,令和八年法律第三十一号,令和八年六月五日,20270401_508AC0000000031,https://laws.e-gov.go.jp/law/342AC0000000081/20270401_508AC0000000031
342AC0000000081,住民基本台帳法,20270401,,社会福祉法等の一部を改正する法律,令和八年法律第五十一号,令和八年六月二十五日,20270401_508AC0000000051,https://laws.e-gov.go.jp/law/342AC0000000081/20270401_508AC0000000051
342AC0000000081,住民基本台帳法,20270401,,金融商品取引法及び資金決済に関する法律の一部を改正する法律,令和八年法律第六十四号,令和八年七月二十三日,20270401_508AC0000000064,https://laws.e-gov.go.jp/law/342AC0000000081/20270401_508AC0000000064
344AC0000000046,租税条約等の実施に伴う所得税法、法人税法及び地方税法の特例等に関する法律,20270401,,所得税法等の一部を改正する法律,令和八年法律第十二号,令和八年三月三十一日,20270401_508AC0000000012,https://laws.e-gov.go.jp/law/344AC0000000046/20270401_508AC0000000012
344AC0000000079,小笠原諸島振興開発特別措置法,20270401,,医療法等の一部を改正する法律,令和七年法律第八十七号,令和七年十二月十二日,20270401_507AC0000000087,https://laws.e-gov.go.jp/law/344AC0000000079/20270401_507AC0000000087
344AC0000000084,労働保険の保険料の徴収等に関する法律,20270401,,労働者災害補償保険法等の一部を改正する法律,令和八年法律第六十号,令和八年七月十七日,20270401_508AC0000000060,https://laws.e-gov.go.jp/law/344AC0000000084/20270401_508AC0000000060
344M50000048001,租税条約等の実施に伴う所得税法、法人税法及び地方税法の特例等に関する法律の施行に関する省令,20270401,,租税条約等の実施に伴う所得税法、法人税法及び地方税法の特例等に関する法律の施行に関する省令の一部を改正する省令,令和八年総務省・財務省令第三号,令和八年三月三十一日,20270401_508M60000048003,https://laws.e-gov.go.jp/law/344M50000048001/20270401_508M60000048003
345AC0000000048,著作権法,20270401,,学校教育法等の一部を改正する法律,令和八年法律第三十七号,令和八年六月十七日,20270401_508AC0000000037,https://laws.e-gov.go.jp/law/345AC0000000048/20270401_508AC0000000037
345M50002000023,家内労働法施行規則,20270401,,労働安全衛生法及び作業環境測定法の一部を改正する法律の一部の施行に伴う関係省令の整備等に関する省令,令和八年厚生労働省令第二十九号,令和八年三月二十三日,20270401_508M60000100029,https://laws.e-gov.go.jp/law/345M50002000023/20270401_508M60000100029
346M50000100035,廃棄物の処理及び清掃に関する法律施行規則,20270401,,廃棄物の処理及び清掃に関する法律施行規則の一部を改正する省令,令和七年環境省令第十五号,令和七年四月二十二日,20270401_507M60001000015,https://laws.e-gov.go.jp/law/346M50000100035/20270401_507M60001000015
346M50000100035,廃棄物の処理及び清掃に関する法律施行規則,20270401,,廃棄物の処理及び清掃に関する法律施行規則の一部を改正する省令,令和八年環境省令第十号,令和八年三月三十日,20270401_508M60001000010,https://laws.e-gov.go.jp/law/346M50000100035/20270401_508M60001000010
347AC0000000057,労働安全衛生法,20270401,,労働安全衛生法及び作業環境測定法の一部を改正する法律,令和七年法律第三十三号,令和七年五月十四日,20270401_507AC0000000033,https://laws.e-gov.go.jp/law/347AC0000000057/20270401_507AC0000000033
347CO0000000318,労働安全衛生法施行令,20270401,,労働安全衛生法施行令の一部を改正する政令,令和七年政令第三十五号,令和七年二月十九日,20270401_507CO0000000035,https://laws.e-gov.go.jp/law/347CO0000000318/20270401_507CO0000000035
347CO0000000318,労働安全衛生法施行令,20270401,,労働安全衛生法及び作業環境測定法の一部を改正する法律の一部の施行に伴う関係政令の整理等に関する政令,令和八年政令第四十号,令和八年三月十八日,20270401_508CO0000000040,https://laws.e-gov.go.jp/law/347CO0000000318/20270401_508CO0000000040
347M50002000032,労働安全衛生規則,20270401,,労働安全衛生規則の一部を改正する省令,令和七年厚生労働省令第十二号,令和七年二月十九日,20270401_507M60000100012,https://laws.e-gov.go.jp/law/347M50002000032/20270401_507M60000100012
347M50002000032,労働安全衛生規則,20270401,,労働安全衛生法及び作業環境測定法の一部を改正する法律の一部の施行に伴う関係省令の整備等に関する省令,令和八年厚生労働省令第二十九号,令和八年三月二十三日,20270401_508M60000100029,https://laws.e-gov.go.jp/law/347M50002000032/20270401_508M60000100029
347M50002000032,労働安全衛生規則,20270401,,労働安全衛生規則等の一部を改正する省令,令和八年厚生労働省令第八十九号,令和八年四月二十八日,20270401_508M60000100089,https://laws.e-gov.go.jp/law/347M50002000032/20270401_508M60000100089
347M50002000032,労働安全衛生規則,20270401,,クレーン等安全規則及び労働安全衛生規則の一部を改正する省令,令和八年厚生労働省令第九十号,令和八年四月三十日,20270401_508M60000100090,https://laws.e-gov.go.jp/law/347M50002000032/20270401_508M60000100090
347M50002000032,労働安全衛生規則,20270401,,労働安全衛生規則の一部を改正する省令,令和八年厚生労働省令第百十二号,令和八年六月三十日,20270401_508M60000100112,https://laws.e-gov.go.jp/law/347M50002000032/20270401_508M60000100112
347M50002000033,ボイラー及び圧力容器安全規則,20270401,,労働安全衛生法及び作業環境測定法の一部を改正する法律の一部の施行に伴う関係省令の整備等に関する省令,令和八年厚生労働省令第二十九号,令和八年三月二十三日,20270401_508M60000100029,https://laws.e-gov.go.jp/law/347M50002000033/20270401_508M60000100029
347M50002000034,クレーン等安全規則,20270401,,労働安全衛生法及び作業環境測定法の一部を改正する法律の一部の施行に伴う関係省令の整備等に関する省令,令和八年厚生労働省令第二十九号,令和八年三月二十三日,20270401_508M60000100029,https://laws.e-gov.go.jp/law/347M50002000034/20270401_508M60000100029
347M50002000034,クレーン等安全規則,20270401,,クレーン等安全規則及び労働安全衛生規則の一部を改正する省令,令和八年厚生労働省令第九十号,令和八年四月三十日,20270401_508M60000100090,https://laws.e-gov.go.jp/law/347M50002000034/20270401_508M60000100090
347M50002000035,ゴンドラ安全規則,20270401,,労働安全衛生法及び作業環境測定法の一部を改正する法律の一部の施行に伴う関係省令の整備等に関する省令,令和八年厚生労働省令第二十九号,令和八年三月二十三日,20270401_508M60000100029,https://laws.e-gov.go.jp/law/347M50002000035/20270401_508M60000100029
347M50002000036,有機溶剤中毒予防規則,20270401,,労働安全衛生法及び作業環境測定法の一部を改正する法律の一部の施行に伴う関係省令の整備等に関する省令,令和八年厚生労働省令第二十九号,令和八年三月二十三日,20270401_508M60000100029,https://laws.e-gov.go.jp/law/347M50002000036/20270401_508M60000100029
347M50002000036,有機溶剤中毒予防規則,20270401,,労働安全衛生規則等の一部を改正する省令,令和八年厚生労働省令第八十九号,令和八年四月二十八日,20270401_508M60000100089,https://laws.e-gov.go.jp/law/347M50002000036/20270401_508M60000100089
347M50002000037,鉛中毒予防規則,20270401,,労働安全衛生法及び作業環境測定法の一部を改正する法律の一部の施行に伴う関係省令の整備等に関する省令,令和八年厚生労働省令第二十九号,令和八年三月二十三日,20270401_508M60000100029,https://laws.e-gov.go.jp/law/347M50002000037/20270401_508M60000100029
347M50002000038,四アルキル鉛中毒予防規則,20270401,,労働安全衛生法及び作業環境測定法の一部を改正する法律の一部の施行に伴う関係省令の整備等に関する省令,令和八年厚生労働省令第二十九号,令和八年三月二十三日,20270401_508M60000100029,https://laws.e-gov.go.jp/law/347M50002000038/20270401_508M60000100029
347M50002000039,特定化学物質障害予防規則,20270401,,労働安全衛生法及び作業環境測定法の一部を改正する法律の一部の施行に伴う関係省令の整備等に関する省令,令和八年厚生労働省令第二十九号,令和八年三月二十三日,20270401_508M60000100029,https://laws.e-gov.go.jp/law/347M50002000039/20270401_508M60000100029
347M50002000039,特定化学物質障害予防規則,20270401,,労働安全衛生規則等の一部を改正する省令,令和八年厚生労働省令第八十九号,令和八年四月二十八日,20270401_508M60000100089,https://laws.e-gov.go.jp/law/347M50002000039/20270401_508M60000100089
347M50002000040,高気圧作業安全衛生規則,20270401,,労働安全衛生法及び作業環境測定法の一部を改正する法律の一部の施行に伴う関係省令の整備等に関する省令,令和八年厚生労働省令第二十九号,令和八年三月二十三日,20270401_508M60000100029,https://laws.e-gov.go.jp/law/347M50002000040/20270401_508M60000100029
347M50002000041,電離放射線障害防止規則,20270401,,労働安全衛生法及び作業環境測定法の一部を改正する法律の一部の施行に伴う関係省令の整備等に関する省令,令和八年厚生労働省令第二十九号,令和八年三月二十三日,20270401_508M60000100029,https://laws.e-gov.go.jp/law/347M50002000041/20270401_508M60000100029
347M50002000042,酸素欠乏症等防止規則,20270401,,労働安全衛生法及び作業環境測定法の一部を改正する法律の一部の施行に伴う関係省令の整備等に関する省令,令和八年厚生労働省令第二十九号,令和八年三月二十三日,20270401_508M60000100029,https://laws.e-gov.go.jp/law/347M50002000042/20270401_508M60000100029
347M50002000044,労働安全衛生法及びこれに基づく命令に係る登録及び指定に関する省令,20270401,,労働安全衛生法及び作業環境測定法の一部を改正する法律の一部の施行に伴う関係省令の整備等に関する省令,令和八年厚生労働省令第二十九号,令和八年三月二十三日,20270401_508M60000100029,https://laws.e-gov.go.jp/law/347M50002000044/20270401_508M60000100029
347M50002000045,機械等検定規則,20270401,,労働安全衛生法及び作業環境測定法の一部を改正する法律の一部の施行に伴う関係省令の整備等に関する省令,令和八年厚生労働省令第二十九号,令和八年三月二十三日,20270401_508M60000100029,https://laws.e-gov.go.jp/law/347M50002000045/20270401_508M60000100029
347M50002000047,沖縄県の区域における労働安全衛生法及びこれに基づく命令の適用の特別措置等に関する省令,20270401,,労働安全衛生法及び作業環境測定法の一部を改正する法律の一部の施行に伴う関係省令の整備等に関する省令,令和八年厚生労働省令第二十九号,令和八年三月二十三日,20270401_508M60000100029,https://laws.e-gov.go.jp/law/347M50002000047/20270401_508M60000100029
354M50002000018,粉じん障害防止規則,20270401,,労働安全衛生法及び作業環境測定法の一部を改正する法律の一部の施行に伴う関係省令の整備等に関する省令,令和八年厚生労働省令第二十九号,令和八年三月二十三日,20270401_508M60000100029,https://laws.e-gov.go.jp/law/354M50002000018/20270401_508M60000100029
355M50000040044,外国為替に関する省令,20270401,,外国為替に関する省令の一部を改正する省令,令和七年財務省令第五十六号,令和七年六月二十四日,20270401_507M60000040056,https://laws.e-gov.go.jp/law/355M50000040044/20270401_507M60000040056
355M50000040044,外国為替に関する省令,20270401,,外国為替に関する省令の一部を改正する省令,令和八年財務省令第六号,令和八年三月六日,20270401_508M60000040006,https://laws.e-gov.go.jp/law/355M50000040044/20270401_508M60000040006
356AC0000000059,銀行法,20270401,,金融商品取引法及び資金決済に関する法律の一部を改正する法律,令和八年法律第六十四号,令和八年七月二十三日,20270401_508AC0000000064,https://laws.e-gov.go.jp/law/356AC0000000059/20270401_508AC0000000064
356M50000010054,出入国管理及び難民認定法施行規則,20270401,,出入国管理及び難民認定法及び外国人の技能実習の適正な実施及び技能実習生の保護に関する法律の一部を改正する法律の施行に伴う法務省令の整備及び経過措置に関する省令,令和七年法務省令第四十五号,令和七年九月三十日,20270401_507M60000010045,https://laws.e-gov.go.jp/law/356M50000010054/20270401_507M60000010045
357AC0000000080,高齢者の医療の確保に関する法律,20270401,,医療法等の一部を改正する法律,令和七年法律第八十七号,令和七年十二月十二日,20270401_507AC0000000087,https://laws.e-gov.go.jp/law/357AC0000000080/20270401_507AC0000000087
357AC0000000080,高齢者の医療の確保に関する法律,20270401,,健康保険法等の一部を改正する法律,令和八年法律第三十一号,令和八年六月五日,20270401_508AC0000000031,https://laws.e-gov.go.jp/law/357AC0000000080/20270401_508AC0000000031
357AC0000000080,高齢者の医療の確保に関する法律,20270401,,社会福祉法等の一部を改正する法律,令和八年法律第五十一号,令和八年六月二十五日,20270401_508AC0000000051,https://laws.e-gov.go.jp/law/357AC0000000080/20270401_508AC0000000051
357M50000040010,銀行法施行規則,20270401,,銀行法施行規則等の一部を改正する内閣府令,令和八年内閣府令第五十五号,令和八年六月十二日,20270401_508M60000002055,https://laws.e-gov.go.jp/law/357M50000040010/20270401_508M60000002055
357M50000040015,信用金庫法施行規則,20270401,,銀行法施行規則等の一部を改正する内閣府令,令和八年内閣府令第五十五号,令和八年六月十二日,20270401_508M60000002055,https://laws.e-gov.go.jp/law/357M50000040015/20270401_508M60000002055
357M50002040001,労働金庫法施行規則,20270401,,労働金庫法施行規則の一部を改正する命令,令和八年内閣府・厚生労働省令第八号,令和八年六月十二日,20270401_508M60000102008,https://laws.e-gov.go.jp/law/357M50002040001/20270401_508M60000102008
360AC0000000088,労働者派遣事業の適正な運営の確保及び派遣労働者の保護等に関する法律,20270401,,労働安全衛生法及び作業環境測定法の一部を改正する法律,令和七年法律第三十三号,令和七年五月十四日,20270401_507AC0000000033,https://laws.e-gov.go.jp/law/360AC0000000088/20270401_507AC0000000033
361CO0000000095,労働者派遣事業の適正な運営の確保及び派遣労働者の保護等に関する法律施行令,20270401,,出入国管理及び難民認定法及び外国人の技能実習の適正な実施及び技能実習生の保護に関する法律の一部を改正する法律の施行に伴う関係政令の整備及び経過措置に関する政令,令和七年政令第三百四十一号,令和七年十月一日,20270401_507CO0000000341,https://laws.e-gov.go.jp/law/361CO0000000095/20270401_507CO0000000341
361CO0000000095,労働者派遣事業の適正な運営の確保及び派遣労働者の保護等に関する法律施行令,20270401,,労働安全衛生法及び作業環境測定法の一部を改正する法律の一部の施行に伴う関係政令の整理等に関する政令,令和八年政令第四十号,令和八年三月十八日,20270401_508CO0000000040,https://laws.e-gov.go.jp/law/361CO0000000095/20270401_508CO0000000040
361M50002000020,労働者派遣事業の適正な運営の確保及び派遣労働者の保護等に関する法律施行規則,20270401,,労働安全衛生法及び作業環境測定法の一部を改正する法律の一部の施行に伴う関係省令の整備等に関する省令,令和八年厚生労働省令第二十九号,令和八年三月二十三日,20270401_508M60000100029,https://laws.e-gov.go.jp/law/361M50002000020/20270401_508M60000100029
362AC0000000030,社会福祉士及び介護福祉士法,20270401,,社会福祉法等の一部を改正する法律,令和八年法律第五十一号,令和八年六月二十五日,20270401_508AC0000000051,https://laws.e-gov.go.jp/law/362AC0000000030/20270401_508AC0000000051
363AC0000000108,消費税法,20270401,,出入国管理及び難民認定法及び外国人の技能実習の適正な実施及び技能実習生の保護に関する法律の一部を改正する法律,令和六年法律第六十号,令和六年六月二十一日,20270401_506AC0000000060,https://laws.e-gov.go.jp/law/363AC0000000108/20270401_506AC0000000060
363AC0000000108,消費税法,20270401,,所得税法等の一部を改正する法律,令和八年法律第十二号,令和八年三月三十一日,20270401_508AC0000000012,https://laws.e-gov.go.jp/law/363AC0000000108/20270401_508AC0000000012
363CO0000000335,港湾労働法施行令,20270401,,出入国管理及び難民認定法及び外国人の技能実習の適正な実施及び技能実習生の保護に関する法律の一部を改正する法律の施行に伴う関係政令の整備及び経過措置に関する政令,令和七年政令第三百四十一号,令和七年十月一日,20270401_507CO0000000341,https://laws.e-gov.go.jp/law/363CO0000000335/20270401_507CO0000000341
363M50000040053,消費税法施行規則,20270401,,消費税法施行規則等の一部を改正する省令,令和八年財務省令第十九号,令和八年三月三十一日,20270401_508M60000040019,https://laws.e-gov.go.jp/law/363M50000040053/20270401_508M60000040019
401AC0000000064,地域における医療及び介護の総合的な確保の促進に関する法律,20270401,,医療法等の一部を改正する法律,令和七年法律第八十七号,令和七年十二月十二日,20270401_507AC0000000087,https://laws.e-gov.go.jp/law/401AC0000000064/20270401_507AC0000000087
401AC0000000064,地域における医療及び介護の総合的な確保の促進に関する法律,20270401,,健康保険法等の一部を改正する法律,令和八年法律第三十一号,令和八年六月五日,20270401_508AC0000000031,https://laws.e-gov.go.jp/law/401AC0000000064/20270401_508AC0000000031
401M50000100034,地域における医療及び介護の総合的な確保の促進に関する法律施行規則,20270401,,医療法等の一部を改正する法律の一部の施行に伴う厚生労働省関係省令の整備等に関する省令,令和八年厚生労働省令第二十八号,令和八年三月十九日,20270401_508M60000100028,https://laws.e-gov.go.jp/law/401M50000100034/20270401_508M60000100028
401M50000100046,歯科衛生士法施行規則,20270401,,医師法施行規則等の一部を改正する省令,令和八年厚生労働省令第百二十八号,令和八年八月十四日,20270401_508M60000100128,https://laws.e-gov.go.jp/law/401M50000100046/20270401_508M60000100128
402M50000010016,出入国管理及び難民認定法第七条第一項第二号の基準を定める省令,20270401,,出入国管理及び難民認定法及び外国人の技能実習の適正な実施及び技能実習生の保護に関する法律の一部を改正する法律の施行に伴う法務省令の整備及び経過措置に関する省令,令和七年法務省令第四十五号,令和七年九月三十日,20270401_507M60000010045,https://laws.e-gov.go.jp/law/402M50000010016/20270401_507M60000010045
403AC0000000069,地価税法,20270401,,社会福祉法等の一部を改正する法律,令和八年法律第五十一号,令和八年六月二十五日,20270401_508AC0000000051,https://laws.e-gov.go.jp/law/403AC0000000069/20270401_508AC0000000051
404AC0000000086,看護師等の人材確保の促進に関する法律,20270401,,社会福祉法等の一部を改正する法律,令和八年法律第五十一号,令和八年六月二十五日,20270401_508AC0000000051,https://laws.e-gov.go.jp/law/404AC0000000086/20270401_508AC0000000051
405M50000040010,協同組合による金融事業に関する法律施行規則,20270401,,銀行法施行規則等の一部を改正する内閣府令,令和八年内閣府令第五十五号,令和八年六月十二日,20270401_508M60000002055,https://laws.e-gov.go.jp/law/405M50000040010/20270401_508M60000002055
405M50000240001,農業協同組合及び農業協同組合連合会の信用事業に関する命令,20270401,,農業協同組合及び農業協同組合連合会の信用事業に関する命令等の一部を改正する命令,令和八年内閣府・農林水産省令第六号,令和八年六月十二日,20270401_508M60000202006,https://laws.e-gov.go.jp/law/405M50000240001/20270401_508M60000202006
405M50000240002,漁業協同組合等の信用事業等に関する命令,20270401,,農業協同組合及び農業協同組合連合会の信用事業に関する命令等の一部を改正する命令,令和八年内閣府・農林水産省令第六号,令和八年六月十二日,20270401_508M60000202006,https://laws.e-gov.go.jp/law/405M50000240002/20270401_508M60000202006
406AC0000000077,不動産特定共同事業法,20270401,,金融商品取引法及び資金決済に関する法律の一部を改正する法律,令和八年法律第六十四号,令和八年七月二十三日,20270401_508AC0000000064,https://laws.e-gov.go.jp/law/406AC0000000077/20270401_508AC0000000064
406AC0000000117,原子爆弾被爆者に対する援護に関する法律,20270401,,医療法等の一部を改正する法律,令和七年法律第八十七号,令和七年十二月十二日,20270401_507AC0000000087,https://laws.e-gov.go.jp/law/406AC0000000117/20270401_507AC0000000087
406CO0000000265,行政手続法施行令,20270401,,出入国管理及び難民認定法及び外国人の技能実習の適正な実施及び技能実習生の保護に関する法律の一部を改正する法律の施行に伴う関係政令の整備及び経過措置に関する政令,令和七年政令第三百四十一号,令和七年十月一日,20270401_507CO0000000341,https://laws.e-gov.go.jp/law/406CO0000000265/20270401_507CO0000000341
406M50000100063,中国残留邦人等の円滑な帰国の促進並びに永住帰国した中国残留邦人等及び特定配偶者の自立の支援に関する法律施行規則,20270401,,医療法等の一部を改正する法律の一部の施行に伴う厚生労働省関係省令の整備等に関する省令,令和八年厚生労働省令第二十八号,令和八年三月十九日,20270401_508M60000100028,https://laws.e-gov.go.jp/law/406M50000100063/20270401_508M60000100028
407AC0000000105,保険業法,20270401,,金融商品取引法及び資金決済に関する法律の一部を改正する法律,令和八年法律第六十四号,令和八年七月二十三日,20270401_508AC0000000064,https://laws.e-gov.go.jp/law/407AC0000000105/20270401_508AC0000000064
408M50000040005,保険業法施行規則,20270401,,銀行法施行規則等の一部を改正する内閣府令,令和八年内閣府令第五十五号,令和八年六月十二日,20270401_508M60000002055,https://laws.e-gov.go.jp/law/408M50000040005/20270401_508M60000002055
409AC0000000123,介護保険法,20270401,,医療法等の一部を改正する法律,令和七年法律第八十七号,令和七年十二月十二日,20270401_507AC0000000087,https://laws.e-gov.go.jp/law/409AC0000000123/20270401_507AC0000000087
409AC0000000123,介護保険法,20270401,,健康保険法等の一部を改正する法律,令和八年法律第三十一号,令和八年六月五日,20270401_508AC0000000031,https://laws.e-gov.go.jp/law/409AC0000000123/20270401_508AC0000000031
409AC0000000123,介護保険法,20270401,,社会福祉法等の一部を改正する法律,令和八年法律第五十一号,令和八年六月二十五日,20270401_508AC0000000051,https://laws.e-gov.go.jp/law/409AC0000000123/20270401_508AC0000000051
409CO0000000346,環境影響評価法施行令,20270401,,環境影響評価法施行令の一部を改正する政令,令和八年政令第二百三十号,令和八年七月二十三日,20270401_508CO0000000230,https://laws.e-gov.go.jp/law/409CO0000000346/20270401_508CO0000000230
409M50001000076,登録検査等事業者等規則,20270401,,電波法施行規則等の一部を改正する省令,令和八年総務省令第二号,令和八年一月十四日,20270401_508M60000008002,https://laws.e-gov.go.jp/law/409M50001000076/20270401_508M60000008002
410AC0000000090,投資事業有限責任組合契約に関する法律,20270401,,金融商品取引法及び資金決済に関する法律の一部を改正する法律,令和八年法律第六十四号,令和八年七月二十三日,20270401_508AC0000000064,https://laws.e-gov.go.jp/law/410AC0000000090/20270401_508AC0000000064
410AC0000000114,感染症の予防及び感染症の患者に対する医療に関する法律,20270401,,医療法等の一部を改正する法律,令和七年法律第八十七号,令和七年十二月十二日,20270401_507AC0000000087,https://laws.e-gov.go.jp/law/410AC0000000114/20270401_507AC0000000087
410AC0000000114,感染症の予防及び感染症の患者に対する医療に関する法律,20270401,,健康保険法等の一部を改正する法律,令和八年法律第三十一号,令和八年六月五日,20270401_508AC0000000031,https://laws.e-gov.go.jp/law/410AC0000000114/20270401_508AC0000000031
410AC0000000137,一般会計における債務の承継等に伴い必要な財源の確保に係る特別措置に関する法律,20270401,,所得税法等の一部を改正する法律,令和七年法律第十三号,令和七年三月三十一日,20270401_507AC0000000013,https://laws.e-gov.go.jp/law/410AC0000000137/20270401_507AC0000000013
410AC1000000130,金融庁設置法,20270401,,金融商品取引法及び資金決済に関する法律の一部を改正する法律,令和八年法律第六十四号,令和八年七月二十三日,20270401_508AC0000000064,https://laws.e-gov.go.jp/law/410AC1000000130/20270401_508AC0000000064
410CO0000000178,出入国管理及び難民認定法施行令,20270401,,出入国管理及び難民認定法及び外国人の技能実習の適正な実施及び技能実習生の保護に関する法律の一部を改正する法律の施行に伴う関係政令の整備及び経過措置に関する政令,令和七年政令第三百四十一号,令和七年十月一日,20270401_507CO0000000341,https://laws.e-gov.go.jp/law/410CO0000000178/20270401_507CO0000000341
410CO0000000345,たばこ特別税に関する政令,20270401,,たばこ特別税に関する政令の一部を改正する政令,令和七年政令第百二十九号,令和七年三月三十一日,20270401_507CO0000000129,https://laws.e-gov.go.jp/law/410CO0000000345/20270401_507CO0000000129
410M50000180002,言語聴覚士学校養成所指定規則,20270401,,言語聴覚士学校養成所指定規則の一部を改正する省令,令和六年文部科学省・厚生労働省令第一号,令和六年三月二十九日,20270401_506M60000180001,https://laws.e-gov.go.jp/law/410M50000180002/20270401_506M60000180001
410M50400000013,指定自動車教習所等の教習の基準の細目に関する規則,20270401,,指定自動車教習所等の教習の基準の細目に関する規則の一部を改正する規則,令和六年国家公安委員会規則第八号,令和六年六月二十六日,20270401_506M60400000008,https://laws.e-gov.go.jp/law/410M50400000013/20270401_506M60400000008
411AC0000000096,文部科学省設置法,20270401,,学校教育法等の一部を改正する法律,令和八年法律第三十七号,令和八年六月十七日,20270401_508AC0000000037,https://laws.e-gov.go.jp/law/411AC0000000096/20270401_508AC0000000037
411AC0000000097,厚生労働省設置法,20270401,,社会福祉法等の一部を改正する法律,令和八年法律第五十一号,令和八年六月二十五日,20270401_508AC0000000051,https://laws.e-gov.go.jp/law/411AC0000000097/20270401_508AC0000000051
411AC0000000136,組織的な犯罪の処罰及び犯罪収益の規制等に関する法律,20270401,,出入国管理及び難民認定法及び外国人の技能実習の適正な実施及び技能実習生の保護に関する法律の一部を改正する法律,令和六年法律第六十号,令和六年六月二十一日,20270401_506AC0000000060,https://laws.e-gov.go.jp/law/411AC0000000136/20270401_506AC0000000060
411AC0100000004,特定融資枠契約に関する法律,20270401,,金融商品取引法及び資金決済に関する法律の一部を改正する法律,令和八年法律第六十四号,令和八年七月二十三日,20270401_508AC0000000064,https://laws.e-gov.go.jp/law/411AC0100000004/20270401_508AC0000000064
412AC0000000101,金融サービスの提供及び利用環境の整備等に関する法律,20270401,,金融商品取引法及び資金決済に関する法律の一部を改正する法律,令和八年法律第六十四号,令和八年七月二十三日,20270401_508AC0000000064,https://laws.e-gov.go.jp/law/412AC0000000101/20270401_508AC0000000064
412AC1000000149,マンションの管理の適正化の推進に関する法律,20270401,,老朽化マンション等の管理及び再生の円滑化等を図るための建物の区分所有等に関する法律等の一部を改正する法律,令和七年法律第四十七号,令和七年五月三十日,20270401_507AC0000000047,https://laws.e-gov.go.jp/law/412AC1000000149/20270401_507AC0000000047
412CO0000000248,法務省組織令,20270401,,出入国管理及び難民認定法及び外国人の技能実習の適正な実施及び技能実習生の保護に関する法律の一部を改正する法律の施行に伴う関係政令の整備及び経過措置に関する政令,令和七年政令第三百四十一号,令和七年十月一日,20270401_507CO0000000341,https://laws.e-gov.go.jp/law/412CO0000000248/20270401_507CO0000000341
412CO0000000252,厚生労働省組織令,20270401,,出入国管理及び難民認定法及び外国人の技能実習の適正な実施及び技能実習生の保護に関する法律の一部を改正する法律の施行に伴う関係政令の整備及び経過措置に関する政令,令和七年政令第三百四十一号,令和七年十月一日,20270401_507CO0000000341,https://laws.e-gov.go.jp/law/412CO0000000252/20270401_507CO0000000341
412CO0000000284,労働政策審議会令,20270401,,出入国管理及び難民認定法及び外国人の技能実習の適正な実施及び技能実習生の保護に関する法律の一部を改正する法律の施行に伴う関係政令の整備及び経過措置に関する政令,令和七年政令第三百四十一号,令和七年十月一日,20270401_507CO0000000341,https://laws.e-gov.go.jp/law/412CO0000000284/20270401_507CO0000000341
412CO0000000523,公益的法人等への一般職の地方公務員の派遣等に関する法律第二条第一項第三号の法人を定める政令,20270401,,公益的法人等への一般職の地方公務員の派遣等に関する法律第二条第一項第三号の法人を定める政令の一部を改正する政令,令和八年政令第二百五十号,令和八年八月七日,20270401_508CO0000000250,https://laws.e-gov.go.jp/law/412CO0000000523/20270401_508CO0000000250
413AC0000000065,ポリ塩化ビフェニル廃棄物の適正な処理の推進に関する特別措置法,20270401,,ポリ塩化ビフェニル廃棄物の適正な処理の推進に関する特別措置法及び中間貯蔵・環境安全事業株式会社法の一部を改正する法律,令和八年法律第四十四号,令和八年六月十九日,20270401_508AC0000000044,https://laws.e-gov.go.jp/law/413AC0000000065/20270401_508AC0000000044
413AC0000000075,社債、株式等の振替に関する法律,20270401,,地域の自主性及び自立性を高めるための改革の推進を図るための関係法律の整備に関する法律,令和八年法律第二十七号,令和八年六月三日,20270401_508AC0000000027,https://laws.e-gov.go.jp/law/413AC0000000075/20270401_508AC0000000027
413AC0000000093,農林中央金庫法,20270401,,金融商品取引法及び資金決済に関する法律の一部を改正する法律,令和八年法律第六十四号,令和八年七月二十三日,20270401_508AC0000000064,https://laws.e-gov.go.jp/law/413AC0000000093/20270401_508AC0000000064
413AC0000000140,独立行政法人等の保有する情報の公開に関する法律,20270401,,出入国管理及び難民認定法及び外国人の技能実習の適正な実施及び技能実習生の保護に関する法律の一部を改正する法律,令和六年法律第六十号,令和六年六月二十一日,20270401_506AC0000000060,https://laws.e-gov.go.jp/law/413AC0000000140/20270401_506AC0000000060
413CO0000000238,マンションの管理の適正化の推進に関する法律施行令,20270401,,マンションの管理の適正化の推進に関する法律施行令の一部を改正する政令,令和八年政令第百六十八号,令和八年五月二十日,20270401_508CO0000000168,https://laws.e-gov.go.jp/law/413CO0000000238/20270401_508CO0000000168
413M60000202016,農林中央金庫法施行規則,20270401,,農業協同組合及び農業協同組合連合会の信用事業に関する命令等の一部を改正する命令,令和八年内閣府・農林水産省令第六号,令和八年六月十二日,20270401_508M60000202006,https://laws.e-gov.go.jp/law/413M60000202016/20270401_508M60000202006
413M60000800110,マンションの管理の適正化の推進に関する法律施行規則,20270401,,マンションの管理の適正化の推進に関する法律施行規則及び長期優良住宅の普及の促進に関する法律施行規則の一部を改正する省令,令和八年国土交通省令第七十号,令和八年七月三十一日,20270401_508M60000800070,https://laws.e-gov.go.jp/law/413M60000800110/20270401_508M60000800070
414AC0000000088,鳥獣の保護及び管理並びに狩猟の適正化に関する法律,20270401,,鳥獣の保護及び管理並びに狩猟の適正化に関する法律の一部を改正する法律,令和七年法律第二十八号,令和七年四月二十五日,20270401_507AC0000000028,https://laws.e-gov.go.jp/law/414AC0000000088/20270401_507AC0000000028
414AC0000000103,健康増進法,20270401,,医療法等の一部を改正する法律,令和七年法律第八十七号,令和七年十二月十二日,20270401_507AC0000000087,https://laws.e-gov.go.jp/law/414AC0000000103/20270401_507AC0000000087
415AC0000000044,中間貯蔵・環境安全事業株式会社法,20270401,,ポリ塩化ビフェニル廃棄物の適正な処理の推進に関する特別措置法及び中間貯蔵・環境安全事業株式会社法の一部を改正する法律,令和八年法律第四十四号,令和八年六月十九日,20270401_508AC0000000044,https://laws.e-gov.go.jp/law/415AC0000000044/20270401_508AC0000000044
415AC0000000057,個人情報の保護に関する法律,20270401,,出入国管理及び難民認定法及び外国人の技能実習の適正な実施及び技能実習生の保護に関する法律の一部を改正する法律,令和六年法律第六十号,令和六年六月二十一日,20270401_506AC0000000060,https://laws.e-gov.go.jp/law/415AC0000000057/20270401_506AC0000000060
415CO0000000027,情報通信技術を活用した行政の推進等に関する法律施行令,20270401,,出入国管理及び難民認定法及び外国人の技能実習の適正な実施及び技能実習生の保護に関する法律の一部を改正する法律の施行に伴う関係政令の整備及び経過措置に関する政令,令和七年政令第三百四十一号,令和七年十月一日,20270401_507CO0000000341,https://laws.e-gov.go.jp/law/415CO0000000027/20270401_507CO0000000341
415CO0000000516,独立行政法人国立病院機構法施行令,20270401,,出入国管理及び難民認定法及び外国人の技能実習の適正な実施及び技能実習生の保護に関する法律の一部を改正する法律の施行に伴う関係政令の整備及び経過措置に関する政令,令和七年政令第三百四十一号,令和七年十月一日,20270401_507CO0000000341,https://laws.e-gov.go.jp/law/415CO0000000516/20270401_507CO0000000341
415M60000200095,独立行政法人農業者年金基金法施行規則,20270401,,独立行政法人農業者年金基金法施行規則の一部を改正する省令,令和八年農林水産省令第二十九号,令和八年三月三十一日,20270401_508M60000200029,https://laws.e-gov.go.jp/law/415M60000200095/20270401_508M60000200029
416AC0000000154,信託業法,20270401,,金融商品取引法及び資金決済に関する法律の一部を改正する法律,令和八年法律第六十四号,令和八年七月二十三日,20270401_508AC0000000064,https://laws.e-gov.go.jp/law/416AC0000000154/20270401_508AC0000000064
416CO0000000369,船員職業安定法施行令,20270401,,出入国管理及び難民認定法及び外国人の技能実習の適正な実施及び技能実習生の保護に関する法律の一部を改正する法律の施行に伴う関係政令の整備及び経過措置に関する政令,令和七年政令第三百四十一号,令和七年十月一日,20270401_507CO0000000341,https://laws.e-gov.go.jp/law/416CO0000000369/20270401_507CO0000000341
416M60000100077,独立行政法人国立病院機構の業務運営、財務及び会計並びに人事管理に関する省令,20270401,,医療法等の一部を改正する法律の施行に伴う厚生労働省関係省令の整備等に関する省令,令和八年厚生労働省令第百十九号,令和八年七月三十一日,20270401_508M60000100119,https://laws.e-gov.go.jp/law/416M60000100077/20270401_508M60000100119
417AC0000000024,地域再生法,20270401,,社会福祉法等の一部を改正する法律,令和八年法律第五十一号,令和八年六月二十五日,20270401_508AC0000000051,https://laws.e-gov.go.jp/law/417AC0000000024/20270401_508AC0000000051
417AC0000000071,独立行政法人地域医療機能推進機構法,20270401,,社会福祉法等の一部を改正する法律,令和八年法律第五十一号,令和八年六月二十五日,20270401_508AC0000000051,https://laws.e-gov.go.jp/law/417AC0000000071/20270401_508AC0000000051
417AC0000000086,会社法,20270401,,金融商品取引法及び資金決済に関する法律の一部を改正する法律,令和八年法律第六十四号,令和八年七月二十三日,20270401_508AC0000000064,https://laws.e-gov.go.jp/law/417AC0000000086/20270401_508AC0000000064
417AC0000000097,郵政民営化法,20270401,,郵政民営化法等の一部を改正する法律,令和八年法律第五十号,令和八年六月二十五日,20270401_508AC1000000050,https://laws.e-gov.go.jp/law/417AC0000000097/20270401_508AC1000000050
417AC0000000098,日本郵政株式会社法,20270401,,郵政民営化法等の一部を改正する法律,令和八年法律第五十号,令和八年六月二十五日,20270401_508AC1000000050,https://laws.e-gov.go.jp/law/417AC0000000098/20270401_508AC1000000050
417AC0000000101,独立行政法人郵便貯金簡易生命保険管理・郵便局ネットワーク支援機構法,20270401,,郵政民営化法等の一部を改正する法律,令和八年法律第五十号,令和八年六月二十五日,20270401_508AC1000000050,https://laws.e-gov.go.jp/law/417AC0000000101/20270401_508AC1000000050
417AC0000000123,障害者の日常生活及び社会生活を総合的に支援するための法律,20270401,,医療法等の一部を改正する法律,令和七年法律第八十七号,令和七年十二月十二日,20270401_507AC0000000087,https://laws.e-gov.go.jp/law/417AC0000000123/20270401_507AC0000000087
417AC0000000123,障害者の日常生活及び社会生活を総合的に支援するための法律,20270401,,健康保険法等の一部を改正する法律,令和八年法律第三十一号,令和八年六月五日,20270401_508AC0000000031,https://laws.e-gov.go.jp/law/417AC0000000123/20270401_508AC0000000031
417AC0000000123,障害者の日常生活及び社会生活を総合的に支援するための法律,20270401,,社会福祉法等の一部を改正する法律,令和八年法律第五十一号,令和八年六月二十五日,20270401_508AC0000000051,https://laws.e-gov.go.jp/law/417AC0000000123/20270401_508AC0000000051
417AC1000000124,高齢者虐待の防止、高齢者の養護者に対する支援等に関する法律,20270401,,社会福祉法等の一部を改正する法律,令和八年法律第五十一号,令和八年六月二十五日,20270401_508AC0000000051,https://laws.e-gov.go.jp/law/417AC1000000124/20270401_508AC0000000051
417CO0000000146,公益通報者保護法別表第八号の法律を定める政令,20270401,,出入国管理及び難民認定法及び外国人の技能実習の適正な実施及び技能実習生の保護に関する法律の一部を改正する法律の施行に伴う関係政令の整備及び経過措置に関する政令,令和七年政令第三百四十一号,令和七年十月一日,20270401_507CO0000000341,https://laws.e-gov.go.jp/law/417CO0000000146/20270401_507CO0000000341
417CO0000000314,建設労働者の雇用の改善等に関する法律施行令,20270401,,出入国管理及び難民認定法及び外国人の技能実習の適正な実施及び技能実習生の保護に関する法律の一部を改正する法律の施行に伴う関係政令の整備及び経過措置に関する政令,令和七年政令第三百四十一号,令和七年十月一日,20270401_507CO0000000341,https://laws.e-gov.go.jp/law/417CO0000000314/20270401_507CO0000000341
417M60000008167,携帯音声通信事業者による契約者等の本人確認等及び携帯音声通信役務の不正な利用の防止に関する法律施行規則,20270401,,携帯音声通信事業者による契約者等の本人確認等及び携帯音声通信役務の不正な利用の防止に関する法律施行規則の一部を改正する省令,令和八年総務省令第九十四号,令和八年七月二十七日,20270401_508M60000008094,https://laws.e-gov.go.jp/law/417M60000008167/20270401_508M60000008094
417M60000100021,石綿障害予防規則,20270401,,労働安全衛生法及び作業環境測定法の一部を改正する法律の一部の施行に伴う関係省令の整備等に関する省令,令和八年厚生労働省令第二十九号,令和八年三月二十三日,20270401_508M60000100029,https://laws.e-gov.go.jp/law/417M60000100021/20270401_508M60000100029
417M60000200027,農業協同組合法施行規則,20270401,,農業協同組合法施行規則及び水産業協同組合法施行規則の一部を改正する省令,令和八年農林水産省令第四十八号,令和八年六月三十日,20270401_508M60000200048,https://laws.e-gov.go.jp/law/417M60000200027/20270401_508M60000200048
418AC0000000004,石綿による健康被害の救済に関する法律,20270401,,医療法等の一部を改正する法律,令和七年法律第八十七号,令和七年十二月十二日,20270401_507AC0000000087,https://laws.e-gov.go.jp/law/418AC0000000004/20270401_507AC0000000087
418AC0000000004,石綿による健康被害の救済に関する法律,20270401,,労働者災害補償保険法等の一部を改正する法律,令和八年法律第六十号,令和八年七月十七日,20270401_508AC0000000060,https://laws.e-gov.go.jp/law/418AC0000000004/20270401_508AC0000000060
418AC0000000077,就学前の子どもに関する教育、保育等の総合的な提供の推進に関する法律,20270401,,地域の自主性及び自立性を高めるための改革の推進を図るための関係法律の整備に関する法律,令和六年法律第五十三号,令和六年六月十九日,20270401_506AC0000000053,https://laws.e-gov.go.jp/law/418AC0000000077/20270401_506AC0000000053
418AC0000000116,道州制特別区域における広域行政の推進に関する法律,20270401,,社会福祉法等の一部を改正する法律,令和八年法律第五十一号,令和八年六月二十五日,20270401_508AC0000000051,https://laws.e-gov.go.jp/law/418AC0000000116/20270401_508AC0000000051
418M60000100019,障害者の日常生活及び社会生活を総合的に支援するための法律施行規則,20270401,,障害者の日常生活及び社会生活を総合的に支援するための法律施行規則の一部を改正する命令,令和八年内閣府・厚生労働省令第二号,令和八年三月三十一日,20270401_508M60000102002,https://laws.e-gov.go.jp/law/418M60000100019/20270401_508M60000102002
419AC0000000022,犯罪による収益の移転防止に関する法律,20270401,,金融商品取引法及び資金決済に関する法律の一部を改正する法律,令和八年法律第六十四号,令和八年七月二十三日,20270401_508AC0000000064,https://laws.e-gov.go.jp/law/419AC0000000022/20270401_508AC0000000064
419AC0000000057,株式会社日本政策金融公庫法,20270401,,金融商品取引法及び資金決済に関する法律の一部を改正する法律,令和八年法律第六十四号,令和八年七月二十三日,20270401_508AC0000000064,https://laws.e-gov.go.jp/law/419AC0000000057/20270401_508AC0000000064
419AC0000000064,地方公共団体金融機構法,20270401,,地域の自主性及び自立性を高めるための改革の推進を図るための関係法律の整備に関する法律,令和八年法律第二十七号,令和八年六月三日,20270401_508AC0000000027,https://laws.e-gov.go.jp/law/419AC0000000064/20270401_508AC0000000027
419AC0000000074,株式会社商工組合中央金庫法,20270401,,金融商品取引法及び資金決済に関する法律の一部を改正する法律,令和八年法律第六十四号,令和八年七月二十三日,20270401_508AC0000000064,https://laws.e-gov.go.jp/law/419AC0000000074/20270401_508AC0000000064
419AC0000000085,株式会社日本政策投資銀行法,20270401,,金融商品取引法及び資金決済に関する法律の一部を改正する法律,令和八年法律第六十四号,令和八年七月二十三日,20270401_508AC0000000064,https://laws.e-gov.go.jp/law/419AC0000000085/20270401_508AC0000000064
419AC0100000103,救急医療用ヘリコプターを用いた救急医療の確保に関する特別措置法,20270401,,医療法等の一部を改正する法律,令和七年法律第八十七号,令和七年十二月十二日,20270401_507AC0000000087,https://laws.e-gov.go.jp/law/419AC0100000103/20270401_507AC0000000087
419AC1000000112,住宅確保要配慮者に対する賃貸住宅の供給の促進に関する法律,20270401,,社会福祉法等の一部を改正する法律,令和八年法律第五十一号,令和八年六月二十五日,20270401_508AC0000000051,https://laws.e-gov.go.jp/law/419AC1000000112/20270401_508AC0000000051
420AC0100000081,障害のある児童及び生徒のための教科用特定図書等の普及の促進等に関する法律,20270401,,学校教育法等の一部を改正する法律,令和八年法律第三十七号,令和八年六月十七日,20270401_508AC0000000037,https://laws.e-gov.go.jp/law/420AC0100000081/20270401_508AC0000000037
420CO0000000334,統計法施行令,20270401,,出入国管理及び難民認定法及び外国人の技能実習の適正な実施及び技能実習生の保護に関する法律の一部を改正する法律の施行に伴う関係政令の整備及び経過措置に関する政令,令和七年政令第三百四十一号,令和七年十月一日,20270401_507CO0000000341,https://laws.e-gov.go.jp/law/420CO0000000334/20270401_507CO0000000341
420CO0000000389,職員の退職管理に関する政令,20270401,,出入国管理及び難民認定法及び外国人の技能実習の適正な実施及び技能実習生の保護に関する法律の一部を改正する法律の施行に伴う関係政令の整備及び経過措置に関する政令,令和七年政令第三百四十一号,令和七年十月一日,20270401_507CO0000000341,https://laws.e-gov.go.jp/law/420CO0000000389/20270401_507CO0000000341
420CO0000000390,行政執行法人の役員の退職管理に関する政令,20270401,,出入国管理及び難民認定法及び外国人の技能実習の適正な実施及び技能実習生の保護に関する法律の一部を改正する法律の施行に伴う関係政令の整備及び経過措置に関する政令,令和七年政令第三百四十一号,令和七年十月一日,20270401_507CO0000000341,https://laws.e-gov.go.jp/law/420CO0000000390/20270401_507CO0000000341
420M60000200010,水産業協同組合法施行規則,20270401,,農業協同組合法施行規則及び水産業協同組合法施行規則の一部を改正する省令,令和八年農林水産省令第四十八号,令和八年六月三十日,20270401_508M60000200048,https://laws.e-gov.go.jp/law/420M60000200010/20270401_508M60000200048
420M60000442001,経済産業省・財務省・内閣府関係株式会社商工組合中央金庫法施行規則,20270401,,経済産業省・財務省・内閣府関係株式会社商工組合中央金庫法施行規則の一部を改正する命令,令和八年内閣府・財務省・経済産業省令第三号,令和八年六月十二日,20270401_508M60000442003,https://laws.e-gov.go.jp/law/420M60000442001/20270401_508M60000442003
420M60000F5A001,犯罪による収益の移転防止に関する法律施行規則,20270401,,犯罪による収益の移転防止に関する法律施行規則の一部を改正する命令,令和七年内閣府・総務省・法務省・財務省・厚生労働省・農林水産省・経済産業省・国土交通省令第三号,令和七年六月二十四日,20270401_507M60000F5A003,https://laws.e-gov.go.jp/law/420M60000F5A001/20270401_507M60000F5A003
420M60000F5A001,犯罪による収益の移転防止に関する法律施行規則,20270401,,犯罪による収益の移転防止に関する法律施行規則の一部を改正する命令,令和八年内閣府・総務省・法務省・財務省・厚生労働省・農林水産省・経済産業省・国土交通省令第一号,令和八年三月六日,20270401_508M60000F5A001,https://laws.e-gov.go.jp/law/420M60000F5A001/20270401_508M60000F5A001
420M60000F5A001,犯罪による収益の移転防止に関する法律施行規則,20270401,,犯罪による収益の移転防止に関する法律施行規則の一部を改正する命令,令和八年内閣府・総務省・法務省・財務省・厚生労働省・農林水産省・経済産業省・国土交通省令第五号,令和八年六月二十六日,20270401_508M60000F5A005,https://laws.e-gov.go.jp/law/420M60000F5A001/20270401_508M60000F5A005
421AC0000000059,資金決済に関する法律,20270401,,金融商品取引法及び資金決済に関する法律の一部を改正する法律,令和八年法律第六十四号,令和八年七月二十三日,20270401_508AC0000000064,https://laws.e-gov.go.jp/law/421AC0000000059/20270401_508AC0000000064
421AC0000000066,公文書等の管理に関する法律,20270401,,出入国管理及び難民認定法及び外国人の技能実習の適正な実施及び技能実習生の保護に関する法律の一部を改正する法律,令和六年法律第六十号,令和六年六月二十一日,20270401_506AC0000000060,https://laws.e-gov.go.jp/law/421AC0000000066/20270401_506AC0000000060
421AC1000000081,水俣病被害者の救済及び水俣病問題の解決に関する特別措置法,20270401,,医療法等の一部を改正する法律,令和七年法律第八十七号,令和七年十二月十二日,20270401_507AC0000000087,https://laws.e-gov.go.jp/law/421AC1000000081/20270401_507AC0000000087
421M60000800003,長期優良住宅の普及の促進に関する法律施行規則,20270401,,マンションの管理の適正化の推進に関する法律施行規則及び長期優良住宅の普及の促進に関する法律施行規則の一部を改正する省令,令和八年国土交通省令第七十号,令和八年七月三十一日,20270401_508M60000800070,https://laws.e-gov.go.jp/law/421M60000800003/20270401_508M60000800070
422CO0000000067,租税特別措置の適用状況の透明化等に関する法律施行令,20270401,,租税特別措置の適用状況の透明化等に関する法律施行令等の一部を改正する政令,令和八年政令第百一号,令和八年三月三十一日,20270401_508CO0000000101,https://laws.e-gov.go.jp/law/422CO0000000067/20270401_508CO0000000101
423AC0000000029,東日本大震災の被災者等に係る国税関係法律の臨時特例に関する法律,20270401,,所得税法等の一部を改正する法律,令和八年法律第十二号,令和八年三月三十一日,20270401_508AC0000000012,https://laws.e-gov.go.jp/law/423AC0000000029/20270401_508AC0000000012
423AC0000000039,株式会社国際協力銀行法,20270401,,金融商品取引法及び資金決済に関する法律の一部を改正する法律,令和八年法律第六十四号,令和八年七月二十三日,20270401_508AC0000000064,https://laws.e-gov.go.jp/law/423AC0000000039/20270401_508AC0000000064
423AC0000000040,東日本大震災に対処するための特別の財政援助及び助成に関する法律,20270401,,社会福祉法等の一部を改正する法律,令和八年法律第五十一号,令和八年六月二十五日,20270401_508AC0000000051,https://laws.e-gov.go.jp/law/423AC0000000040/20270401_508AC0000000051
423AC0000000126,特定Ｂ型肝炎ウイルス感染者給付金等の支給に関する特別措置法,20270401,,医療法等の一部を改正する法律,令和七年法律第八十七号,令和七年十二月十二日,20270401_507AC0000000087,https://laws.e-gov.go.jp/law/423AC0000000126/20270401_507AC0000000087
423CO0000000112,東日本大震災の被災者等に係る国税関係法律の臨時特例に関する法律施行令,20270401,,東日本大震災の被災者等に係る国税関係法律の臨時特例に関する法律施行令の一部を改正する政令,令和八年政令第百二号,令和八年三月三十一日,20270401_508CO0000000102,https://laws.e-gov.go.jp/law/423CO0000000112/20270401_508CO0000000102
423M60000040020,東日本大震災の被災者等に係る国税関係法律の臨時特例に関する法律施行規則,20270401,,東日本大震災の被災者等に係る国税関係法律の臨時特例に関する法律施行規則の一部を改正する省令,令和八年財務省令第二十四号,令和八年三月三十一日,20270401_508M60000040024,https://laws.e-gov.go.jp/law/423M60000040020/20270401_508M60000040024
423M60000100152,東日本大震災により生じた放射性物質により汚染された土壌等を除染するための業務等に係る電離放射線障害防止規則,20270401,,労働安全衛生法及び作業環境測定法の一部を改正する法律の一部の施行に伴う関係省令の整備等に関する省令,令和八年厚生労働省令第二十九号,令和八年三月二十三日,20270401_508M60000100029,https://laws.e-gov.go.jp/law/423M60000100152/20270401_508M60000100029
423M60400000008,国家公安委員会行政文書管理規則,20270401,,国家公安委員会行政文書管理規則の一部を改正する規則,令和八年国家公安委員会規則第十八号,令和八年九月一日,20270401_508M60400000018,https://laws.e-gov.go.jp/law/423M60400000008/20270401_508M60400000018
424AC0000000065,子ども・子育て支援法,20270401,,健康保険法等の一部を改正する法律,令和八年法律第三十一号,令和八年六月五日,20270401_508AC0000000031,https://laws.e-gov.go.jp/law/424AC0000000065/20270401_508AC0000000031
424M60000400046,再生可能エネルギー電気の利用の促進に関する特別措置法施行規則,20270401,,再生可能エネルギー電気の利用の促進に関する特別措置法施行規則の一部を改正する省令,令和八年経済産業省令第二十九号,令和八年三月三十一日,20270401_508M60000400029,https://laws.e-gov.go.jp/law/424M60000400046/20270401_508M60000400029
425AC0000000098,産業競争力強化法,20270401,,金融商品取引法及び資金決済に関する法律の一部を改正する法律,令和八年法律第六十四号,令和八年七月二十三日,20270401_508AC0000000064,https://laws.e-gov.go.jp/law/425AC0000000098/20270401_508AC0000000064
425AC0000000105,生活困窮者自立支援法,20270401,,社会福祉法等の一部を改正する法律,令和八年法律第五十一号,令和八年六月二十五日,20270401_508AC0000000051,https://laws.e-gov.go.jp/law/425AC0000000105/20270401_508AC0000000051
425AC0000000107,国家戦略特別区域法,20270401,,医療法等の一部を改正する法律,令和七年法律第八十七号,令和七年十二月十二日,20270401_507AC0000000087,https://laws.e-gov.go.jp/law/425AC0000000107/20270401_507AC0000000087
425AC0100000111,がん登録等の推進に関する法律,20270401,,医療法等の一部を改正する法律,令和七年法律第八十七号,令和七年十二月十二日,20270401_507AC0000000087,https://laws.e-gov.go.jp/law/425AC0100000111/20270401_507AC0000000087
425AC0100000111,がん登録等の推進に関する法律,20270401,,健康保険法等の一部を改正する法律,令和八年法律第三十一号,令和八年六月五日,20270401_508AC0000000031,https://laws.e-gov.go.jp/law/425AC0100000111/20270401_508AC0000000031
425CO0000000326,海賊多発海域における日本船舶の警備に関する特別措置法施行令,20270401,,出入国管理及び難民認定法及び外国人の技能実習の適正な実施及び技能実習生の保護に関する法律の一部を改正する法律の施行に伴う関係政令の整備及び経過措置に関する政令,令和七年政令第三百四十一号,令和七年十月一日,20270401_507CO0000000341,https://laws.e-gov.go.jp/law/425CO0000000326/20270401_507CO0000000341
426AC0000000050,難病の患者に対する医療等に関する法律,20270401,,医療法等の一部を改正する法律,令和七年法律第八十七号,令和七年十二月十二日,20270401_507AC0000000087,https://laws.e-gov.go.jp/law/426AC0000000050/20270401_507AC0000000087
426AC0000000050,難病の患者に対する医療等に関する法律,20270401,,健康保険法等の一部を改正する法律,令和八年法律第三十一号,令和八年六月五日,20270401_508AC0000000031,https://laws.e-gov.go.jp/law/426AC0000000050/20270401_508AC0000000031
426CO0000000099,国家戦略特別区域法施行令,20270401,,出入国管理及び難民認定法及び外国人の技能実習の適正な実施及び技能実習生の保護に関する法律の一部を改正する法律の施行に伴う関係政令の整備及び経過措置に関する政令,令和七年政令第三百四十一号,令和七年十月一日,20270401_507CO0000000341,https://laws.e-gov.go.jp/law/426CO0000000099/20270401_507CO0000000341
426M60000010037,出入国管理及び難民認定法別表第一の二の表の高度専門職の項の下欄の基準を定める省令,20270401,,出入国管理及び難民認定法及び外国人の技能実習の適正な実施及び技能実習生の保護に関する法律の一部を改正する法律の施行に伴う法務省令の整備及び経過措置に関する省令,令和七年法務省令第四十五号,令和七年九月三十日,20270401_507M60000010045,https://laws.e-gov.go.jp/law/426M60000010037/20270401_507M60000010045
427AC0000000053,建築物のエネルギー消費性能の向上等に関する法律,20270401,,建築物のエネルギー消費性能の向上等に関する法律の一部を改正する法律,令和八年法律第七十五号,令和八年七月三十一日,20270401_508AC0000000075,https://laws.e-gov.go.jp/law/427AC0000000053/20270401_508AC0000000075
427M60000110001,法務省・厚生労働省関係国家戦略特別区域法施行規則,20270401,,出入国管理及び難民認定法及び外国人の技能実習の適正な実施及び技能実習生の保護に関する法律の一部を改正する法律の施行に伴う法務省・厚生労働省関係省令の整備及び経過措置に関する省令,令和七年法務省・厚生労働省令第五号,令和七年九月三十日,20270401_507M60000110005,https://laws.e-gov.go.jp/law/427M60000110001/20270401_507M60000110005
427M60000400029,経済産業省関係フロン類の使用の合理化及び管理の適正化に関する法律施行規則,20270401,,経済産業省関係フロン類の使用の合理化及び管理の適正化に関する法律施行規則の一部を改正する省令,令和六年経済産業省令第六十五号,令和六年十月一日,20270401_506M60000400065,https://laws.e-gov.go.jp/law/427M60000400029/20270401_506M60000400065
428AC0000000089,外国人の育成就労の適正な実施及び育成就労外国人の保護に関する法律,20270401,,出入国管理及び難民認定法及び外国人の技能実習の適正な実施及び技能実習生の保護に関する法律の一部を改正する法律,令和六年法律第六十号,令和六年六月二十一日,20270401_506AC0000000060,https://laws.e-gov.go.jp/law/428AC0000000089/20270401_506AC0000000060
428AC1000000033,有人国境離島地域の保全及び特定有人国境離島地域に係る地域社会の維持に関する特別措置法,20270401,,有人国境離島地域の保全及び特定有人国境離島地域に係る地域社会の維持に関する特別措置法の一部を改正する法律,令和八年法律第五十四号,令和八年七月十五日,20270401_508AC1000000054,https://laws.e-gov.go.jp/law/428AC1000000033/20270401_508AC1000000054
428CO0000000032,障害を理由とする差別の解消の推進に関する法律施行令,20270401,,出入国管理及び難民認定法及び外国人の技能実習の適正な実施及び技能実習生の保護に関する法律の一部を改正する法律の施行に伴う関係政令の整備及び経過措置に関する政令,令和七年政令第三百四十一号,令和七年十月一日,20270401_507CO0000000341,https://laws.e-gov.go.jp/law/428CO0000000032/20270401_507CO0000000341
428M60000110004,外国人育成就労機構の財務及び会計に関する省令,20270401,,出入国管理及び難民認定法及び外国人の技能実習の適正な実施及び技能実習生の保護に関する法律の一部を改正する法律の施行に伴う法務省・厚生労働省関係省令の整備及び経過措置に関する省令,令和七年法務省・厚生労働省令第五号,令和七年九月三十日,20270401_507M60000110005,https://laws.e-gov.go.jp/law/428M60000110004/20270401_507M60000110005
429AC0000000028,医療分野の研究開発に資するための匿名加工医療情報及び仮名加工医療情報に関する法律,20270401,,医療法等の一部を改正する法律,令和七年法律第八十七号,令和七年十二月十二日,20270401_507AC0000000087,https://laws.e-gov.go.jp/law/429AC0000000028/20270401_507AC0000000087
429AC0000000028,医療分野の研究開発に資するための匿名加工医療情報及び仮名加工医療情報に関する法律,20270401,,健康保険法等の一部を改正する法律,令和八年法律第三十一号,令和八年六月五日,20270401_508AC0000000031,https://laws.e-gov.go.jp/law/429AC0000000028/20270401_508AC0000000031
429CO0000000136,外国人の育成就労の適正な実施及び育成就労外国人の保護に関する法律施行令,20270401,,出入国管理及び難民認定法及び外国人の技能実習の適正な実施及び技能実習生の保護に関する法律の一部を改正する法律の施行に伴う関係政令の整備及び経過措置に関する政令,令和七年政令第三百四十一号,令和七年十月一日,20270401_507CO0000000341,https://laws.e-gov.go.jp/law/429CO0000000136/20270401_507CO0000000341
429M60000110002,外国人の育成就労の適正な実施及び育成就労外国人の保護に関する法律に係る民間事業者等が行う書面の保存等における情報通信の技術の利用に関する法律施行規則,20270401,,出入国管理及び難民認定法及び外国人の技能実習の適正な実施及び技能実習生の保護に関する法律の一部を改正する法律の施行に伴う法務省・厚生労働省関係省令の整備及び経過措置に関する省令,令和七年法務省・厚生労働省令第五号,令和七年九月三十日,20270401_507M60000110005,https://laws.e-gov.go.jp/law/429M60000110002/20270401_507M60000110005
431AC0000000003,森林環境税及び森林環境譲与税に関する法律,20270401,,地方税法等の一部を改正する法律,令和八年法律第二号,令和八年三月三十一日,20270401_508AC0000000002,https://laws.e-gov.go.jp/law/431AC0000000003/20270401_508AC0000000002
431AC0000000004,特別法人事業税及び特別法人事業譲与税に関する法律,20270401,,地方税法等の一部を改正する法律,令和八年法律第二号,令和八年三月三十一日,20270401_508AC0000000002,https://laws.e-gov.go.jp/law/431AC0000000004/20270401_508AC0000000002
431CO0000000072,特定複合観光施設区域整備法施行令,20270401,,出入国管理及び難民認定法及び外国人の技能実習の適正な実施及び技能実習生の保護に関する法律の一部を改正する法律の施行に伴う関係政令の整備及び経過措置に関する政令,令和七年政令第三百四十一号,令和七年十月一日,20270401_507CO0000000341,https://laws.e-gov.go.jp/law/431CO0000000072/20270401_507CO0000000341
431CO0000000155,働き方改革を推進するための関係法律の整備に関する法律の一部の施行に伴う関係政令の整備及び経過措置に関する政令,20270401,,出入国管理及び難民認定法及び外国人の技能実習の適正な実施及び技能実習生の保護に関する法律の一部を改正する法律の施行に伴う関係政令の整備及び経過措置に関する政令,令和七年政令第三百四十一号,令和七年十月一日,20270401_507CO0000000341,https://laws.e-gov.go.jp/law/431CO0000000155/20270401_507CO0000000341
431M60000010005,特定技能雇用契約及び一号特定技能外国人支援計画の基準等を定める省令,20270401,,出入国管理及び難民認定法及び外国人の技能実習の適正な実施及び技能実習生の保護に関する法律の一部を改正する法律の施行に伴う法務省令の整備及び経過措置に関する省令,令和七年法務省令第四十五号,令和七年九月三十日,20270401_507M60000010045,https://laws.e-gov.go.jp/law/431M60000010005/20270401_507M60000010045
501AC1000000048,日本語教育の推進に関する法律,20270401,,出入国管理及び難民認定法及び外国人の技能実習の適正な実施及び技能実習生の保護に関する法律の一部を改正する法律,令和六年法律第六十号,令和六年六月二十一日,20270401_506AC0000000060,https://laws.e-gov.go.jp/law/501AC1000000048/20270401_506AC0000000060
502AC1000000078,労働者協同組合法,20270401,,社会福祉法等の一部を改正する法律,令和八年法律第五十一号,令和八年六月二十五日,20270401_508AC0000000051,https://laws.e-gov.go.jp/law/502AC1000000078/20270401_508AC0000000051
503AC0000000081,医療的ケア児等及び重症心身障害者並びにそれらの家族に対する支援に関する法律,20270401,,医療的ケア児及びその家族に対する支援に関する法律の一部を改正する法律,令和八年法律第七十七号,令和八年七月三十一日,20270401_508AC1000000077,https://laws.e-gov.go.jp/law/503AC0000000081/20270401_508AC1000000077
503AC1000000019,過疎地域の持続的発展の支援に関する特別措置法,20270401,,医療法等の一部を改正する法律,令和七年法律第八十七号,令和七年十二月十二日,20270401_507AC0000000087,https://laws.e-gov.go.jp/law/503AC1000000019/20270401_507AC0000000087
507CO0000000341,出入国管理及び難民認定法及び外国人の技能実習の適正な実施及び技能実習生の保護に関する法律の一部を改正する法律の施行に伴う関係政令の整備及び経過措置に関する政令,20270401,,,,令和七年十月一日,20270401_000000000000000,https://laws.e-gov.go.jp/law/507CO0000000341/20270401_000000000000000
507M60000110004,外国人の育成就労の適正な実施及び育成就労外国人の保護に関する法律施行規則,20270401,,,,令和七年九月三十日,20270401_000000000000000,https://laws.e-gov.go.jp/law/507M60000110004/20270401_000000000000000
507M60000110004,外国人の育成就労の適正な実施及び育成就労外国人の保護に関する法律施行規則,20270401,,外国人の育成就労の適正な実施及び育成就労外国人の保護に関する法律施行規則の一部を改正する省令,令和八年法務省・厚生労働省令第三号,令和八年三月三十一日,20270401_508M60000110003,https://laws.e-gov.go.jp/law/507M60000110004/20270401_508M60000110003
323AC1000000005,国立国会図書館法,20270416,公布の日から起算して九月を超えない範囲内において政令で定める日,科学技術・イノベーション創出の活性化に関する法律の一部を改正する法律,令和八年法律第五十九号,令和八年七月十七日,20270416_508AC0000000059,https://laws.e-gov.go.jp/law/323AC1000000005/20270416_508AC0000000059
325AC0000000226,地方税法,20270416,公布の日から起算して九月を超えない範囲内において政令で定める日,科学技術・イノベーション創出の活性化に関する法律の一部を改正する法律,令和八年法律第五十九号,令和八年七月十七日,20270416_508AC0000000059,https://laws.e-gov.go.jp/law/325AC0000000226/20270416_508AC0000000059
337AC0000000139,行政事件訴訟法,20270416,公布の日から起算して九月を超えない範囲内において政令で定める日,科学技術・イノベーション創出の活性化に関する法律の一部を改正する法律,令和八年法律第五十九号,令和八年七月十七日,20270416_508AC0000000059,https://laws.e-gov.go.jp/law/337AC0000000139/20270416_508AC0000000059
340AC0000000033,所得税法,20270416,公布の日から起算して九月を超えない範囲内において政令で定める日,科学技術・イノベーション創出の活性化に関する法律の一部を改正する法律,令和八年法律第五十九号,令和八年七月十七日,20270416_508AC0000000059,https://laws.e-gov.go.jp/law/340AC0000000033/20270416_508AC0000000059
340AC0000000034,法人税法,20270416,公布の日から起算して九月を超えない範囲内において政令で定める日,科学技術・イノベーション創出の活性化に関する法律の一部を改正する法律,令和八年法律第五十九号,令和八年七月十七日,20270416_508AC0000000059,https://laws.e-gov.go.jp/law/340AC0000000034/20270416_508AC0000000059
342AC0000000035,登録免許税法,20270416,公布の日から起算して九月を超えない範囲内において政令で定める日,科学技術・イノベーション創出の活性化に関する法律の一部を改正する法律,令和八年法律第五十九号,令和八年七月十七日,20270416_508AC0000000059,https://laws.e-gov.go.jp/law/342AC0000000035/20270416_508AC0000000059
363AC0000000108,消費税法,20270416,公布の日から起算して九月を超えない範囲内において政令で定める日,科学技術・イノベーション創出の活性化に関する法律の一部を改正する法律,令和八年法律第五十九号,令和八年七月十七日,20270416_508AC0000000059,https://laws.e-gov.go.jp/law/363AC0000000108/20270416_508AC0000000059
413AC0000000140,独立行政法人等の保有する情報の公開に関する法律,20270416,公布の日から起算して九月を超えない範囲内において政令で定める日,科学技術・イノベーション創出の活性化に関する法律の一部を改正する法律,令和八年法律第五十九号,令和八年七月十七日,20270416_508AC0000000059,https://laws.e-gov.go.jp/law/413AC0000000140/20270416_508AC0000000059
415AC0000000057,個人情報の保護に関する法律,20270416,公布の日から起算して九月を超えない範囲内において政令で定める日,科学技術・イノベーション創出の活性化に関する法律の一部を改正する法律,令和八年法律第五十九号,令和八年七月十七日,20270416_508AC0000000059,https://laws.e-gov.go.jp/law/415AC0000000057/20270416_508AC0000000059
420AC0100000063,科学技術・イノベーション創出の活性化に関する法律,20270416,公布の日から起算して九月を超えない範囲内において政令で定める日,科学技術・イノベーション創出の活性化に関する法律の一部を改正する法律,令和八年法律第五十九号,令和八年七月十七日,20270416_508AC0000000059,https://laws.e-gov.go.jp/law/420AC0100000063/20270416_508AC0000000059
421AC0000000066,公文書等の管理に関する法律,20270416,公布の日から起算して九月を超えない範囲内において政令で定める日,科学技術・イノベーション創出の活性化に関する法律の一部を改正する法律,令和八年法律第五十九号,令和八年七月十七日,20270416_508AC0000000059,https://laws.e-gov.go.jp/law/421AC0000000066/20270416_508AC0000000059
504AC0000000051,国際卓越研究大学の研究及び研究成果の活用のための体制の強化に関する法律,20270416,公布の日から起算して九月を超えない範囲内において政令で定める日,科学技術・イノベーション創出の活性化に関する法律の一部を改正する法律,令和八年法律第五十九号,令和八年七月十七日,20270416_508AC0000000059,https://laws.e-gov.go.jp/law/504AC0000000051/20270416_508AC0000000059
339AC0000000170,電気事業法,20270423,公布の日から起算して九月を超えない範囲内において政令で定める日,電気事業法の一部を改正する法律,令和八年法律第六十八号,令和八年七月二十四日,20270423_508AC0000000068,https://laws.e-gov.go.jp/law/339AC0000000170/20270423_508AC0000000068
419AC0000000023,特別会計に関する法律,20270423,公布の日から起算して九月を超えない範囲内において政令で定める日,電気事業法の一部を改正する法律,令和八年法律第六十八号,令和八年七月二十四日,20270423_508AC0000000068,https://laws.e-gov.go.jp/law/419AC0000000023/20270423_508AC0000000068
325AC0000000226,地方税法,20270501,,地方税法等の一部を改正する法律,令和八年法律第二号,令和八年三月三十一日,20270501_508AC0000000002,https://laws.e-gov.go.jp/law/325AC0000000226/20270501_508AC0000000002
325M50010000096,家畜改良増殖法施行規則,20270501,,家畜伝染病予防法施行規則の一部を改正する省令,令和八年農林水産省令第四十六号,令和八年六月二十五日,20270501_508M60000200046,https://laws.e-gov.go.jp/law/325M50010000096/20270501_508M60000200046
326AC1000000166,家畜伝染病予防法,20270501,,家畜伝染病予防法の一部を改正する法律,令和八年法律第二十号,令和八年五月十九日,20270501_508AC0000000020,https://laws.e-gov.go.jp/law/326AC1000000166/20270501_508AC0000000020
326M50010000035,家畜伝染病予防法施行規則,20270501,,家畜伝染病予防法施行規則の一部を改正する省令,令和八年農林水産省令第四十六号,令和八年六月二十五日,20270501_508M60000200046,https://laws.e-gov.go.jp/law/326M50010000035/20270501_508M60000200046
328CO0000000235,家畜伝染病予防法施行令,20270501,,家畜伝染病予防法施行令及び関税法施行令の一部を改正する等の政令,令和八年政令第二百十七号,令和八年六月二十五日,20270501_508CO0000000217,https://laws.e-gov.go.jp/law/328CO0000000235/20270501_508CO0000000217
329M50000002023,地方税法施行規則,20270501,,地方税法施行規則及び地方税法施行規則の一部を改正する等の省令の一部を改正する省令,令和八年総務省令第四十四号,令和八年三月三十一日,20270501_508M60000008044,https://laws.e-gov.go.jp/law/329M50000002023/20270501_508M60000008044
336AC0000000202,農業近代化資金融通法,20270506,公布の日から起算して一年を超えない範囲内において政令で定める日,農業近代化資金融通法の一部を改正する法律,令和八年法律第十七号,令和八年五月七日,20270506_508AC0000000017,https://laws.e-gov.go.jp/law/336AC0000000202/20270506_508AC0000000017
211AC0000000070,健康保険法,20270518,公布の日から起算して四年を超えない範囲内において政令で定める日,全世代対応型の持続可能な社会保障制度を構築するための健康保険法等の一部を改正する法律,令和五年法律第三十一号,令和五年五月十九日,20270518_505AC0000000031,https://laws.e-gov.go.jp/law/211AC0000000070/20270518_505AC0000000031
314AC0000000073,船員保険法,20270518,公布の日から起算して四年を超えない範囲内において政令で定める日,全世代対応型の持続可能な社会保障制度を構築するための健康保険法等の一部を改正する法律,令和五年法律第三十一号,令和五年五月十九日,20270518_505AC0000000031,https://laws.e-gov.go.jp/law/314AC0000000073/20270518_505AC0000000031
342AC0000000081,住民基本台帳法,20270518,公布の日から起算して四年を超えない範囲内において政令で定める日,全世代対応型の持続可能な社会保障制度を構築するための健康保険法等の一部を改正する法律,令和五年法律第三十一号,令和五年五月十九日,20270518_505AC0000000031,https://laws.e-gov.go.jp/law/342AC0000000081/20270518_505AC0000000031
211AC0000000070,健康保険法,20270520,,医薬品、医療機器等の品質、有効性及び安全性の確保等に関する法律等の一部を改正する法律,令和七年法律第三十七号,令和七年五月二十一日,20270520_507AC0000000037,https://laws.e-gov.go.jp/law/211AC0000000070/20270520_507AC0000000037
322AC0000000067,地方自治法,20270520,,医薬品、医療機器等の品質、有効性及び安全性の確保等に関する法律等の一部を改正する法律,令和七年法律第三十七号,令和七年五月二十一日,20270520_507AC0000000037,https://laws.e-gov.go.jp/law/322AC0000000067/20270520_507AC0000000037
322CO0000000016,地方自治法施行令,20270520,,医薬品、医療機器等の品質、有効性及び安全性の確保等に関する法律等の一部を改正する法律の一部の施行に伴う関係政令の整備等に関する政令,令和八年政令第二百十号,令和八年六月二十四日,20270520_508CO0000000210,https://laws.e-gov.go.jp/law/322CO0000000016/20270520_508CO0000000210
323M40000100050,医療法施行規則,20270520,,医薬品、医療機器等の品質、有効性及び安全性の確保等に関する法律等の一部を改正する法律の一部の施行に伴う厚生労働省関係省令の整備等に関する省令,令和八年厚生労働省令第百十号,令和八年六月三十日,20270520_508M60000100110,https://laws.e-gov.go.jp/law/323M40000100050/20270520_508M60000100110
325AC0000000226,地方税法,20270520,,地方税法等の一部を改正する法律,令和八年法律第二号,令和八年三月三十一日,20270520_508AC0000000002,https://laws.e-gov.go.jp/law/325AC0000000226/20270520_508AC0000000002
327M50000100010,薬事工業生産動態統計調査規則,20270520,,医薬品、医療機器等の品質、有効性及び安全性の確保等に関する法律等の一部を改正する法律の一部の施行に伴う厚生労働省関係省令の整備等に関する省令,令和八年厚生労働省令第百十号,令和八年六月三十日,20270520_508M60000100110,https://laws.e-gov.go.jp/law/327M50000100010/20270520_508M60000100110
328AC0000000014,麻薬及び向精神薬取締法,20270520,,医薬品、医療機器等の品質、有効性及び安全性の確保等に関する法律等の一部を改正する法律,令和七年法律第三十七号,令和七年五月二十一日,20270520_507AC0000000037,https://laws.e-gov.go.jp/law/328AC0000000014/20270520_507AC0000000037
332AC0000000026,租税特別措置法,20270520,,所得税法等の一部を改正する法律,令和八年法律第十二号,令和八年三月三十一日,20270520_508AC0000000012,https://laws.e-gov.go.jp/law/332AC0000000026/20270520_508AC0000000012
335AC0000000145,医薬品、医療機器等の品質、有効性及び安全性の確保等に関する法律,20270520,,医薬品、医療機器等の品質、有効性及び安全性の確保等に関する法律等の一部を改正する法律,令和七年法律第三十七号,令和七年五月二十一日,20270520_507AC0000000037,https://laws.e-gov.go.jp/law/335AC0000000145/20270520_507AC0000000037
335AC0000000146,薬剤師法,20270520,,医薬品、医療機器等の品質、有効性及び安全性の確保等に関する法律等の一部を改正する法律,令和七年法律第三十七号,令和七年五月二十一日,20270520_507AC0000000037,https://laws.e-gov.go.jp/law/335AC0000000146/20270520_507AC0000000037
335CO0000000016,特許法施行令,20270520,,医薬品、医療機器等の品質、有効性及び安全性の確保等に関する法律等の一部を改正する法律の一部の施行に伴う関係政令の整備等に関する政令,令和八年政令第二百十号,令和八年六月二十四日,20270520_508CO0000000210,https://laws.e-gov.go.jp/law/335CO0000000016/20270520_508CO0000000210
336CO0000000011,医薬品、医療機器等の品質、有効性及び安全性の確保等に関する法律施行令,20270520,,医薬品、医療機器等の品質、有効性及び安全性の確保等に関する法律等の一部を改正する法律の一部の施行に伴う関係政令の整備等に関する政令,令和八年政令第二百十号,令和八年六月二十四日,20270520_508CO0000000210,https://laws.e-gov.go.jp/law/336CO0000000011/20270520_508CO0000000210
336M50000100001,医薬品、医療機器等の品質、有効性及び安全性の確保等に関する法律施行規則,20270520,,医薬品、医療機器等の品質、有効性及び安全性の確保等に関する法律等の一部を改正する法律の一部の施行に伴う厚生労働省関係省令の整備等に関する省令,令和八年厚生労働省令第百十号,令和八年六月三十日,20270520_508M60000100110,https://laws.e-gov.go.jp/law/336M50000100001/20270520_508M60000100110
336M50000100002,薬局等構造設備規則,20270520,,医薬品、医療機器等の品質、有効性及び安全性の確保等に関する法律等の一部を改正する法律の一部の施行に伴う厚生労働省関係省令の整備等に関する省令,令和八年厚生労働省令第百十号,令和八年六月三十日,20270520_508M60000100110,https://laws.e-gov.go.jp/law/336M50000100002/20270520_508M60000100110
336M50000100005,薬剤師法施行規則,20270520,,医薬品、医療機器等の品質、有効性及び安全性の確保等に関する法律等の一部を改正する法律の一部の施行に伴う厚生労働省関係省令の整備等に関する省令,令和八年厚生労働省令第百十号,令和八年六月三十日,20270520_508M60000100110,https://laws.e-gov.go.jp/law/336M50000100005/20270520_508M60000100110
339M50000100003,薬局並びに店舗販売業、登録受渡業及び配置販売業の業務を行う体制を定める省令,20270520,,医薬品、医療機器等の品質、有効性及び安全性の確保等に関する法律等の一部を改正する法律の一部の施行に伴う厚生労働省関係省令の整備等に関する省令,令和八年厚生労働省令第百十号,令和八年六月三十日,20270520_508M60000100110,https://laws.e-gov.go.jp/law/339M50000100003/20270520_508M60000100110
357AC0000000080,高齢者の医療の確保に関する法律,20270520,,医薬品、医療機器等の品質、有効性及び安全性の確保等に関する法律等の一部を改正する法律,令和七年法律第三十七号,令和七年五月二十一日,20270520_507AC0000000037,https://laws.e-gov.go.jp/law/357AC0000000080/20270520_507AC0000000037
361M50000100054,厚生労働省関係化学物質の審査及び製造等の規制に関する法律施行規則,20270520,,医薬品、医療機器等の品質、有効性及び安全性の確保等に関する法律等の一部を改正する法律の一部の施行に伴う厚生労働省関係省令の整備等に関する省令,令和八年厚生労働省令第百十号,令和八年六月三十日,20270520_508M60000100110,https://laws.e-gov.go.jp/law/361M50000100054/20270520_508M60000100110
409M50000100021,医薬品の安全性に関する非臨床試験の実施の基準に関する省令,20270520,,医薬品、医療機器等の品質、有効性及び安全性の確保等に関する法律等の一部を改正する法律の一部の施行に伴う厚生労働省関係省令の整備等に関する省令,令和八年厚生労働省令第百十号,令和八年六月三十日,20270520_508M60000100110,https://laws.e-gov.go.jp/law/409M50000100021/20270520_508M60000100110
409M50000100028,医薬品の臨床試験の実施の基準に関する省令,20270520,,医薬品、医療機器等の品質、有効性及び安全性の確保等に関する法律等の一部を改正する法律の一部の施行に伴う厚生労働省関係省令の整備等に関する省令,令和八年厚生労働省令第百十号,令和八年六月三十日,20270520_508M60000100110,https://laws.e-gov.go.jp/law/409M50000100028/20270520_508M60000100110
412M50000100063,医薬品、医療機器等の品質、有効性及び安全性の確保等に関する法律関係手数料規則,20270520,,医薬品、医療機器等の品質、有効性及び安全性の確保等に関する法律等の一部を改正する法律の一部の施行に伴う厚生労働省関係省令の整備等に関する省令,令和八年厚生労働省令第百十号,令和八年六月三十日,20270520_508M60000100110,https://laws.e-gov.go.jp/law/412M50000100063/20270520_508M60000100110
414AC0000000192,独立行政法人医薬品医療機器総合機構法,20270520,,医薬品、医療機器等の品質、有効性及び安全性の確保等に関する法律等の一部を改正する法律,令和七年法律第三十七号,令和七年五月二十一日,20270520_507AC0000000037,https://laws.e-gov.go.jp/law/414AC0000000192/20270520_507AC0000000037
416AC0000000112,武力攻撃事態等における国民の保護のための措置に関する法律,20270520,,医薬品、医療機器等の品質、有効性及び安全性の確保等に関する法律等の一部を改正する法律,令和七年法律第三十七号,令和七年五月二十一日,20270520_507AC0000000037,https://laws.e-gov.go.jp/law/416AC0000000112/20270520_507AC0000000037
416AC0000000117,武力攻撃事態及び存立危機事態における捕虜等の取扱いに関する法律,20270520,,医薬品、医療機器等の品質、有効性及び安全性の確保等に関する法律等の一部を改正する法律,令和七年法律第三十七号,令和七年五月二十一日,20270520_507AC0000000037,https://laws.e-gov.go.jp/law/416AC0000000117/20270520_507AC0000000037
416CO0000000083,独立行政法人医薬品医療機器総合機構法施行令,20270520,,医薬品、医療機器等の品質、有効性及び安全性の確保等に関する法律等の一部を改正する法律の一部の施行に伴う関係政令の整備等に関する政令,令和八年政令第二百十号,令和八年六月二十四日,20270520_508CO0000000210,https://laws.e-gov.go.jp/law/416CO0000000083/20270520_508CO0000000210
416M60000100169,医療機器及び体外診断用医薬品の製造管理及び品質管理の基準に関する省令,20270520,,医薬品、医療機器等の品質、有効性及び安全性の確保等に関する法律等の一部を改正する法律の一部の施行に伴う厚生労働省関係省令の整備等に関する省令,令和八年厚生労働省令第百十号,令和八年六月三十日,20270520_508M60000100110,https://laws.e-gov.go.jp/law/416M60000100169/20270520_508M60000100110
416M60000100179,医薬品及び医薬部外品の製造管理及び品質管理の基準に関する省令,20270520,,医薬品、医療機器等の品質、有効性及び安全性の確保等に関する法律等の一部を改正する法律の一部の施行に伴う厚生労働省関係省令の整備等に関する省令,令和八年厚生労働省令第百十号,令和八年六月三十日,20270520_508M60000100110,https://laws.e-gov.go.jp/law/416M60000100179/20270520_508M60000100110
417CO0000000091,医薬品、医療機器等の品質、有効性及び安全性の確保等に関する法律関係手数料令,20270520,,医薬品、医療機器等の品質、有効性及び安全性の確保等に関する法律等の一部を改正する法律の一部の施行に伴う関係政令の整備等に関する政令,令和八年政令第二百十号,令和八年六月二十四日,20270520_508CO0000000210,https://laws.e-gov.go.jp/law/417CO0000000091/20270520_508CO0000000210
417M60000100044,厚生労働省の所管する法令の規定に基づく民間事業者等が行う書面の保存等における情報通信の技術の利用に関する省令,20270520,,医薬品、医療機器等の品質、有効性及び安全性の確保等に関する法律等の一部を改正する法律の一部の施行に伴う厚生労働省関係省令の整備等に関する省令,令和八年厚生労働省令第百十号,令和八年六月三十日,20270520_508M60000100110,https://laws.e-gov.go.jp/law/417M60000100044/20270520_508M60000100110
426M60000100093,再生医療等製品の製造管理及び品質管理の基準に関する省令,20270520,,医薬品、医療機器等の品質、有効性及び安全性の確保等に関する法律等の一部を改正する法律の一部の施行に伴う厚生労働省関係省令の整備等に関する省令,令和八年厚生労働省令第百十号,令和八年六月三十日,20270520_508M60000100110,https://laws.e-gov.go.jp/law/426M60000100093/20270520_508M60000100110
429AC0000000016,臨床研究法,20270520,,医薬品、医療機器等の品質、有効性及び安全性の確保等に関する法律等の一部を改正する法律,令和七年法律第三十七号,令和七年五月二十一日,20270520_507AC0000000037,https://laws.e-gov.go.jp/law/429AC0000000016/20270520_507AC0000000037
431CO0000000072,特定複合観光施設区域整備法施行令,20270520,,医薬品、医療機器等の品質、有効性及び安全性の確保等に関する法律等の一部を改正する法律の一部の施行に伴う関係政令の整備等に関する政令,令和八年政令第二百十号,令和八年六月二十四日,20270520_508CO0000000210,https://laws.e-gov.go.jp/law/431CO0000000072/20270520_508CO0000000210
503M60000100017,医薬品、医療機器等の品質、有効性及び安全性の確保等に関する法律第十四条第八項に規定する医薬品又は医薬部外品の製造工程の区分を定める省令,20270520,,医薬品、医療機器等の品質、有効性及び安全性の確保等に関する法律等の一部を改正する法律の一部の施行に伴う厚生労働省関係省令の整備等に関する省令,令和八年厚生労働省令第百十号,令和八年六月三十日,20270520_508M60000100110,https://laws.e-gov.go.jp/law/503M60000100017/20270520_508M60000100110
322AC0000000067,地方自治法,20270526,公布の日から起算して一年を超えない範囲内において政令で定める日,都市再生特別措置法等の一部を改正する法律,令和八年法律第二十三号,令和八年五月二十七日,20270526_508AC0000000023,https://laws.e-gov.go.jp/law/322AC0000000067/20270526_508AC0000000023
325AC0000000201,建築基準法,20270526,公布の日から起算して一年を超えない範囲内において政令で定める日,都市再生特別措置法等の一部を改正する法律,令和八年法律第二十三号,令和八年五月二十七日,20270526_508AC0000000023,https://laws.e-gov.go.jp/law/325AC0000000201/20270526_508AC0000000023
325AC0000000226,地方税法,20270526,都市再生特別措置法等の一部を改正する法律（令和八年法律第二十三号）附則第一条第二号に掲げる規定の施行の日,地方税法等の一部を改正する法律,令和八年法律第二号,令和八年三月三十一日,20270526_508AC0000000002,https://laws.e-gov.go.jp/law/325AC0000000226/20270526_508AC0000000002
325CO0000000245,地方税法施行令,20270526,都市再生特別措置法等の一部を改正する法律（令和八年法律第二十三号）附則第一条第二号に掲げる規定の施行の日,地方税法施行令等の一部を改正する政令,令和八年政令第八十三号,令和八年三月三十一日,20270526_508CO0000000083,https://laws.e-gov.go.jp/law/325CO0000000245/20270526_508CO0000000083
329AC0000000119,土地区画整理法,20270526,公布の日から起算して一年を超えない範囲内において政令で定める日,都市再生特別措置法等の一部を改正する法律,令和八年法律第二十三号,令和八年五月二十七日,20270526_508AC0000000023,https://laws.e-gov.go.jp/law/329AC0000000119/20270526_508AC0000000023
332AC0000000026,租税特別措置法,20270526,都市再生特別措置法等の一部を改正する法律（令和八年法律第二十三号）附則第一条第二号に掲げる規定の施行の日,所得税法等の一部を改正する法律,令和八年法律第十二号,令和八年三月三十一日,20270526_508AC0000000012,https://laws.e-gov.go.jp/law/332AC0000000026/20270526_508AC0000000012
332CO0000000043,租税特別措置法施行令,20270526,都市再生特別措置法等の一部を改正する法律（令和八年法律第二十三号）附則第一条第二号に掲げる規定の施行の日,租税特別措置法施行令の一部を改正する政令,令和八年政令第九十八号,令和八年三月三十一日,20270526_508CO0000000098,https://laws.e-gov.go.jp/law/332CO0000000043/20270526_508CO0000000098
332M50000040015,租税特別措置法施行規則,20270526,都市再生特別措置法等の一部を改正する法律（令和八年法律第二十三号）附則第一条第二号に掲げる規定の施行の日,租税特別措置法施行規則等の一部を改正する省令,令和八年財務省令第二十一号,令和八年三月三十一日,20270526_508M60000040021,https://laws.e-gov.go.jp/law/332M50000040015/20270526_508M60000040021
344AC0000000038,都市再開発法,20270526,公布の日から起算して一年を超えない範囲内において政令で定める日,都市再生特別措置法等の一部を改正する法律,令和八年法律第二十三号,令和八年五月二十七日,20270526_508AC0000000023,https://laws.e-gov.go.jp/law/344AC0000000038/20270526_508AC0000000023
347AC0000000086,新都市基盤整備法,20270526,公布の日から起算して一年を超えない範囲内において政令で定める日,都市再生特別措置法等の一部を改正する法律,令和八年法律第二十三号,令和八年五月二十七日,20270526_508AC0000000023,https://laws.e-gov.go.jp/law/347AC0000000086/20270526_508AC0000000023
348AC0000000072,都市緑地法,20270526,公布の日から起算して一年を超えない範囲内において政令で定める日,都市再生特別措置法等の一部を改正する法律,令和八年法律第二十三号,令和八年五月二十七日,20270526_508AC0000000023,https://laws.e-gov.go.jp/law/348AC0000000072/20270526_508AC0000000023
350AC0000000067,大都市地域における住宅及び住宅地の供給の促進に関する特別措置法,20270526,公布の日から起算して一年を超えない範囲内において政令で定める日,都市再生特別措置法等の一部を改正する法律,令和八年法律第二十三号,令和八年五月二十七日,20270526_508AC0000000023,https://laws.e-gov.go.jp/law/350AC0000000067/20270526_508AC0000000023
355AC0000000086,農住組合法,20270526,公布の日から起算して一年を超えない範囲内において政令で定める日,都市再生特別措置法等の一部を改正する法律,令和八年法律第二十三号,令和八年五月二十七日,20270526_508AC0000000023,https://laws.e-gov.go.jp/law/355AC0000000086/20270526_508AC0000000023
404AC0000000076,地方拠点都市地域の整備及び産業業務施設の再配置の促進に関する法律,20270526,公布の日から起算して一年を超えない範囲内において政令で定める日,都市再生特別措置法等の一部を改正する法律,令和八年法律第二十三号,令和八年五月二十七日,20270526_508AC0000000023,https://laws.e-gov.go.jp/law/404AC0000000076/20270526_508AC0000000023
407AC0000000014,被災市街地復興特別措置法,20270526,公布の日から起算して一年を超えない範囲内において政令で定める日,都市再生特別措置法等の一部を改正する法律,令和八年法律第二十三号,令和八年五月二十七日,20270526_508AC0000000023,https://laws.e-gov.go.jp/law/407AC0000000014/20270526_508AC0000000023
409AC0000000049,密集市街地における防災街区の整備の促進に関する法律,20270526,公布の日から起算して一年を超えない範囲内において政令で定める日,都市再生特別措置法等の一部を改正する法律,令和八年法律第二十三号,令和八年五月二十七日,20270526_508AC0000000023,https://laws.e-gov.go.jp/law/409AC0000000049/20270526_508AC0000000023
410AC0000000092,中心市街地の活性化に関する法律,20270526,公布の日から起算して一年を超えない範囲内において政令で定める日,都市再生特別措置法等の一部を改正する法律,令和八年法律第二十三号,令和八年五月二十七日,20270526_508AC0000000023,https://laws.e-gov.go.jp/law/410AC0000000092/20270526_508AC0000000023
414AC0000000022,都市再生特別措置法,20270526,公布の日から起算して一年を超えない範囲内において政令で定める日,都市再生特別措置法等の一部を改正する法律,令和八年法律第二十三号,令和八年五月二十七日,20270526_508AC0000000023,https://laws.e-gov.go.jp/law/414AC0000000022/20270526_508AC0000000023
416AC0000000110,景観法,20270526,公布の日から起算して一年を超えない範囲内において政令で定める日,都市再生特別措置法等の一部を改正する法律,令和八年法律第二十三号,令和八年五月二十七日,20270526_508AC0000000023,https://laws.e-gov.go.jp/law/416AC0000000110/20270526_508AC0000000023
418AC0000000091,高齢者、障害者等の移動等の円滑化の促進に関する法律,20270526,公布の日から起算して一年を超えない範囲内において政令で定める日,都市再生特別措置法等の一部を改正する法律,令和八年法律第二十三号,令和八年五月二十七日,20270526_508AC0000000023,https://laws.e-gov.go.jp/law/418AC0000000091/20270526_508AC0000000023
424AC0000000084,都市の低炭素化の促進に関する法律,20270526,公布の日から起算して一年を超えない範囲内において政令で定める日,都市再生特別措置法等の一部を改正する法律,令和八年法律第二十三号,令和八年五月二十七日,20270526_508AC0000000023,https://laws.e-gov.go.jp/law/424AC0000000084/20270526_508AC0000000023
425AC0000000107,国家戦略特別区域法,20270526,公布の日から起算して一年を超えない範囲内において政令で定める日,都市再生特別措置法等の一部を改正する法律,令和八年法律第二十三号,令和八年五月二十七日,20270526_508AC0000000023,https://laws.e-gov.go.jp/law/425AC0000000107/20270526_508AC0000000023
325AC0000000062,退職職員に支給する退職手当支給の財源に充てるための特別会計からする一般会計への繰入れに関する法律,20270527,公布の日から起算して二年を超えない範囲内において政令で定める日,電気通信事業法及び日本電信電話株式会社等に関する法律の一部を改正する法律,令和七年法律第四十六号,令和七年五月二十八日,20270527_507AC0000000046,https://laws.e-gov.go.jp/law/325AC0000000062/20270527_507AC0000000046
327AC0000000165,気象業務法,20270527,公布の日から起算して二年を超えない範囲内において政令で定める日,電気通信事業法及び日本電信電話株式会社等に関する法律の一部を改正する法律,令和七年法律第四十六号,令和七年五月二十八日,20270527_507AC0000000046,https://laws.e-gov.go.jp/law/327AC0000000165/20270527_507AC0000000046
329AC0000000165,自衛隊法,20270527,公布の日から起算して二年を超えない範囲内において政令で定める日,電気通信事業法及び日本電信電話株式会社等に関する法律の一部を改正する法律,令和七年法律第四十六号,令和七年五月二十八日,20270527_507AC0000000046,https://laws.e-gov.go.jp/law/329AC0000000165/20270527_507AC0000000046
333AC0000000128,国家公務員共済組合法,20270527,公布の日から起算して二年を超えない範囲内において政令で定める日,電気通信事業法及び日本電信電話株式会社等に関する法律の一部を改正する法律,令和七年法律第四十六号,令和七年五月二十八日,20270527_507AC0000000046,https://laws.e-gov.go.jp/law/333AC0000000128/20270527_507AC0000000046
333AC0000000138,電話加入権質に関する臨時特例法,20270527,公布の日から起算して二年を超えない範囲内において政令で定める日,電気通信事業法及び日本電信電話株式会社等に関する法律の一部を改正する法律,令和七年法律第四十六号,令和七年五月二十八日,20270527_507AC0000000046,https://laws.e-gov.go.jp/law/333AC0000000138/20270527_507AC0000000046
359AC0000000085,日本電信電話株式会社等に関する法律,20270527,公布の日から起算して二年を超えない範囲内において政令で定める日,電気通信事業法及び日本電信電話株式会社等に関する法律の一部を改正する法律,令和七年法律第四十六号,令和七年五月二十八日,20270527_507AC0000000046,https://laws.e-gov.go.jp/law/359AC0000000085/20270527_507AC0000000046
359AC0000000086,電気通信事業法,20270527,公布の日から起算して二年を超えない範囲内において政令で定める日,電気通信事業法及び日本電信電話株式会社等に関する法律の一部を改正する法律,令和七年法律第四十六号,令和七年五月二十八日,20270527_507AC0000000046,https://laws.e-gov.go.jp/law/359AC0000000086/20270527_507AC0000000046
362AC0000000086,日本電信電話株式会社の株式の売払収入の活用による社会資本の整備の促進に関する特別措置法,20270527,公布の日から起算して二年を超えない範囲内において政令で定める日,電気通信事業法及び日本電信電話株式会社等に関する法律の一部を改正する法律,令和七年法律第四十六号,令和七年五月二十八日,20270527_507AC0000000046,https://laws.e-gov.go.jp/law/362AC0000000086/20270527_507AC0000000046
323AC0000000025,金融商品取引法,20270528,公布の日から起算して三年六月を超えない範囲内において政令で定める日,金融商品取引法等の一部を改正する法律,令和五年法律第七十九号,令和五年十一月二十九日,20270528_505AC0000000079,https://laws.e-gov.go.jp/law/323AC0000000025/20270528_505AC0000000079
417AC1000000031,携帯通信事業者による契約者等の本人確認等及び携帯通信役務の不正な利用の防止に関する法律,20270528,公布の日から起算して一年を超えない範囲内において政令で定める日,携帯音声通信事業者による契約者等の本人確認等及び携帯音声通信役務の不正な利用の防止に関する法律の一部を改正する法律,令和八年法律第二十五号,令和八年五月二十九日,20270528_508AC0000000025,https://laws.e-gov.go.jp/law/417AC1000000031/20270528_508AC0000000025
507AC0000000049,民事裁判情報の活用の促進に関する法律,20270529,公布の日から起算して二年を超えない範囲内において政令で定める日,,,令和七年五月三十日,20270529_000000000000000,https://laws.e-gov.go.jp/law/507AC0000000049/20270529_000000000000000
508M60000010001,民事裁判情報の活用の促進に関する法律施行規則,20270529,法附則第一条ただし書に規定する規定の施行の日,,,令和八年一月十五日,20270529_000000000000000,https://laws.e-gov.go.jp/law/508M60000010001/20270529_000000000000000
342AC0000000081,住民基本台帳法,20270601,,更生保護制度の充実を図るための保護司法等の一部を改正する法律,令和七年法律第八十二号,令和七年十二月十日,20270601_507AC0000000082,https://laws.e-gov.go.jp/law/342AC0000000081/20270601_507AC0000000082
414CO0000000349,国際受刑者移送法施行令,20270601,,更生保護制度の充実を図るための保護司法等の一部を改正する法律の施行に伴う関係政令の整理に関する政令,令和八年政令第二百五十三号,令和八年八月七日,20270601_508CO0000000253,https://laws.e-gov.go.jp/law/414CO0000000349/20270601_508CO0000000253
419AC0000000088,更生保護法,20270601,,更生保護制度の充実を図るための保護司法等の一部を改正する法律,令和七年法律第八十二号,令和七年十二月十日,20270601_507AC0000000082,https://laws.e-gov.go.jp/law/419AC0000000088/20270601_507AC0000000082
507CO0000000193,刑法等の一部を改正する法律及び刑法等の一部を改正する法律の施行に伴う関係法律の整理等に関する法律の施行に伴う関係政令の整理等及び経過措置に関する政令,20270601,,更生保護制度の充実を図るための保護司法等の一部を改正する法律の施行に伴う関係政令の整理に関する政令,令和八年政令第二百五十三号,令和八年八月七日,20270601_508CO0000000253,https://laws.e-gov.go.jp/law/507CO0000000193/20270601_508CO0000000253
211AC0000000070,健康保険法,20270604,公布の日から起算して一年を超えない範囲内において政令で定める日,健康保険法等の一部を改正する法律,令和八年法律第三十一号,令和八年六月五日,20270604_508AC0000000031,https://laws.e-gov.go.jp/law/211AC0000000070/20270604_508AC0000000031
314AC0000000073,船員保険法,20270604,公布の日から起算して一年を超えない範囲内において政令で定める日,健康保険法等の一部を改正する法律,令和八年法律第三十一号,令和八年六月五日,20270604_508AC0000000031,https://laws.e-gov.go.jp/law/314AC0000000073/20270604_508AC0000000031
322AC0000000067,地方自治法,20270604,公布の日から起算して一年を超えない範囲内において政令で定める日,健康保険法等の一部を改正する法律,令和八年法律第三十一号,令和八年六月五日,20270604_508AC0000000031,https://laws.e-gov.go.jp/law/322AC0000000067/20270604_508AC0000000031
325AC0000000047,社会保険医療協議会法,20270604,公布の日から起算して一年を超えない範囲内において政令で定める日,健康保険法等の一部を改正する法律,令和八年法律第三十一号,令和八年六月五日,20270604_508AC0000000031,https://laws.e-gov.go.jp/law/325AC0000000047/20270604_508AC0000000031
328AC0000000014,麻薬及び向精神薬取締法,20270604,公布の日から起算して一年を超えない範囲内において政令で定める日,健康保険法等の一部を改正する法律,令和八年法律第三十一号,令和八年六月五日,20270604_508AC0000000031,https://laws.e-gov.go.jp/law/328AC0000000014/20270604_508AC0000000031
333AC0000000128,国家公務員共済組合法,20270604,公布の日から起算して一年を超えない範囲内において政令で定める日,健康保険法等の一部を改正する法律,令和八年法律第三十一号,令和八年六月五日,20270604_508AC0000000031,https://laws.e-gov.go.jp/law/333AC0000000128/20270604_508AC0000000031
333AC0000000192,国民健康保険法,20270604,公布の日から起算して一年を超えない範囲内において政令で定める日,健康保険法等の一部を改正する法律,令和八年法律第三十一号,令和八年六月五日,20270604_508AC0000000031,https://laws.e-gov.go.jp/law/333AC0000000192/20270604_508AC0000000031
335AC0000000145,医薬品、医療機器等の品質、有効性及び安全性の確保等に関する法律,20270604,公布の日から起算して一年を超えない範囲内において政令で定める日,健康保険法等の一部を改正する法律,令和八年法律第三十一号,令和八年六月五日,20270604_508AC0000000031,https://laws.e-gov.go.jp/law/335AC0000000145/20270604_508AC0000000031
335AC0000000146,薬剤師法,20270604,公布の日から起算して一年を超えない範囲内において政令で定める日,健康保険法等の一部を改正する法律,令和八年法律第三十一号,令和八年六月五日,20270604_508AC0000000031,https://laws.e-gov.go.jp/law/335AC0000000146/20270604_508AC0000000031
337AC0000000152,地方公務員等共済組合法,20270604,公布の日から起算して一年を超えない範囲内において政令で定める日,健康保険法等の一部を改正する法律,令和八年法律第三十一号,令和八年六月五日,20270604_508AC0000000031,https://laws.e-gov.go.jp/law/337AC0000000152/20270604_508AC0000000031
357AC0000000080,高齢者の医療の確保に関する法律,20270604,公布の日から起算して一年を超えない範囲内において政令で定める日,健康保険法等の一部を改正する法律,令和八年法律第三十一号,令和八年六月五日,20270604_508AC0000000031,https://laws.e-gov.go.jp/law/357AC0000000080/20270604_508AC0000000031
414AC0000000192,独立行政法人医薬品医療機器総合機構法,20270604,公布の日から起算して一年を超えない範囲内において政令で定める日,健康保険法等の一部を改正する法律,令和八年法律第三十一号,令和八年六月五日,20270604_508AC0000000031,https://laws.e-gov.go.jp/law/414AC0000000192/20270604_508AC0000000031
416AC0000000112,武力攻撃事態等における国民の保護のための措置に関する法律,20270604,公布の日から起算して一年を超えない範囲内において政令で定める日,健康保険法等の一部を改正する法律,令和八年法律第三十一号,令和八年六月五日,20270604_508AC0000000031,https://laws.e-gov.go.jp/law/416AC0000000112/20270604_508AC0000000031
416AC0000000117,武力攻撃事態及び存立危機事態における捕虜等の取扱いに関する法律,20270604,公布の日から起算して一年を超えない範囲内において政令で定める日,健康保険法等の一部を改正する法律,令和八年法律第三十一号,令和八年六月五日,20270604_508AC0000000031,https://laws.e-gov.go.jp/law/416AC0000000117/20270604_508AC0000000031
429AC0000000016,臨床研究法,20270604,公布の日から起算して一年を超えない範囲内において政令で定める日,健康保険法等の一部を改正する法律,令和八年法律第三十一号,令和八年六月五日,20270604_508AC0000000031,https://laws.e-gov.go.jp/law/429AC0000000016/20270604_508AC0000000031
419AC0000000022,犯罪による収益の移転防止に関する法律,20270609,公布の日から起算して一年を超えない範囲内において政令で定める日,犯罪による収益の移転防止に関する法律の一部を改正する法律,令和八年法律第三十四号,令和八年六月十日,20270609_508AC0000000034,https://laws.e-gov.go.jp/law/419AC0000000022/20270609_508AC0000000034
430AC0000000080,特定複合観光施設区域整備法,20270609,公布の日から起算して一年を超えない範囲内において政令で定める日,犯罪による収益の移転防止に関する法律の一部を改正する法律,令和八年法律第三十四号,令和八年六月十日,20270609_508AC0000000034,https://laws.e-gov.go.jp/law/430AC0000000080/20270609_508AC0000000034
419AC0000000074,株式会社商工組合中央金庫法,20270615,公布の日から起算して四年を超えない範囲内において政令で定める日,中小企業信用保険法及び株式会社商工組合中央金庫法の一部を改正する法律,令和五年法律第六十一号,令和五年六月十六日,20270615_505AC0000000061,https://laws.e-gov.go.jp/law/419AC0000000074/20270615_505AC0000000061
411AC0000000089,内閣府設置法,20270616,公布の日から起算して一年を超えない範囲内において政令で定める日,人工衛星等の打上げ及び人工衛星の管理に関する法律等の一部を改正する法律,令和八年法律第三十九号,令和八年六月十七日,20270616_508AC0000000039,https://laws.e-gov.go.jp/law/411AC0000000089/20270616_508AC0000000039
423AC0000000039,株式会社国際協力銀行法,20270616,公布の日から起算して一年を超えない範囲内において政令で定める日,経済施策を一体的に講ずることによる安全保障の確保の推進に関する法律及び株式会社国際協力銀行法の一部を改正する法律,令和八年法律第三十八号,令和八年六月十七日,20270616_508AC0000000038,https://laws.e-gov.go.jp/law/423AC0000000039/20270616_508AC0000000038
428AC0000000076,宇宙ロケットの打上げ及び特定人工衛星の管理に関する法律,20270616,公布の日から起算して一年を超えない範囲内において政令で定める日,人工衛星等の打上げ及び人工衛星の管理に関する法律等の一部を改正する法律,令和八年法律第三十九号,令和八年六月十七日,20270616_508AC0000000039,https://laws.e-gov.go.jp/law/428AC0000000076/20270616_508AC0000000039
503AC1000000083,宇宙資源の探査及び開発に関する事業活動の促進に関する法律,20270616,公布の日から起算して一年を超えない範囲内において政令で定める日,人工衛星等の打上げ及び人工衛星の管理に関する法律等の一部を改正する法律,令和八年法律第三十九号,令和八年六月十七日,20270616_508AC0000000039,https://laws.e-gov.go.jp/law/503AC1000000083/20270616_508AC0000000039
325AC0000000226,地方税法,20270618,産業技術力強化法の一部を改正する法律（令和八年法律第四十一号）の施行の日,地方税法等の一部を改正する法律,令和八年法律第二号,令和八年三月三十一日,20270618_508AC0000000002,https://laws.e-gov.go.jp/law/325AC0000000226/20270618_508AC0000000002
325CO0000000245,地方税法施行令,20270618,産業技術力強化法の一部を改正する法律（令和八年法律第四十一号）の施行の日,地方税法施行令等の一部を改正する政令,令和八年政令第八十三号,令和八年三月三十一日,20270618_508CO0000000083,https://laws.e-gov.go.jp/law/325CO0000000245/20270618_508CO0000000083
332AC0000000026,租税特別措置法,20270618,産業技術力強化法の一部を改正する法律（令和八年法律第四十一号）の施行の日,所得税法等の一部を改正する法律,令和八年法律第十二号,令和八年三月三十一日,20270618_508AC0000000012,https://laws.e-gov.go.jp/law/332AC0000000026/20270618_508AC0000000012
340AC0000000141,母子保健法,20270618,公布の日から起算して三年を超えない範囲内において政令で定める日,地域の自主性及び自立性を高めるための改革の推進を図るための関係法律の整備に関する法律,令和六年法律第五十三号,令和六年六月十九日,20270618_506AC0000000053,https://laws.e-gov.go.jp/law/340AC0000000141/20270618_506AC0000000053
342AC0000000023,印紙税法,20270618,地域の自主性及び自立性を高めるための改革の推進を図るための関係法律の整備に関する法律（令和六年法律第五十三号）附則第一条第四号に掲げる規定の施行の日,所得税法等の一部を改正する法律,令和七年法律第十三号,令和七年三月三十一日,20270618_507AC0000000013,https://laws.e-gov.go.jp/law/342AC0000000023/20270618_507AC0000000013
342AC0000000081,住民基本台帳法,20270618,公布の日から起算して三年を超えない範囲内において政令で定める日,地域の自主性及び自立性を高めるための改革の推進を図るための関係法律の整備に関する法律,令和六年法律第五十三号,令和六年六月十九日,20270618_506AC0000000053,https://laws.e-gov.go.jp/law/342AC0000000081/20270618_506AC0000000053
412AC0000000044,産業技術力強化法,20270618,公布の日から起算して一年を超えない範囲内において政令で定める日,産業技術力強化法の一部を改正する法律,令和八年法律第四十一号,令和八年六月十九日,20270618_508AC0000000041,https://laws.e-gov.go.jp/law/412AC0000000044/20270618_508AC0000000041
414AC0000000145,国立研究開発法人新エネルギー・産業技術総合開発機構法,20270618,公布の日から起算して一年を超えない範囲内において政令で定める日,産業技術力強化法の一部を改正する法律,令和八年法律第四十一号,令和八年六月十九日,20270618_508AC0000000041,https://laws.e-gov.go.jp/law/414AC0000000145/20270618_508AC0000000041
415AC0000000044,中間貯蔵・環境安全事業株式会社法,20270618,公布の日から起算して一年を超えない範囲内において政令で定める日,ポリ塩化ビフェニル廃棄物の適正な処理の推進に関する特別措置法及び中間貯蔵・環境安全事業株式会社法の一部を改正する法律,令和八年法律第四十四号,令和八年六月十九日,20270618_508AC0000000044,https://laws.e-gov.go.jp/law/415AC0000000044/20270618_508AC0000000044
420AC0100000063,科学技術・イノベーション創出の活性化に関する法律,20270618,公布の日から起算して一年を超えない範囲内において政令で定める日,産業技術力強化法の一部を改正する法律,令和八年法律第四十一号,令和八年六月十九日,20270618_508AC0000000041,https://laws.e-gov.go.jp/law/420AC0100000063/20270618_508AC0000000041
409AC0000000081,環境影響評価法,20270619,公布の日から起算して二年を超えない範囲内において政令で定める日,環境影響評価法の一部を改正する法律,令和七年法律第七十三号,令和七年六月二十日,20270619_507AC0000000073,https://laws.e-gov.go.jp/law/409AC0000000081/20270619_507AC0000000073
411AC0000000097,厚生労働省設置法,20270620,公布の日から起算して三年を超えない範囲内において政令で定める日,出入国管理及び難民認定法及び外国人の技能実習の適正な実施及び技能実習生の保護に関する法律の一部を改正する法律,令和六年法律第六十号,令和六年六月二十一日,20270620_506AC0000000060,https://laws.e-gov.go.jp/law/411AC0000000097/20270620_506AC0000000060
129AC0000000089,民法,20270623,公布の日から起算して一年を超えない範囲内において政令で定める日,民法等の一部を改正する法律,令和八年法律第四十五号,令和八年六月二十四日,20270623_508AC0000000045,https://laws.e-gov.go.jp/law/129AC0000000089/20270623_508AC0000000045
322AC0000000224,戸籍法,20270623,民法等改正法附則第一条第二号に掲げる規定の施行の日,民法等の一部を改正する法律の施行に伴う関係法律の整備等に関する法律,令和八年法律第四十六号,令和八年六月二十四日,20270623_508AC0000000046,https://laws.e-gov.go.jp/law/322AC0000000224/20270623_508AC0000000046
423AC0000000052,家事事件手続法,20270623,公布の日から起算して一年を超えない範囲内において政令で定める日,民法等の一部を改正する法律,令和八年法律第四十五号,令和八年六月二十四日,20270623_508AC0000000045,https://laws.e-gov.go.jp/law/423AC0000000052/20270623_508AC0000000045
322M40000008029,地方自治法施行規則,20270701,,地方自治法施行規則の一部を改正する省令,令和八年総務省令第八十号,令和八年六月二十六日,20270701_508M60000008080,https://laws.e-gov.go.jp/law/322M40000008029/20270701_508M60000008080
427CO0000000378,水銀による環境の汚染の防止に関する法律施行令,20270701,,水銀による環境の汚染の防止に関する法律施行令の一部を改正する政令,令和六年政令第四百二号,令和六年十二月二十七日,20270701_506CO0000000402,https://laws.e-gov.go.jp/law/427CO0000000378/20270701_506CO0000000402
406AC0000000113,主要食糧の需給及び価格の安定に関する法律,20270714,公布の日から起算して一年を超えない範囲内において政令で定める日,主要食糧の需給及び価格の安定に関する法律の一部を改正する法律,令和八年法律第五十五号,令和八年七月十五日,20270714_508AC0000000055,https://laws.e-gov.go.jp/law/406AC0000000113/20270714_508AC0000000055
419AC0000000023,特別会計に関する法律,20270714,公布の日から起算して一年を超えない範囲内において政令で定める日,主要食糧の需給及び価格の安定に関する法律の一部を改正する法律,令和八年法律第五十五号,令和八年七月十五日,20270714_508AC0000000055,https://laws.e-gov.go.jp/law/419AC0000000023/20270714_508AC0000000055
421AC0000000025,米穀の新用途への利用の促進に関する法律,20270714,公布の日から起算して一年を超えない範囲内において政令で定める日,主要食糧の需給及び価格の安定に関する法律の一部を改正する法律,令和八年法律第五十五号,令和八年七月十五日,20270714_508AC0000000055,https://laws.e-gov.go.jp/law/421AC0000000025/20270714_508AC0000000055
318AC0000000043,金融機関の信託業務の兼営等に関する法律,20270722,公布の日から起算して一年を超えない範囲内において政令で定める日,金融商品取引法及び資金決済に関する法律の一部を改正する法律,令和八年法律第六十四号,令和八年七月二十三日,20270722_508AC0000000064,https://laws.e-gov.go.jp/law/318AC0000000043/20270722_508AC0000000064
322AC0000000132,農業協同組合法,20270722,公布の日から起算して一年を超えない範囲内において政令で定める日,金融商品取引法及び資金決済に関する法律の一部を改正する法律,令和八年法律第六十四号,令和八年七月二十三日,20270722_508AC0000000064,https://laws.e-gov.go.jp/law/322AC0000000132/20270722_508AC0000000064
323AC0000000025,金融商品取引法,20270722,公布の日から起算して一年を超えない範囲内において政令で定める日,金融商品取引法及び資金決済に関する法律の一部を改正する法律,令和八年法律第六十四号,令和八年七月二十三日,20270722_508AC0000000064,https://laws.e-gov.go.jp/law/323AC0000000025/20270722_508AC0000000064
323AC0000000200,消費生活協同組合法,20270722,公布の日から起算して一年を超えない範囲内において政令で定める日,金融商品取引法及び資金決済に関する法律の一部を改正する法律,令和八年法律第六十四号,令和八年七月二十三日,20270722_508AC0000000064,https://laws.e-gov.go.jp/law/323AC0000000200/20270722_508AC0000000064
323AC0000000242,水産業協同組合法,20270722,公布の日から起算して一年を超えない範囲内において政令で定める日,金融商品取引法及び資金決済に関する法律の一部を改正する法律,令和八年法律第六十四号,令和八年七月二十三日,20270722_508AC0000000064,https://laws.e-gov.go.jp/law/323AC0000000242/20270722_508AC0000000064
324AC0000000181,中小企業等協同組合法,20270722,公布の日から起算して一年を超えない範囲内において政令で定める日,金融商品取引法及び資金決済に関する法律の一部を改正する法律,令和八年法律第六十四号,令和八年七月二十三日,20270722_508AC0000000064,https://laws.e-gov.go.jp/law/324AC0000000181/20270722_508AC0000000064
324AC0000000183,協同組合による金融事業に関する法律,20270722,公布の日から起算して一年を超えない範囲内において政令で定める日,金融商品取引法及び資金決済に関する法律の一部を改正する法律,令和八年法律第六十四号,令和八年七月二十三日,20270722_508AC0000000064,https://laws.e-gov.go.jp/law/324AC0000000183/20270722_508AC0000000064
324AC0000000213,簡易郵便局法,20270722,公布の日から起算して一年を超えない範囲内において政令で定める日,金融商品取引法及び資金決済に関する法律の一部を改正する法律,令和八年法律第六十四号,令和八年七月二十三日,20270722_508AC0000000064,https://laws.e-gov.go.jp/law/324AC0000000213/20270722_508AC0000000064
324AC0000000228,外国為替及び外国貿易法,20270722,公布の日から起算して一年を超えない範囲内において政令で定める日,金融商品取引法及び資金決済に関する法律の一部を改正する法律,令和八年法律第六十四号,令和八年七月二十三日,20270722_508AC0000000064,https://laws.e-gov.go.jp/law/324AC0000000228/20270722_508AC0000000064
326AC0100000198,投資信託及び投資法人に関する法律,20270722,公布の日から起算して一年を超えない範囲内において政令で定める日,金融商品取引法及び資金決済に関する法律の一部を改正する法律,令和八年法律第六十四号,令和八年七月二十三日,20270722_508AC0000000064,https://laws.e-gov.go.jp/law/326AC0100000198/20270722_508AC0000000064
326AC1000000238,信用金庫法,20270722,公布の日から起算して一年を超えない範囲内において政令で定める日,金融商品取引法及び資金決済に関する法律の一部を改正する法律,令和八年法律第六十四号,令和八年七月二十三日,20270722_508AC0000000064,https://laws.e-gov.go.jp/law/326AC1000000238/20270722_508AC0000000064
327AC0000000187,長期信用銀行法,20270722,公布の日から起算して一年を超えない範囲内において政令で定める日,金融商品取引法及び資金決済に関する法律の一部を改正する法律,令和八年法律第六十四号,令和八年七月二十三日,20270722_508AC0000000064,https://laws.e-gov.go.jp/law/327AC0000000187/20270722_508AC0000000064
328AC0100000227,労働金庫法,20270722,公布の日から起算して一年を超えない範囲内において政令で定める日,金融商品取引法及び資金決済に関する法律の一部を改正する法律,令和八年法律第六十四号,令和八年七月二十三日,20270722_508AC0000000064,https://laws.e-gov.go.jp/law/328AC0100000227/20270722_508AC0000000064
332AC0000000026,租税特別措置法,20270722,公布の日から起算して一年を超えない範囲内において政令で定める日,金融商品取引法及び資金決済に関する法律の一部を改正する法律,令和八年法律第六十四号,令和八年七月二十三日,20270722_508AC0000000064,https://laws.e-gov.go.jp/law/332AC0000000026/20270722_508AC0000000064
340AC0000000033,所得税法,20270722,金融商品取引法及び資金決済に関する法律の一部を改正する法律（令和八年法律第六十四号）の施行の日,所得税法等の一部を改正する法律,令和八年法律第十二号,令和八年三月三十一日,20270722_508AC0000000012,https://laws.e-gov.go.jp/law/340AC0000000033/20270722_508AC0000000012
340AC0000000033,所得税法,20270722,公布の日から起算して一年を超えない範囲内において政令で定める日,金融商品取引法及び資金決済に関する法律の一部を改正する法律,令和八年法律第六十四号,令和八年七月二十三日,20270722_508AC0000000064,https://laws.e-gov.go.jp/law/340AC0000000033/20270722_508AC0000000064
340AC0000000034,法人税法,20270722,公布の日から起算して一年を超えない範囲内において政令で定める日,金融商品取引法及び資金決済に関する法律の一部を改正する法律,令和八年法律第六十四号,令和八年七月二十三日,20270722_508AC0000000064,https://laws.e-gov.go.jp/law/340AC0000000034/20270722_508AC0000000064
340CO0000000096,所得税法施行令,20270722,金融商品取引法及び資金決済に関する法律の一部を改正する法律（令和八年法律第六十四号）の施行の日,所得税法施行令の一部を改正する政令,令和八年政令第九十三号,令和八年三月三十一日,20270722_508CO0000000093,https://laws.e-gov.go.jp/law/340CO0000000096/20270722_508CO0000000093
342AC0000000035,登録免許税法,20270722,公布の日から起算して一年を超えない範囲内において政令で定める日,金融商品取引法及び資金決済に関する法律の一部を改正する法律,令和八年法律第六十四号,令和八年七月二十三日,20270722_508AC0000000064,https://laws.e-gov.go.jp/law/342AC0000000035/20270722_508AC0000000064
342AC0000000081,住民基本台帳法,20270722,公布の日から起算して一年を超えない範囲内において政令で定める日,金融商品取引法及び資金決済に関する法律の一部を改正する法律,令和八年法律第六十四号,令和八年七月二十三日,20270722_508AC0000000064,https://laws.e-gov.go.jp/law/342AC0000000081/20270722_508AC0000000064
346AC0000000034,預金保険法,20270722,公布の日から起算して一年を超えない範囲内において政令で定める日,金融商品取引法及び資金決済に関する法律の一部を改正する法律,令和八年法律第六十四号,令和八年七月二十三日,20270722_508AC0000000064,https://laws.e-gov.go.jp/law/346AC0000000034/20270722_508AC0000000064
351AC0000000057,特定商取引に関する法律,20270722,公布の日から起算して一年を超えない範囲内において政令で定める日,金融商品取引法及び資金決済に関する法律の一部を改正する法律,令和八年法律第六十四号,令和八年七月二十三日,20270722_508AC0000000064,https://laws.e-gov.go.jp/law/351AC0000000057/20270722_508AC0000000064
356AC0000000059,銀行法,20270722,公布の日から起算して一年を超えない範囲内において政令で定める日,金融商品取引法及び資金決済に関する法律の一部を改正する法律,令和八年法律第六十四号,令和八年七月二十三日,20270722_508AC0000000064,https://laws.e-gov.go.jp/law/356AC0000000059/20270722_508AC0000000064
363CO0000000360,消費税法施行令,20270722,金融商品取引法及び資金決済に関する法律の一部を改正する法律（令和八年法律第六十四号）の施行の日,消費税法施行令の一部を改正する政令,令和八年政令第九十六号,令和八年三月三十一日,20270722_508CO0000000096,https://laws.e-gov.go.jp/law/363CO0000000360/20270722_508CO0000000096
403AC0000000066,商品投資に係る事業の規制に関する法律,20270722,公布の日から起算して一年を超えない範囲内において政令で定める日,金融商品取引法及び資金決済に関する法律の一部を改正する法律,令和八年法律第六十四号,令和八年七月二十三日,20270722_508AC0000000064,https://laws.e-gov.go.jp/law/403AC0000000066/20270722_508AC0000000064
406AC0000000077,不動産特定共同事業法,20270722,公布の日から起算して一年を超えない範囲内において政令で定める日,金融商品取引法及び資金決済に関する法律の一部を改正する法律,令和八年法律第六十四号,令和八年七月二十三日,20270722_508AC0000000064,https://laws.e-gov.go.jp/law/406AC0000000077/20270722_508AC0000000064
407AC0000000105,保険業法,20270722,公布の日から起算して一年を超えない範囲内において政令で定める日,金融商品取引法及び資金決済に関する法律の一部を改正する法律,令和八年法律第六十四号,令和八年七月二十三日,20270722_508AC0000000064,https://laws.e-gov.go.jp/law/407AC0000000105/20270722_508AC0000000064
409AC0000000110,内国税の適正な課税の確保を図るための国外送金等に係る調書の提出等に関する法律,20270722,公布の日から起算して一年を超えない範囲内において政令で定める日,金融商品取引法及び資金決済に関する法律の一部を改正する法律,令和八年法律第六十四号,令和八年七月二十三日,20270722_508AC0000000064,https://laws.e-gov.go.jp/law/409AC0000000110/20270722_508AC0000000064
410AC0000000090,投資事業有限責任組合契約に関する法律,20270722,公布の日から起算して一年を超えない範囲内において政令で定める日,金融商品取引法及び資金決済に関する法律の一部を改正する法律,令和八年法律第六十四号,令和八年七月二十三日,20270722_508AC0000000064,https://laws.e-gov.go.jp/law/410AC0000000090/20270722_508AC0000000064
410AC1000000130,金融庁設置法,20270722,公布の日から起算して一年を超えない範囲内において政令で定める日,金融商品取引法及び資金決済に関する法律の一部を改正する法律,令和八年法律第六十四号,令和八年七月二十三日,20270722_508AC0000000064,https://laws.e-gov.go.jp/law/410AC1000000130/20270722_508AC0000000064
412AC0000000101,金融サービスの提供及び利用環境の整備等に関する法律,20270722,公布の日から起算して一年を超えない範囲内において政令で定める日,金融商品取引法及び資金決済に関する法律の一部を改正する法律,令和八年法律第六十四号,令和八年七月二十三日,20270722_508AC0000000064,https://laws.e-gov.go.jp/law/412AC0000000101/20270722_508AC0000000064
413AC0000000093,農林中央金庫法,20270722,公布の日から起算して一年を超えない範囲内において政令で定める日,金融商品取引法及び資金決済に関する法律の一部を改正する法律,令和八年法律第六十四号,令和八年七月二十三日,20270722_508AC0000000064,https://laws.e-gov.go.jp/law/413AC0000000093/20270722_508AC0000000064
416AC0000000154,信託業法,20270722,公布の日から起算して一年を超えない範囲内において政令で定める日,金融商品取引法及び資金決済に関する法律の一部を改正する法律,令和八年法律第六十四号,令和八年七月二十三日,20270722_508AC0000000064,https://laws.e-gov.go.jp/law/416AC0000000154/20270722_508AC0000000064
417AC0000000086,会社法,20270722,公布の日から起算して一年を超えない範囲内において政令で定める日,金融商品取引法及び資金決済に関する法律の一部を改正する法律,令和八年法律第六十四号,令和八年七月二十三日,20270722_508AC0000000064,https://laws.e-gov.go.jp/law/417AC0000000086/20270722_508AC0000000064
417AC0000000097,郵政民営化法,20270722,公布の日から起算して一年を超えない範囲内において政令で定める日,金融商品取引法及び資金決済に関する法律の一部を改正する法律,令和八年法律第六十四号,令和八年七月二十三日,20270722_508AC0000000064,https://laws.e-gov.go.jp/law/417AC0000000097/20270722_508AC0000000064
419AC0000000022,犯罪による収益の移転防止に関する法律,20270722,犯罪による収益の移転防止に関する法律の一部を改正する法律（令和八年法律第三十四号）の施行の日又はこの法律の施行の日のいずれか遅い日,金融商品取引法及び資金決済に関する法律の一部を改正する法律,令和八年法律第六十四号,令和八年七月二十三日,20270722_508AC0000000064,https://laws.e-gov.go.jp/law/419AC0000000022/20270722_508AC0000000064
419AC0000000057,株式会社日本政策金融公庫法,20270722,公布の日から起算して一年を超えない範囲内において政令で定める日,金融商品取引法及び資金決済に関する法律の一部を改正する法律,令和八年法律第六十四号,令和八年七月二十三日,20270722_508AC0000000064,https://laws.e-gov.go.jp/law/419AC0000000057/20270722_508AC0000000064
419AC0000000074,株式会社商工組合中央金庫法,20270722,公布の日から起算して一年を超えない範囲内において政令で定める日,金融商品取引法及び資金決済に関する法律の一部を改正する法律,令和八年法律第六十四号,令和八年七月二十三日,20270722_508AC0000000064,https://laws.e-gov.go.jp/law/419AC0000000074/20270722_508AC0000000064
419AC0000000085,株式会社日本政策投資銀行法,20270722,公布の日から起算して一年を超えない範囲内において政令で定める日,金融商品取引法及び資金決済に関する法律の一部を改正する法律,令和八年法律第六十四号,令和八年七月二十三日,20270722_508AC0000000064,https://laws.e-gov.go.jp/law/419AC0000000085/20270722_508AC0000000064
421AC0000000059,資金決済に関する法律,20270722,公布の日から起算して一年を超えない範囲内において政令で定める日,金融商品取引法及び資金決済に関する法律の一部を改正する法律,令和八年法律第六十四号,令和八年七月二十三日,20270722_508AC0000000064,https://laws.e-gov.go.jp/law/421AC0000000059/20270722_508AC0000000064
423AC0000000039,株式会社国際協力銀行法,20270722,公布の日から起算して一年を超えない範囲内において政令で定める日,金融商品取引法及び資金決済に関する法律の一部を改正する法律,令和八年法律第六十四号,令和八年七月二十三日,20270722_508AC0000000064,https://laws.e-gov.go.jp/law/423AC0000000039/20270722_508AC0000000064
425AC0000000098,産業競争力強化法,20270722,公布の日から起算して一年を超えない範囲内において政令で定める日,金融商品取引法及び資金決済に関する法律の一部を改正する法律,令和八年法律第六十四号,令和八年七月二十三日,20270722_508AC0000000064,https://laws.e-gov.go.jp/law/425AC0000000098/20270722_508AC0000000064
504AC0000000043,経済施策を一体的に講ずることによる安全保障の確保の推進に関する法律,20270722,公布の日から起算して一年を超えない範囲内において政令で定める日,金融商品取引法及び資金決済に関する法律の一部を改正する法律,令和八年法律第六十四号,令和八年七月二十三日,20270722_508AC0000000064,https://laws.e-gov.go.jp/law/504AC0000000043/20270722_508AC0000000064
323AC0000000131,刑事訴訟法,20270723,公布の日から起算して一年を超えない範囲内において政令で定める日,刑事訴訟法の一部を改正する法律,令和八年法律第六十七号,令和八年七月二十四日,20270723_508AC0000000067,https://laws.e-gov.go.jp/law/323AC0000000131/20270723_508AC0000000067
339AC0000000170,電気事業法,20270723,公布の日から起算して一年を超えない範囲内において政令で定める日,電気事業法の一部を改正する法律,令和八年法律第六十八号,令和八年七月二十四日,20270723_508AC0000000068,https://laws.e-gov.go.jp/law/339AC0000000170/20270723_508AC0000000068
416AC0000000063,裁判員の参加する刑事裁判に関する法律,20270723,公布の日から起算して一年を超えない範囲内において政令で定める日,刑事訴訟法の一部を改正する法律,令和八年法律第六十七号,令和八年七月二十四日,20270723_508AC0000000067,https://laws.e-gov.go.jp/law/416AC0000000063/20270723_508AC0000000067
423AC0000000108,再生可能エネルギー電気の利用の促進に関する特別措置法,20270723,公布の日から起算して一年を超えない範囲内において政令で定める日,電気事業法の一部を改正する法律,令和八年法律第六十八号,令和八年七月二十四日,20270723_508AC0000000068,https://laws.e-gov.go.jp/law/423AC0000000108/20270723_508AC0000000068
508AC0000000070,ヒトゲノム編集胚等の取扱いの規制に関する法律,20270724,,,,令和八年七月二十四日,20270724_000000000000000,https://laws.e-gov.go.jp/law/508AC0000000070/20270724_000000000000000
325AC1000000202,建築士法,20270730,公布の日から起算して一年を超えない範囲内において政令で定める日,建築士法の一部を改正する法律,令和八年法律第七十四号,令和八年七月三十一日,20270730_508AC1000000074,https://laws.e-gov.go.jp/law/325AC1000000202/20270730_508AC1000000074
215IO0000000243,健康保険法施行令,20270801,,健康保険法施行令等の一部を改正する政令,令和八年政令第二百四十号,令和八年七月二十九日,20270801_508CO0000000240,https://laws.e-gov.go.jp/law/215IO0000000243/20270801_508CO0000000240
327CO0000000368,防衛省の職員の給与等に関する法律施行令,20270801,,健康保険法施行令等の一部を改正する政令,令和八年政令第二百四十号,令和八年七月二十九日,20270801_508CO0000000240,https://laws.e-gov.go.jp/law/327CO0000000368/20270801_508CO0000000240
328CO0000000240,船員保険法施行令,20270801,,健康保険法施行令等の一部を改正する政令,令和八年政令第二百四十号,令和八年七月二十九日,20270801_508CO0000000240,https://laws.e-gov.go.jp/law/328CO0000000240/20270801_508CO0000000240
328CO0000000425,私立学校教職員共済法施行令,20270801,,健康保険法施行令等の一部を改正する政令,令和八年政令第二百四十号,令和八年七月二十九日,20270801_508CO0000000240,https://laws.e-gov.go.jp/law/328CO0000000425/20270801_508CO0000000240
333CO0000000207,国家公務員共済組合法施行令,20270801,,健康保険法施行令等の一部を改正する政令,令和八年政令第二百四十号,令和八年七月二十九日,20270801_508CO0000000240,https://laws.e-gov.go.jp/law/333CO0000000207/20270801_508CO0000000240
333CO0000000362,国民健康保険法施行令,20270801,,健康保険法施行令等の一部を改正する政令,令和八年政令第二百四十号,令和八年七月二十九日,20270801_508CO0000000240,https://laws.e-gov.go.jp/law/333CO0000000362/20270801_508CO0000000240
337CO0000000352,地方公務員等共済組合法施行令,20270801,,健康保険法施行令等の一部を改正する政令,令和八年政令第二百四十号,令和八年七月二十九日,20270801_508CO0000000240,https://laws.e-gov.go.jp/law/337CO0000000352/20270801_508CO0000000240
410CO0000000412,介護保険法施行令,20270801,,健康保険法施行令等の一部を改正する政令,令和八年政令第二百四十号,令和八年七月二十九日,20270801_508CO0000000240,https://laws.e-gov.go.jp/law/410CO0000000412/20270801_508CO0000000240
415CO0000000369,独立行政法人日本スポーツ振興センター法施行令,20270801,,健康保険法施行令等の一部を改正する政令,令和八年政令第二百四十号,令和八年七月二十九日,20270801_508CO0000000240,https://laws.e-gov.go.jp/law/415CO0000000369/20270801_508CO0000000240
419CO0000000318,高齢者の医療の確保に関する法律施行令,20270801,,健康保険法施行令等の一部を改正する政令,令和八年政令第二百四十号,令和八年七月二十九日,20270801_508CO0000000240,https://laws.e-gov.go.jp/law/419CO0000000318/20270801_508CO0000000240
328AC0000000245,私立学校教職員共済法,20270901,,社会経済の変化を踏まえた年金制度の機能強化のための国民年金法等の一部を改正する等の法律,令和七年法律第七十四号,令和七年六月二十日,20270901_507AC0000000074,https://laws.e-gov.go.jp/law/328AC0000000245/20270901_507AC0000000074
329AC0000000115,厚生年金保険法,20270901,,社会経済の変化を踏まえた年金制度の機能強化のための国民年金法等の一部を改正する等の法律,令和七年法律第七十四号,令和七年六月二十日,20270901_507AC0000000074,https://laws.e-gov.go.jp/law/329AC0000000115/20270901_507AC0000000074
329M50000002023,地方税法施行規則,20270901,,地方税法施行規則及び地方税法施行規則の一部を改正する等の省令の一部を改正する省令,令和八年総務省令第四十四号,令和八年三月三十一日,20270901_508M60000008044,https://laws.e-gov.go.jp/law/329M50000002023/20270901_508M60000008044
333AC0000000128,国家公務員共済組合法,20270901,,社会経済の変化を踏まえた年金制度の機能強化のための国民年金法等の一部を改正する等の法律,令和七年法律第七十四号,令和七年六月二十日,20270901_507AC0000000074,https://laws.e-gov.go.jp/law/333AC0000000128/20270901_507AC0000000074
337AC0000000152,地方公務員等共済組合法,20270901,,社会経済の変化を踏まえた年金制度の機能強化のための国民年金法等の一部を改正する等の法律,令和七年法律第七十四号,令和七年六月二十日,20270901_507AC0000000074,https://laws.e-gov.go.jp/law/337AC0000000152/20270901_507AC0000000074
337M50004000022,建築物用地下水の採取の規制に関する法律施行規則,20270901,,建築物用地下水の採取の規制に関する法律施行規則の一部を改正する省令,令和八年環境省令第二十号,令和八年七月十七日,20270901_508M60001000020,https://laws.e-gov.go.jp/law/337M50004000022/20270901_508M60001000020
340M50000040012,法人税法施行規則,20270901,,国税関係法令に係る情報通信技術を活用した行政の推進等に関する省令の一部を改正する省令,令和八年財務省令第三十号,令和八年三月三十一日,20270901_508M60000040030,https://laws.e-gov.go.jp/law/340M50000040012/20270901_508M60000040030
363M50000040053,消費税法施行規則,20270901,,国税関係法令に係る情報通信技術を活用した行政の推進等に関する省令の一部を改正する省令,令和八年財務省令第三十号,令和八年三月三十一日,20270901_508M60000040030,https://laws.e-gov.go.jp/law/363M50000040053/20270901_508M60000040030
415M60000040071,国税関係法令に係る情報通信技術を活用した行政の推進等に関する省令,20270901,,国税関係法令に係る情報通信技術を活用した行政の推進等に関する省令の一部を改正する省令,令和八年財務省令第三十号,令和八年三月三十一日,20270901_508M60000040030,https://laws.e-gov.go.jp/law/415M60000040071/20270901_508M60000040030
426M60000040022,地方法人税法施行規則,20270901,,国税関係法令に係る情報通信技術を活用した行政の推進等に関する省令の一部を改正する省令,令和八年財務省令第三十号,令和八年三月三十一日,20270901_508M60000040030,https://laws.e-gov.go.jp/law/426M60000040022/20270901_508M60000040030
507M60000040031,防衛特別法人税に関する省令,20270901,,国税関係法令に係る情報通信技術を活用した行政の推進等に関する省令の一部を改正する省令,令和八年財務省令第三十号,令和八年三月三十一日,20270901_508M60000040030,https://laws.e-gov.go.jp/law/507M60000040031/20270901_508M60000040030
211AC0000000070,健康保険法,20271001,,社会経済の変化を踏まえた年金制度の機能強化のための国民年金法等の一部を改正する等の法律,令和七年法律第七十四号,令和七年六月二十日,20271001_507AC0000000074,https://laws.e-gov.go.jp/law/211AC0000000070/20271001_507AC0000000074
323AC0000000025,金融商品取引法,20271001,,金融商品取引法及び資金決済に関する法律の一部を改正する法律,令和八年法律第六十四号,令和八年七月二十三日,20271001_508AC0000000064,https://laws.e-gov.go.jp/law/323AC0000000025/20271001_508AC0000000064
323AC0000000205,医療法,20271001,,医療法等の一部を改正する法律,令和七年法律第八十七号,令和七年十二月十二日,20271001_507AC0000000087,https://laws.e-gov.go.jp/law/323AC0000000205/20271001_507AC0000000087
325AC0000000226,地方税法,20271001,,地方税法等の一部を改正する法律,令和八年法律第二号,令和八年三月三十一日,20271001_508AC0000000002,https://laws.e-gov.go.jp/law/325AC0000000226/20271001_508AC0000000002
327AC0000000112,日本国とアメリカ合衆国との間の相互協力及び安全保障条約第六条に基づく施設及び区域並びに日本国における合衆国軍隊の地位に関する協定の実施に伴う関税法等の臨時特例に関する法律,20271001,,関税定率法等の一部を改正する法律,令和八年法律第五号,令和八年三月三十一日,20271001_508AC0000000005,https://laws.e-gov.go.jp/law/327AC0000000112/20271001_508AC0000000005
327AC0000000113,日本国とアメリカ合衆国との間の相互協力及び安全保障条約第六条に基づく施設及び区域並びに日本国における合衆国軍隊の地位に関する協定の実施に伴う国税通則法等の臨時特例に関する法律,20271001,,所得税法等の一部を改正する法律,令和八年法律第十二号,令和八年三月三十一日,20271001_508AC0000000012,https://laws.e-gov.go.jp/law/327AC0000000113/20271001_508AC0000000012
328AC0000000245,私立学校教職員共済法,20271001,,社会経済の変化を踏まえた年金制度の機能強化のための国民年金法等の一部を改正する等の法律,令和七年法律第七十四号,令和七年六月二十日,20271001_507AC0000000074,https://laws.e-gov.go.jp/law/328AC0000000245/20271001_507AC0000000074
329AC0000000061,関税法,20271001,,関税定率法等の一部を改正する法律,令和八年法律第五号,令和八年三月三十一日,20271001_508AC0000000005,https://laws.e-gov.go.jp/law/329AC0000000061/20271001_508AC0000000005
329AC0000000115,厚生年金保険法,20271001,,社会経済の変化を踏まえた年金制度の機能強化のための国民年金法等の一部を改正する等の法律,令和七年法律第七十四号,令和七年六月二十日,20271001_507AC0000000074,https://laws.e-gov.go.jp/law/329AC0000000115/20271001_507AC0000000074
330AC0000000037,輸入品に対する内国消費税の徴収等に関する法律,20271001,,所得税法等の一部を改正する法律,令和八年法律第十二号,令和八年三月三十一日,20271001_508AC0000000012,https://laws.e-gov.go.jp/law/330AC0000000037/20271001_508AC0000000012
334AC0000000141,国民年金法,20271001,,社会経済の変化を踏まえた年金制度の機能強化のための国民年金法等の一部を改正する等の法律,令和七年法律第七十四号,令和七年六月二十日,20271001_507AC0000000074,https://laws.e-gov.go.jp/law/334AC0000000141/20271001_507AC0000000074
334AC0000000147,国税徴収法,20271001,,所得税法等の一部を改正する法律,令和八年法律第十二号,令和八年三月三十一日,20271001_508AC0000000012,https://laws.e-gov.go.jp/law/334AC0000000147/20271001_508AC0000000012
335M50000002060,道路交通法施行規則,20271001,,道路交通法施行規則の一部を改正する内閣府令,令和六年内閣府令第六十号,令和六年六月二十六日,20271001_506M60000002060,https://laws.e-gov.go.jp/law/335M50000002060/20271001_506M60000002060
337AC0000000066,国税通則法,20271001,,所得税法等の一部を改正する法律,令和八年法律第十二号,令和八年三月三十一日,20271001_508AC0000000012,https://laws.e-gov.go.jp/law/337AC0000000066/20271001_508AC0000000012
344AC0000000046,租税条約等の実施に伴う所得税法、法人税法及び地方税法の特例等に関する法律,20271001,,所得税法等の一部を改正する法律,令和八年法律第十二号,令和八年三月三十一日,20271001_508AC0000000012,https://laws.e-gov.go.jp/law/344AC0000000046/20271001_508AC0000000012
347M50002000041,電離放射線障害防止規則,20271001,,労働安全衛生規則及び電離放射線障害防止規則の一部を改正する省令,令和七年厚生労働省令第百八号,令和七年十月二十九日,20271001_507M60000100108,https://laws.e-gov.go.jp/law/347M50002000041/20271001_507M60000100108
363AC0000000108,消費税法,20271001,,所得税法等の一部を改正する法律,令和八年法律第十二号,令和八年三月三十一日,20271001_508AC0000000012,https://laws.e-gov.go.jp/law/363AC0000000108/20271001_508AC0000000012
363M50000040053,消費税法施行規則,20271001,,消費税法施行規則等の一部を改正する省令,令和八年財務省令第十九号,令和八年三月三十一日,20271001_508M60000040019,https://laws.e-gov.go.jp/law/363M50000040053/20271001_508M60000040019
410M50400000013,指定自動車教習所等の教習の基準の細目に関する規則,20271001,,指定自動車教習所等の教習の基準の細目に関する規則の一部を改正する規則,令和六年国家公安委員会規則第八号,令和六年六月二十六日,20271001_506M60400000008,https://laws.e-gov.go.jp/law/410M50400000013/20271001_506M60400000008
412AC0000000101,金融サービスの提供及び利用環境の整備等に関する法律,20271001,,金融商品取引法及び資金決済に関する法律の一部を改正する法律,令和八年法律第六十四号,令和八年七月二十三日,20271001_508AC0000000064,https://laws.e-gov.go.jp/law/412AC0000000101/20271001_508AC0000000064
419AC0000000022,犯罪による収益の移転防止に関する法律,20271001,,金融商品取引法及び資金決済に関する法律の一部を改正する法律,令和八年法律第六十四号,令和八年七月二十三日,20271001_508AC0000000064,https://laws.e-gov.go.jp/law/419AC0000000022/20271001_508AC0000000064
430AC0000000016,国際観光旅客税法,20271001,,所得税法等の一部を改正する法律,令和八年法律第十二号,令和八年三月三十一日,20271001_508AC0000000012,https://laws.e-gov.go.jp/law/430AC0000000016/20271001_508AC0000000012
431AC0000000003,森林環境税及び森林環境譲与税に関する法律,20271001,,地方税法等の一部を改正する法律,令和八年法律第二号,令和八年三月三十一日,20271001_508AC0000000002,https://laws.e-gov.go.jp/law/431AC0000000003/20271001_508AC0000000002
431AC0000000004,特別法人事業税及び特別法人事業譲与税に関する法律,20271001,,地方税法等の一部を改正する法律,令和八年法律第二号,令和八年三月三十一日,20271001_508AC0000000002,https://laws.e-gov.go.jp/law/431AC0000000004/20271001_508AC0000000002
507AC0000000042,重要電子計算機に対する不正な行為による被害の防止に関する法律,20271122,公布の日から起算して二年六月を超えない範囲内において政令で定める日,,,令和七年五月二十三日,20271122_000000000000000,https://laws.e-gov.go.jp/law/507AC0000000042/20271122_000000000000000
508AC0000000033,太陽電池廃棄物の再資源化等の推進に関する法律,20271204,公布の日から起算して一年六月を超えない範囲内において政令で定める日,,,令和八年六月五日,20271204_000000000000000,https://laws.e-gov.go.jp/law/508AC0000000033/20271204_000000000000000
129AC0000000089,民法,20271205,譲渡担保契約及び所有権留保契約に関する法律（令和七年法律第五十六号）の施行の日,譲渡担保契約及び所有権留保契約に関する法律の施行に伴う関係法律の整備等に関する法律,令和七年法律第五十七号,令和七年六月六日,20271205_507AC0000000057,https://laws.e-gov.go.jp/law/129AC0000000089/20271205_507AC0000000057
322AC0000000132,農業協同組合法,20271205,譲渡担保契約及び所有権留保契約に関する法律（令和七年法律第五十六号）の施行の日,譲渡担保契約及び所有権留保契約に関する法律の施行に伴う関係法律の整備等に関する法律,令和七年法律第五十七号,令和七年六月六日,20271205_507AC0000000057,https://laws.e-gov.go.jp/law/322AC0000000132/20271205_507AC0000000057
323AC0000000205,医療法,20271205,譲渡担保契約及び所有権留保契約に関する法律（令和七年法律第五十六号）の施行の日,譲渡担保契約及び所有権留保契約に関する法律の施行に伴う関係法律の整備等に関する法律,令和七年法律第五十七号,令和七年六月六日,20271205_507AC0000000057,https://laws.e-gov.go.jp/law/323AC0000000205/20271205_507AC0000000057
325AC0000000226,地方税法,20271205,譲渡担保契約及び所有権留保契約に関する法律（令和七年法律第五十六号）の施行の日,譲渡担保契約及び所有権留保契約に関する法律の施行に伴う関係法律の整備等に関する法律,令和七年法律第五十七号,令和七年六月六日,20271205_507AC0000000057,https://laws.e-gov.go.jp/law/325AC0000000226/20271205_507AC0000000057
333AC0000000106,企業担保法,20271205,譲渡担保契約及び所有権留保契約に関する法律（令和七年法律第五十六号）の施行の日,譲渡担保契約及び所有権留保契約に関する法律の施行に伴う関係法律の整備等に関する法律,令和七年法律第五十七号,令和七年六月六日,20271205_507AC0000000057,https://laws.e-gov.go.jp/law/333AC0000000106/20271205_507AC0000000057
334AC0000000141,国民年金法,20271205,譲渡担保契約及び所有権留保契約に関する法律（令和七年法律第五十六号）の施行の日,譲渡担保契約及び所有権留保契約に関する法律の施行に伴う関係法律の整備等に関する法律,令和七年法律第五十七号,令和七年六月六日,20271205_507AC0000000057,https://laws.e-gov.go.jp/law/334AC0000000141/20271205_507AC0000000057
337AC0000000066,国税通則法,20271205,譲渡担保契約及び所有権留保契約に関する法律（令和七年法律第五十六号）の施行の日,譲渡担保契約及び所有権留保契約に関する法律の施行に伴う関係法律の整備等に関する法律,令和七年法律第五十七号,令和七年六月六日,20271205_507AC0000000057,https://laws.e-gov.go.jp/law/337AC0000000066/20271205_507AC0000000057
342AC0000000035,登録免許税法,20271205,譲渡担保契約及び所有権留保契約に関する法律（令和七年法律第五十六号）の施行の日,譲渡担保契約及び所有権留保契約に関する法律の施行に伴う関係法律の整備等に関する法律,令和七年法律第五十七号,令和七年六月六日,20271205_507AC0000000057,https://laws.e-gov.go.jp/law/342AC0000000035/20271205_507AC0000000057
346AC0000000034,預金保険法,20271205,譲渡担保契約及び所有権留保契約に関する法律（令和七年法律第五十六号）の施行の日,譲渡担保契約及び所有権留保契約に関する法律の施行に伴う関係法律の整備等に関する法律,令和七年法律第五十七号,令和七年六月六日,20271205_507AC0000000057,https://laws.e-gov.go.jp/law/346AC0000000034/20271205_507AC0000000057
346AC0000000040,民事訴訟費用等に関する法律,20271205,譲渡担保契約及び所有権留保契約に関する法律（令和七年法律第五十六号）の施行の日,譲渡担保契約及び所有権留保契約に関する法律の施行に伴う関係法律の整備等に関する法律,令和七年法律第五十七号,令和七年六月六日,20271205_507AC0000000057,https://laws.e-gov.go.jp/law/346AC0000000040/20271205_507AC0000000057
353AC0000000036,森林組合法,20271205,譲渡担保契約及び所有権留保契約に関する法律（令和七年法律第五十六号）の施行の日,譲渡担保契約及び所有権留保契約に関する法律の施行に伴う関係法律の整備等に関する法律,令和七年法律第五十七号,令和七年六月六日,20271205_507AC0000000057,https://laws.e-gov.go.jp/law/353AC0000000036/20271205_507AC0000000057
354AC0000000004,民事執行法,20271205,譲渡担保契約及び所有権留保契約に関する法律（令和七年法律第五十六号）の施行の日,譲渡担保契約及び所有権留保契約に関する法律の施行に伴う関係法律の整備等に関する法律,令和七年法律第五十七号,令和七年六月六日,20271205_507AC0000000057,https://laws.e-gov.go.jp/law/354AC0000000004/20271205_507AC0000000057
401AC0000000091,民事保全法,20271205,譲渡担保契約及び所有権留保契約に関する法律（令和七年法律第五十六号）の施行の日,譲渡担保契約及び所有権留保契約に関する法律の施行に伴う関係法律の整備等に関する法律,令和七年法律第五十七号,令和七年六月六日,20271205_507AC0000000057,https://laws.e-gov.go.jp/law/401AC0000000091/20271205_507AC0000000057
407AC0000000105,保険業法,20271205,譲渡担保契約及び所有権留保契約に関する法律（令和七年法律第五十六号）の施行の日,譲渡担保契約及び所有権留保契約に関する法律の施行に伴う関係法律の整備等に関する法律,令和七年法律第五十七号,令和七年六月六日,20271205_507AC0000000057,https://laws.e-gov.go.jp/law/407AC0000000105/20271205_507AC0000000057
408AC0000000095,金融機関等の更生手続の特例等に関する法律,20271205,譲渡担保契約及び所有権留保契約に関する法律（令和七年法律第五十六号）の施行の日,譲渡担保契約及び所有権留保契約に関する法律の施行に伴う関係法律の整備等に関する法律,令和七年法律第五十七号,令和七年六月六日,20271205_507AC0000000057,https://laws.e-gov.go.jp/law/408AC0000000095/20271205_507AC0000000057
410AC0000000104,動産及び債権の譲渡の対抗要件に関する民法の特例等に関する法律,20271205,譲渡担保契約及び所有権留保契約に関する法律（令和七年法律第五十六号）の施行の日,譲渡担保契約及び所有権留保契約に関する法律の施行に伴う関係法律の整備等に関する法律,令和七年法律第五十七号,令和七年六月六日,20271205_507AC0000000057,https://laws.e-gov.go.jp/law/410AC0000000104/20271205_507AC0000000057
410AC0000000105,資産の流動化に関する法律,20271205,譲渡担保契約及び所有権留保契約に関する法律（令和七年法律第五十六号）の施行の日,譲渡担保契約及び所有権留保契約に関する法律の施行に伴う関係法律の整備等に関する法律,令和七年法律第五十七号,令和七年六月六日,20271205_507AC0000000057,https://laws.e-gov.go.jp/law/410AC0000000105/20271205_507AC0000000057
411AC0000000225,民事再生法,20271205,譲渡担保契約及び所有権留保契約に関する法律（令和七年法律第五十六号）の施行の日,譲渡担保契約及び所有権留保契約に関する法律の施行に伴う関係法律の整備等に関する法律,令和七年法律第五十七号,令和七年六月六日,20271205_507AC0000000057,https://laws.e-gov.go.jp/law/411AC0000000225/20271205_507AC0000000057
412AC0000000129,外国倒産処理手続の承認援助に関する法律,20271205,譲渡担保契約及び所有権留保契約に関する法律（令和七年法律第五十六号）の施行の日,譲渡担保契約及び所有権留保契約に関する法律の施行に伴う関係法律の整備等に関する法律,令和七年法律第五十七号,令和七年六月六日,20271205_507AC0000000057,https://laws.e-gov.go.jp/law/412AC0000000129/20271205_507AC0000000057
414AC0000000154,会社更生法,20271205,譲渡担保契約及び所有権留保契約に関する法律（令和七年法律第五十六号）の施行の日,譲渡担保契約及び所有権留保契約に関する法律の施行に伴う関係法律の整備等に関する法律,令和七年法律第五十七号,令和七年六月六日,20271205_507AC0000000057,https://laws.e-gov.go.jp/law/414AC0000000154/20271205_507AC0000000057
414AC0000000190,金融機関等の組織再編成の促進に関する特別措置法,20271205,譲渡担保契約及び所有権留保契約に関する法律（令和七年法律第五十六号）の施行の日,譲渡担保契約及び所有権留保契約に関する法律の施行に伴う関係法律の整備等に関する法律,令和七年法律第五十七号,令和七年六月六日,20271205_507AC0000000057,https://laws.e-gov.go.jp/law/414AC0000000190/20271205_507AC0000000057
416AC0000000128,金融機能の強化のための特別措置に関する法律,20271205,譲渡担保契約及び所有権留保契約に関する法律（令和七年法律第五十六号）の施行の日,譲渡担保契約及び所有権留保契約に関する法律の施行に伴う関係法律の整備等に関する法律,令和七年法律第五十七号,令和七年六月六日,20271205_507AC0000000057,https://laws.e-gov.go.jp/law/416AC0000000128/20271205_507AC0000000057
417AC0000000086,会社法,20271205,譲渡担保契約及び所有権留保契約に関する法律（令和七年法律第五十六号）の施行の日,譲渡担保契約及び所有権留保契約に関する法律の施行に伴う関係法律の整備等に関する法律,令和七年法律第五十七号,令和七年六月六日,20271205_507AC0000000057,https://laws.e-gov.go.jp/law/417AC0000000086/20271205_507AC0000000057
506AC0000000052,事業性融資の推進等に関する法律,20271205,譲渡担保契約及び所有権留保契約に関する法律（令和七年法律第五十六号）の施行の日,譲渡担保契約及び所有権留保契約に関する法律の施行に伴う関係法律の整備等に関する法律,令和七年法律第五十七号,令和七年六月六日,20271205_507AC0000000057,https://laws.e-gov.go.jp/law/506AC0000000052/20271205_507AC0000000057
507AC0000000056,譲渡担保契約及び所有権留保契約に関する法律,20271205,公布の日から起算して二年六月を超えない範囲内において政令で定める日,,,令和七年六月六日,20271205_000000000000000,https://laws.e-gov.go.jp/law/507AC0000000056/20271205_000000000000000
507AC0000000067,円滑な事業再生を図るための事業者の金融機関等に対する債務の調整の手続等に関する法律,20271205,譲渡担保契約及び所有権留保契約に関する法律（令和七年法律第五十六号）の施行の日,譲渡担保契約及び所有権留保契約に関する法律の施行に伴う関係法律の整備等に関する法律,令和七年法律第五十七号,令和七年六月六日,20271205_507AC0000000057,https://laws.e-gov.go.jp/law/507AC0000000067/20271205_507AC0000000057
323AC0000000205,医療法,20271211,公布の日から起算して二年を超えない範囲内において政令で定める日,医療法等の一部を改正する法律,令和七年法律第八十七号,令和七年十二月十二日,20271211_507AC0000000087,https://laws.e-gov.go.jp/law/323AC0000000205/20271211_507AC0000000087
504AC0000000043,経済施策を一体的に講ずることによる安全保障の確保の推進に関する法律,20271216,公布の日から起算して一年六月を超えない範囲内において政令で定める日,経済施策を一体的に講ずることによる安全保障の確保の推進に関する法律及び株式会社国際協力銀行法の一部を改正する法律,令和八年法律第三十八号,令和八年六月十七日,20271216_508AC0000000038,https://laws.e-gov.go.jp/law/504AC0000000043/20271216_508AC0000000038
342AC0000000081,住民基本台帳法,20271224,公布の日から起算して一年六月を超えない範囲内において政令で定める日,社会福祉法等の一部を改正する法律,令和八年法律第五十一号,令和八年六月二十五日,20271224_508AC0000000051,https://laws.e-gov.go.jp/law/342AC0000000081/20271224_508AC0000000051
409AC0000000123,介護保険法,20271224,公布の日から起算して一年六月を超えない範囲内において政令で定める日,社会福祉法等の一部を改正する法律,令和八年法律第五十一号,令和八年六月二十五日,20271224_508AC0000000051,https://laws.e-gov.go.jp/law/409AC0000000123/20271224_508AC0000000051
323AC0000000025,金融商品取引法,20280101,所得税法等の一部を改正する法律（令和八年法律第十二号）附則第一条第十号に掲げる規定の施行の日,金融商品取引法及び資金決済に関する法律の一部を改正する法律,令和八年法律第六十四号,令和八年七月二十三日,20280101_508AC0000000064,https://laws.e-gov.go.jp/law/323AC0000000025/20280101_508AC0000000064
325AC0000000226,地方税法,20280101,,地方税法等の一部を改正する法律,令和八年法律第二号,令和八年三月三十一日,20280101_508AC0000000002,https://laws.e-gov.go.jp/law/325AC0000000226/20280101_508AC0000000002
325CO0000000245,地方税法施行令,20280101,,地方税法施行令等の一部を改正する政令,令和八年政令第八十三号,令和八年三月三十一日,20280101_508CO0000000083,https://laws.e-gov.go.jp/law/325CO0000000245/20280101_508CO0000000083
329M50000002023,地方税法施行規則,20280101,,地方税法施行規則及び地方税法施行規則の一部を改正する等の省令の一部を改正する省令,令和八年総務省令第四十四号,令和八年三月三十一日,20280101_508M60000008044,https://laws.e-gov.go.jp/law/329M50000002023/20280101_508M60000008044
329M50000002023,地方税法施行規則,20280101,,地方税法施行規則の一部を改正する省令,令和八年総務省令第八十九号,令和八年七月二十一日,20280101_508M60000008089,https://laws.e-gov.go.jp/law/329M50000002023/20280101_508M60000008089
332AC0000000026,租税特別措置法,20280101,次号に掲げる規定の施行の日の属する年の翌年の一月一日,所得税法等の一部を改正する法律,令和八年法律第十二号,令和八年三月三十一日,20280101_508AC0000000012,https://laws.e-gov.go.jp/law/332AC0000000026/20280101_508AC0000000012
332CO0000000043,租税特別措置法施行令,20280101,金融商品取引法及び資金決済に関する法律の一部を改正する法律（令和八年法律第六十四号）の施行の日の属する年の翌年の一月一日,租税特別措置法施行令の一部を改正する政令,令和八年政令第九十八号,令和八年三月三十一日,20280101_508CO0000000098,https://laws.e-gov.go.jp/law/332CO0000000043/20280101_508CO0000000098
332M50000040015,租税特別措置法施行規則,20280101,金融商品取引法及び資金決済に関する法律の一部を改正する法律（令和八年法律第六十四号）の施行の日の属する年の翌年の一月一日,租税特別措置法施行規則等の一部を改正する省令,令和八年財務省令第二十一号,令和八年三月三十一日,20280101_508M60000040021,https://laws.e-gov.go.jp/law/332M50000040015/20280101_508M60000040021
340AC0000000033,所得税法,20280101,次号に掲げる規定の施行の日の属する年の翌年の一月一日,所得税法等の一部を改正する法律,令和八年法律第十二号,令和八年三月三十一日,20280101_508AC0000000012,https://laws.e-gov.go.jp/law/340AC0000000033/20280101_508AC0000000012
340CO0000000096,所得税法施行令,20280101,第三号に掲げる規定の施行の日の属する年の翌年の一月一日,所得税法施行令の一部を改正する政令,令和八年政令第九十三号,令和八年三月三十一日,20280101_508CO0000000093,https://laws.e-gov.go.jp/law/340CO0000000096/20280101_508CO0000000093
340CO0000000097,法人税法施行令,20280101,,法人税法施行令及び法人税法施行令及び法人税法施行令等の一部を改正する政令の一部を改正する政令の一部を改正する政令,令和八年政令第九十四号,令和八年三月三十一日,20280101_508CO0000000094,https://laws.e-gov.go.jp/law/340CO0000000097/20280101_508CO0000000094
340M50000040011,所得税法施行規則,20280101,金融商品取引法及び資金決済に関する法律の一部を改正する法律（令和八年法律第六十四号）の施行の日の属する年の翌年の一月一日,所得税法施行規則の一部を改正する省令,令和八年財務省令第十七号,令和八年三月三十一日,20280101_508M60000040017,https://laws.e-gov.go.jp/law/340M50000040011/20280101_508M60000040017
340M50000040012,法人税法施行規則,20280101,,法人税法施行規則の一部を改正する省令,令和八年財務省令第三十九号,令和八年四月十四日,20280101_508M60000040039,https://laws.e-gov.go.jp/law/340M50000040012/20280101_508M60000040039
340M50000040049,国税質問検査章規則,20280101,金融商品取引法及び資金決済に関する法律の一部を改正する法律（令和八年法律第六十四号）の施行の日の属する年の翌年の一月一日,国税質問検査章規則の一部を改正する省令,令和八年財務省令第二十八号,令和八年三月三十一日,20280101_508M60000040028,https://laws.e-gov.go.jp/law/340M50000040049/20280101_508M60000040028
344M50000048001,租税条約等の実施に伴う所得税法、法人税法及び地方税法の特例等に関する法律の施行に関する省令,20280101,金融商品取引法及び資金決済に関する法律の一部を改正する法律（令和八年法律第六十四号）の施行の日の属する年の翌年の一月一日,租税条約等の実施に伴う所得税法、法人税法及び地方税法の特例等に関する法律の施行に関する省令の一部を改正する省令,令和八年総務省・財務省令第三号,令和八年三月三十一日,20280101_508M60000048003,https://laws.e-gov.go.jp/law/344M50000048001/20280101_508M60000048003
363CO0000000360,消費税法施行令,20280101,第五号に掲げる規定の施行の日の属する年の翌年の一月一日,消費税法施行令の一部を改正する政令,令和八年政令第九十六号,令和八年三月三十一日,20280101_508CO0000000096,https://laws.e-gov.go.jp/law/363CO0000000360/20280101_508CO0000000096
409CO0000000363,内国税の適正な課税の確保を図るための国外送金等に係る調書の提出等に関する法律施行令,20280101,金融商品取引法及び資金決済に関する法律の一部を改正する法律（令和八年法律第六十四号）の施行の日の属する年の翌年の一月一日,内国税の適正な課税の確保を図るための国外送金等に係る調書の提出等に関する法律施行令の一部を改正する政令,令和八年政令第百号,令和八年三月三十一日,20280101_508CO0000000100,https://laws.e-gov.go.jp/law/409CO0000000363/20280101_508CO0000000100
421AC0000000059,資金決済に関する法律,20280101,所得税法等の一部を改正する法律（令和八年法律第十二号）附則第一条第十号に掲げる規定の施行の日,金融商品取引法及び資金決済に関する法律の一部を改正する法律,令和八年法律第六十四号,令和八年七月二十三日,20280101_508AC0000000064,https://laws.e-gov.go.jp/law/421AC0000000059/20280101_508AC0000000064
422CO0000000067,租税特別措置の適用状況の透明化等に関する法律施行令,20280101,金融商品取引法及び資金決済に関する法律の一部を改正する法律（令和八年法律第六十四号）の施行の日の属する年の翌年の一月一日,租税特別措置の適用状況の透明化等に関する法律施行令等の一部を改正する政令,令和八年政令第百一号,令和八年三月三十一日,20280101_508CO0000000101,https://laws.e-gov.go.jp/law/422CO0000000067/20280101_508CO0000000101
423AC0000000117,東日本大震災からの復興のための施策を実施するために必要な財源の確保に関する特別措置法,20280101,次号に掲げる規定の施行の日の属する年の翌年の一月一日,所得税法等の一部を改正する法律,令和八年法律第十二号,令和八年三月三十一日,20280101_508AC0000000012,https://laws.e-gov.go.jp/law/423AC0000000117/20280101_508AC0000000012
426M60000040022,地方法人税法施行規則,20280101,,地方法人税法施行規則の一部を改正する省令,令和八年財務省令第四十号,令和八年四月十四日,20280101_508M60000040040,https://laws.e-gov.go.jp/law/426M60000040022/20280101_508M60000040040
427CO0000000378,水銀による環境の汚染の防止に関する法律施行令,20280101,,水銀による環境の汚染の防止に関する法律施行令の一部を改正する政令,令和六年政令第四百二号,令和六年十二月二十七日,20280101_506CO0000000402,https://laws.e-gov.go.jp/law/427CO0000000378/20280101_506CO0000000402
505AC0000000069,我が国の防衛力の抜本的な強化等のために必要な財源の確保に関する特別措置法,20280101,,所得税法等の一部を改正する法律,令和八年法律第十二号,令和八年三月三十一日,20280101_508AC0000000012,https://laws.e-gov.go.jp/law/505AC0000000069/20280101_508AC0000000012
507CO0000000134,防衛特別法人税に関する政令,20280101,,防衛特別法人税に関する政令の一部を改正する政令,令和八年政令第百五号,令和八年三月三十一日,20280101_508CO0000000105,https://laws.e-gov.go.jp/law/507CO0000000134/20280101_508CO0000000105
507M60000040031,防衛特別法人税に関する省令,20280101,,防衛特別法人税に関する省令の一部を改正する省令,令和八年財務省令第四十二号,令和八年四月十四日,20280101_508M60000040042,https://laws.e-gov.go.jp/law/507M60000040031/20280101_508M60000040042
345AC0000000090,情報処理の促進に関する法律,20280116,公布の日から起算して一年六月を超えない範囲内において政令で定める日,情報通信技術を活用した行政の推進等に関する法律及び情報処理の促進に関する法律の一部を改正する法律,令和八年法律第五十七号,令和八年七月十七日,20280116_508AC0000000057,https://laws.e-gov.go.jp/law/345AC0000000090/20280116_508AC0000000057
414AC0000000151,情報通信技術を活用した行政の推進等に関する法律,20280116,公布の日から起算して一年六月を超えない範囲内において政令で定める日,情報通信技術を活用した行政の推進等に関する法律及び情報処理の促進に関する法律の一部を改正する法律,令和八年法律第五十七号,令和八年七月十七日,20280116_508AC0000000057,https://laws.e-gov.go.jp/law/414AC0000000151/20280116_508AC0000000057
423AC0000000125,復興庁設置法,20280116,公布の日から起算して一年六月を超えない範囲内において政令で定める日,情報通信技術を活用した行政の推進等に関する法律及び情報処理の促進に関する法律の一部を改正する法律,令和八年法律第五十七号,令和八年七月十七日,20280116_508AC0000000057,https://laws.e-gov.go.jp/law/423AC0000000125/20280116_508AC0000000057
503AC0000000036,デジタル庁設置法,20280116,公布の日から起算して一年六月を超えない範囲内において政令で定める日,情報通信技術を活用した行政の推進等に関する法律及び情報処理の促進に関する法律の一部を改正する法律,令和八年法律第五十七号,令和八年七月十七日,20280116_508AC0000000057,https://laws.e-gov.go.jp/law/503AC0000000036/20280116_508AC0000000057
505AC0000000069,我が国の防衛力の抜本的な強化等のために必要な財源の確保に関する特別措置法,20280116,公布の日から起算して一年六月を超えない範囲内において政令で定める日,情報通信技術を活用した行政の推進等に関する法律及び情報処理の促進に関する法律の一部を改正する法律,令和八年法律第五十七号,令和八年七月十七日,20280116_508AC0000000057,https://laws.e-gov.go.jp/law/505AC0000000069/20280116_508AC0000000057
408M50000040005,保険業法施行規則,20280301,,保険業法施行規則及び金融サービス仲介業者等に関する内閣府令の一部を改正する内閣府令,令和八年内閣府令第七十三号,令和八年八月二十八日,20280301_508M60000002073,https://laws.e-gov.go.jp/law/408M50000040005/20280301_508M60000002073
503M60000002035,金融サービス仲介業者等に関する内閣府令,20280301,,保険業法施行規則及び金融サービス仲介業者等に関する内閣府令の一部を改正する内閣府令,令和八年内閣府令第七十三号,令和八年八月二十八日,20280301_508M60000002073,https://laws.e-gov.go.jp/law/503M60000002035/20280301_508M60000002073
143AC0000000054,関税定率法,20280401,,関税定率法等の一部を改正する法律,令和八年法律第五号,令和八年三月三十一日,20280401_508AC0000000005,https://laws.e-gov.go.jp/law/143AC0000000054/20280401_508AC0000000005
314AC0000000073,船員保険法,20280401,,社会経済の変化を踏まえた年金制度の機能強化のための国民年金法等の一部を改正する等の法律,令和七年法律第七十四号,令和七年六月二十日,20280401_507AC0000000074,https://laws.e-gov.go.jp/law/314AC0000000073/20280401_507AC0000000074
322CO0000000016,地方自治法施行令,20280401,,地方税法施行令等の一部を改正する政令,令和八年政令第八十三号,令和八年三月三十一日,20280401_508CO0000000083,https://laws.e-gov.go.jp/law/322CO0000000016/20280401_508CO0000000083
323AC0000000205,医療法,20280401,,医療法等の一部を改正する法律,令和七年法律第八十七号,令和七年十二月十二日,20280401_507AC0000000087,https://laws.e-gov.go.jp/law/323AC0000000205/20280401_507AC0000000087
325AC0000000226,地方税法,20280401,,地方税法等の一部を改正する法律,令和八年法律第二号,令和八年三月三十一日,20280401_508AC0000000002,https://laws.e-gov.go.jp/law/325AC0000000226/20280401_508AC0000000002
325CO0000000245,地方税法施行令,20280401,,地方税法施行令等の一部を改正する政令,令和八年政令第八十三号,令和八年三月三十一日,20280401_508CO0000000083,https://laws.e-gov.go.jp/law/325CO0000000245/20280401_508CO0000000083
327AC0000000266,防衛省の職員の給与等に関する法律,20280401,,防衛省設置法等の一部を改正する法律,令和八年法律第五十三号,令和八年七月三日,20280401_508AC0000000053,https://laws.e-gov.go.jp/law/327AC0000000266/20280401_508AC0000000053
327M50000800056,航空法施行規則,20280401,,航空法施行規則の一部を改正する省令,令和七年国土交通省令第五十八号,令和七年四月二十一日,20280401_507M60000800058,https://laws.e-gov.go.jp/law/327M50000800056/20280401_507M60000800058
328AC0000000245,私立学校教職員共済法,20280401,,社会経済の変化を踏まえた年金制度の機能強化のための国民年金法等の一部を改正する等の法律,令和七年法律第七十四号,令和七年六月二十日,20280401_507AC0000000074,https://laws.e-gov.go.jp/law/328AC0000000245/20280401_507AC0000000074
329AC0000000115,厚生年金保険法,20280401,,社会経済の変化を踏まえた年金制度の機能強化のための国民年金法等の一部を改正する等の法律,令和七年法律第七十四号,令和七年六月二十日,20280401_507AC0000000074,https://laws.e-gov.go.jp/law/329AC0000000115/20280401_507AC0000000074
329CO0000000155,関税定率法施行令,20280401,,関税定率法等の一部を改正する法律の施行に伴う関係政令の整備等に関する政令,令和八年政令第八十五号,令和八年三月三十一日,20280401_508CO0000000085,https://laws.e-gov.go.jp/law/329CO0000000155/20280401_508CO0000000085
329M50000002023,地方税法施行規則,20280401,,地方税法施行規則及び地方税法施行規則の一部を改正する等の省令の一部を改正する省令,令和八年総務省令第四十四号,令和八年三月三十一日,20280401_508M60000008044,https://laws.e-gov.go.jp/law/329M50000002023/20280401_508M60000008044
330AC0000000037,輸入品に対する内国消費税の徴収等に関する法律,20280401,,所得税法等の一部を改正する法律,令和八年法律第十二号,令和八年三月三十一日,20280401_508AC0000000012,https://laws.e-gov.go.jp/law/330AC0000000037/20280401_508AC0000000012
332AC0000000026,租税特別措置法,20280401,,所得税法等の一部を改正する法律,令和八年法律第十二号,令和八年三月三十一日,20280401_508AC0000000012,https://laws.e-gov.go.jp/law/332AC0000000026/20280401_508AC0000000012
332CO0000000043,租税特別措置法施行令,20280401,,租税特別措置法施行令の一部を改正する政令,令和八年政令第九十八号,令和八年三月三十一日,20280401_508CO0000000098,https://laws.e-gov.go.jp/law/332CO0000000043/20280401_508CO0000000098
332M50000040015,租税特別措置法施行規則,20280401,,租税特別措置法施行規則等の一部を改正する省令,令和八年財務省令第二十一号,令和八年三月三十一日,20280401_508M60000040021,https://laws.e-gov.go.jp/law/332M50000040015/20280401_508M60000040021
333AC0000000128,国家公務員共済組合法,20280401,,社会経済の変化を踏まえた年金制度の機能強化のための国民年金法等の一部を改正する等の法律,令和七年法律第七十四号,令和七年六月二十日,20280401_507AC0000000074,https://laws.e-gov.go.jp/law/333AC0000000128/20280401_507AC0000000074
333AC0000000192,国民健康保険法,20280401,,健康保険法等の一部を改正する法律,令和八年法律第三十一号,令和八年六月五日,20280401_508AC0000000031,https://laws.e-gov.go.jp/law/333AC0000000192/20280401_508AC0000000031
334AC0000000141,国民年金法,20280401,,社会経済の変化を踏まえた年金制度の機能強化のための国民年金法等の一部を改正する等の法律,令和七年法律第七十四号,令和七年六月二十日,20280401_507AC0000000074,https://laws.e-gov.go.jp/law/334AC0000000141/20280401_507AC0000000074
337AC0000000066,国税通則法,20280401,,所得税法等の一部を改正する法律,令和八年法律第十二号,令和八年三月三十一日,20280401_508AC0000000012,https://laws.e-gov.go.jp/law/337AC0000000066/20280401_508AC0000000012
337AC0000000152,地方公務員等共済組合法,20280401,,社会経済の変化を踏まえた年金制度の機能強化のための国民年金法等の一部を改正する等の法律,令和七年法律第七十四号,令和七年六月二十日,20280401_507AC0000000074,https://laws.e-gov.go.jp/law/337AC0000000152/20280401_507AC0000000074
338AC0000000061,戦没者等の妻に対する特別給付金支給法,20280401,,戦没者等の妻に対する特別給付金支給法等の一部を改正する法律,令和五年法律第九号,令和五年三月三十一日,20280401_505AC0000000009,https://laws.e-gov.go.jp/law/338AC0000000061/20280401_505AC0000000009
347AC0000000057,労働安全衛生法,20280401,,労働安全衛生法及び作業環境測定法の一部を改正する法律,令和七年法律第三十三号,令和七年五月十四日,20280401_507AC0000000033,https://laws.e-gov.go.jp/law/347AC0000000057/20280401_507AC0000000033
347CO0000000318,労働安全衛生法施行令,20280401,,労働安全衛生法施行令の一部を改正する政令,令和八年政令第九十号,令和八年三月三十一日,20280401_508CO0000000090,https://laws.e-gov.go.jp/law/347CO0000000318/20280401_508CO0000000090
347M50002000032,労働安全衛生規則,20280401,,労働安全衛生規則の一部を改正する省令,令和八年厚生労働省令第六十八号,令和八年三月三十一日,20280401_508M60000100068,https://laws.e-gov.go.jp/law/347M50002000032/20280401_508M60000100068
363AC0000000108,消費税法,20280401,,所得税法等の一部を改正する法律,令和八年法律第十二号,令和八年三月三十一日,20280401_508AC0000000012,https://laws.e-gov.go.jp/law/363AC0000000108/20280401_508AC0000000012
363CO0000000360,消費税法施行令,20280401,,消費税法施行令の一部を改正する政令,令和八年政令第九十六号,令和八年三月三十一日,20280401_508CO0000000096,https://laws.e-gov.go.jp/law/363CO0000000360/20280401_508CO0000000096
363M50000040053,消費税法施行規則,20280401,,消費税法施行規則等の一部を改正する省令,令和八年財務省令第十九号,令和八年三月三十一日,20280401_508M60000040019,https://laws.e-gov.go.jp/law/363M50000040053/20280401_508M60000040019
413AC0000000050,確定給付企業年金法,20280401,,社会経済の変化を踏まえた年金制度の機能強化のための国民年金法等の一部を改正する等の法律,令和七年法律第七十四号,令和七年六月二十日,20280401_507AC0000000074,https://laws.e-gov.go.jp/law/413AC0000000050/20280401_507AC0000000074
419AC0000000104,社会保障協定の実施に伴う厚生年金保険法等の特例等に関する法律,20280401,,社会経済の変化を踏まえた年金制度の機能強化のための国民年金法等の一部を改正する等の法律,令和七年法律第七十四号,令和七年六月二十日,20280401_507AC0000000074,https://laws.e-gov.go.jp/law/419AC0000000104/20280401_507AC0000000074
431CO0000000089,特別法人事業税及び特別法人事業譲与税に関する法律施行令,20280401,,地方税法施行令等の一部を改正する政令,令和八年政令第八十三号,令和八年三月三十一日,20280401_508CO0000000083,https://laws.e-gov.go.jp/law/431CO0000000089/20280401_508CO0000000083
323AC0000000131,刑事訴訟法,20280516,公布の日から起算して五年を超えない範囲内において政令で定める日,刑事訴訟法等の一部を改正する法律,令和五年法律第二十八号,令和五年五月十七日,20280516_505AC0000000028,https://laws.e-gov.go.jp/law/323AC0000000131/20280516_505AC0000000028
416AC0000000063,裁判員の参加する刑事裁判に関する法律,20280516,公布の日から起算して五年を超えない範囲内において政令で定める日,刑事訴訟法等の一部を改正する法律,令和五年法律第二十八号,令和五年五月十七日,20280516_505AC0000000028,https://laws.e-gov.go.jp/law/416AC0000000063/20280516_505AC0000000028
323AC0000000068,予防接種法,20280520,公布の日から起算して三年を超えない範囲内において政令で定める日,医薬品、医療機器等の品質、有効性及び安全性の確保等に関する法律等の一部を改正する法律,令和七年法律第三十七号,令和七年五月二十一日,20280520_507AC0000000037,https://laws.e-gov.go.jp/law/323AC0000000068/20280520_507AC0000000037
335AC0000000145,医薬品、医療機器等の品質、有効性及び安全性の確保等に関する法律,20280520,公布の日から起算して三年を超えない範囲内において政令で定める日,医薬品、医療機器等の品質、有効性及び安全性の確保等に関する法律等の一部を改正する法律,令和七年法律第三十七号,令和七年五月二十一日,20280520_507AC0000000037,https://laws.e-gov.go.jp/law/335AC0000000145/20280520_507AC0000000037
342AC0000000035,登録免許税法,20280520,公布の日から起算して三年を超えない範囲内において政令で定める日,医薬品、医療機器等の品質、有効性及び安全性の確保等に関する法律等の一部を改正する法律,令和七年法律第三十七号,令和七年五月二十一日,20280520_507AC0000000037,https://laws.e-gov.go.jp/law/342AC0000000035/20280520_507AC0000000037
414AC0000000192,独立行政法人医薬品医療機器総合機構法,20280520,公布の日から起算して三年を超えない範囲内において政令で定める日,医薬品、医療機器等の品質、有効性及び安全性の確保等に関する法律等の一部を改正する法律,令和七年法律第三十七号,令和七年五月二十一日,20280520_507AC0000000037,https://laws.e-gov.go.jp/law/414AC0000000192/20280520_507AC0000000037
322AC0000000224,戸籍法,20280602,公布の日から起算して二年を超えない範囲内において政令で定める日,地域の自主性及び自立性を高めるための改革の推進を図るための関係法律の整備に関する法律,令和八年法律第二十七号,令和八年六月三日,20280602_508AC0000000027,https://laws.e-gov.go.jp/law/322AC0000000224/20280602_508AC0000000027
211AC0000000070,健康保険法,20280604,公布の日から起算して二年を超えない範囲内において政令で定める日,健康保険法等の一部を改正する法律,令和八年法律第三十一号,令和八年六月五日,20280604_508AC0000000031,https://laws.e-gov.go.jp/law/211AC0000000070/20280604_508AC0000000031
314AC0000000073,船員保険法,20280604,公布の日から起算して二年を超えない範囲内において政令で定める日,健康保険法等の一部を改正する法律,令和八年法律第三十一号,令和八年六月五日,20280604_508AC0000000031,https://laws.e-gov.go.jp/law/314AC0000000073/20280604_508AC0000000031
322AC0000000067,地方自治法,20280604,公布の日から起算して二年を超えない範囲内において政令で定める日,健康保険法等の一部を改正する法律,令和八年法律第三十一号,令和八年六月五日,20280604_508AC0000000031,https://laws.e-gov.go.jp/law/322AC0000000067/20280604_508AC0000000031
323AC0000000129,医療情報基盤・診療報酬審査支払機構法,20280604,公布の日から起算して二年を超えない範囲内において政令で定める日,健康保険法等の一部を改正する法律,令和八年法律第三十一号,令和八年六月五日,20280604_508AC0000000031,https://laws.e-gov.go.jp/law/323AC0000000129/20280604_508AC0000000031
325AC0000000047,社会保険医療協議会法,20280604,公布の日から起算して二年を超えない範囲内において政令で定める日,健康保険法等の一部を改正する法律,令和八年法律第三十一号,令和八年六月五日,20280604_508AC0000000031,https://laws.e-gov.go.jp/law/325AC0000000047/20280604_508AC0000000031
325AC0000000226,地方税法,20280604,公布の日から起算して二年を超えない範囲内において政令で定める日,健康保険法等の一部を改正する法律,令和八年法律第三十一号,令和八年六月五日,20280604_508AC0000000031,https://laws.e-gov.go.jp/law/325AC0000000226/20280604_508AC0000000031
328AC0000000245,私立学校教職員共済法,20280604,公布の日から起算して二年を超えない範囲内において政令で定める日,健康保険法等の一部を改正する法律,令和八年法律第三十一号,令和八年六月五日,20280604_508AC0000000031,https://laws.e-gov.go.jp/law/328AC0000000245/20280604_508AC0000000031
333AC0000000128,国家公務員共済組合法,20280604,公布の日から起算して二年を超えない範囲内において政令で定める日,健康保険法等の一部を改正する法律,令和八年法律第三十一号,令和八年六月五日,20280604_508AC0000000031,https://laws.e-gov.go.jp/law/333AC0000000128/20280604_508AC0000000031
333AC0000000192,国民健康保険法,20280604,公布の日から起算して二年を超えない範囲内において政令で定める日,健康保険法等の一部を改正する法律,令和八年法律第三十一号,令和八年六月五日,20280604_508AC0000000031,https://laws.e-gov.go.jp/law/333AC0000000192/20280604_508AC0000000031
337AC0000000152,地方公務員等共済組合法,20280604,公布の日から起算して二年を超えない範囲内において政令で定める日,健康保険法等の一部を改正する法律,令和八年法律第三十一号,令和八年六月五日,20280604_508AC0000000031,https://laws.e-gov.go.jp/law/337AC0000000152/20280604_508AC0000000031
340AC0000000141,母子保健法,20280604,公布の日から起算して二年を超えない範囲内において政令で定める日,健康保険法等の一部を改正する法律,令和八年法律第三十一号,令和八年六月五日,20280604_508AC0000000031,https://laws.e-gov.go.jp/law/340AC0000000141/20280604_508AC0000000031
342AC0000000081,住民基本台帳法,20280604,公布の日から起算して二年を超えない範囲内において政令で定める日,健康保険法等の一部を改正する法律,令和八年法律第三十一号,令和八年六月五日,20280604_508AC0000000031,https://laws.e-gov.go.jp/law/342AC0000000081/20280604_508AC0000000031
357AC0000000080,高齢者の医療の確保に関する法律,20280604,公布の日から起算して二年を超えない範囲内において政令で定める日,健康保険法等の一部を改正する法律,令和八年法律第三十一号,令和八年六月五日,20280604_508AC0000000031,https://laws.e-gov.go.jp/law/357AC0000000080/20280604_508AC0000000031
401AC0000000064,地域における医療及び介護の総合的な確保の促進に関する法律,20280604,公布の日から起算して二年を超えない範囲内において政令で定める日,健康保険法等の一部を改正する法律,令和八年法律第三十一号,令和八年六月五日,20280604_508AC0000000031,https://laws.e-gov.go.jp/law/401AC0000000064/20280604_508AC0000000031
409AC0000000048,日本私立学校振興・共済事業団法,20280604,公布の日から起算して二年を超えない範囲内において政令で定める日,健康保険法等の一部を改正する法律,令和八年法律第三十一号,令和八年六月五日,20280604_508AC0000000031,https://laws.e-gov.go.jp/law/409AC0000000048/20280604_508AC0000000031
416AC1000000167,発達障害者支援法,20280604,公布の日から起算して二年を超えない範囲内において政令で定める日,健康保険法等の一部を改正する法律,令和八年法律第三十一号,令和八年六月五日,20280604_508AC0000000031,https://laws.e-gov.go.jp/law/416AC1000000167/20280604_508AC0000000031
425AC0000000027,行政手続における特定の個人を識別するための番号の利用等に関する法律,20280604,公布の日から起算して二年を超えない範囲内において政令で定める日,健康保険法等の一部を改正する法律,令和八年法律第三十一号,令和八年六月五日,20280604_508AC0000000031,https://laws.e-gov.go.jp/law/425AC0000000027/20280604_508AC0000000031
342AC0000000035,登録免許税法,20280610,公布の日から起算して三年を超えない範囲内において政令で定める日,貨物自動車運送事業法の一部を改正する法律,令和七年法律第六十号,令和七年六月十一日,20280610_507AC1000000060,https://laws.e-gov.go.jp/law/342AC0000000035/20280610_507AC1000000060
401AC0000000082,貨物利用運送事業法,20280610,公布の日から起算して三年を超えない範囲内において政令で定める日,貨物自動車運送事業法の一部を改正する法律,令和七年法律第六十号,令和七年六月十一日,20280610_507AC1000000060,https://laws.e-gov.go.jp/law/401AC0000000082/20280610_507AC1000000060
401AC0000000083,貨物自動車運送事業法,20280610,公布の日から起算して三年を超えない範囲内において政令で定める日,貨物自動車運送事業法の一部を改正する法律,令和七年法律第六十号,令和七年六月十一日,20280610_507AC1000000060,https://laws.e-gov.go.jp/law/401AC0000000083/20280610_507AC1000000060
417AC0000000024,地域再生法,20280610,公布の日から起算して三年を超えない範囲内において政令で定める日,貨物自動車運送事業法の一部を改正する法律,令和七年法律第六十号,令和七年六月十一日,20280610_507AC1000000060,https://laws.e-gov.go.jp/law/417AC0000000024/20280610_507AC1000000060
417AC0000000085,物資の流通の効率化に関する法律,20280610,公布の日から起算して三年を超えない範囲内において政令で定める日,貨物自動車運送事業法の一部を改正する法律,令和七年法律第六十号,令和七年六月十一日,20280610_507AC1000000060,https://laws.e-gov.go.jp/law/417AC0000000085/20280610_507AC1000000060
424AC0000000084,都市の低炭素化の促進に関する法律,20280610,公布の日から起算して三年を超えない範囲内において政令で定める日,貨物自動車運送事業法の一部を改正する法律,令和七年法律第六十号,令和七年六月十一日,20280610_507AC1000000060,https://laws.e-gov.go.jp/law/424AC0000000084/20280610_507AC1000000060
129AC0000000089,民法,20280613,公布の日から起算して五年を超えない範囲内において政令で定める日,民事関係手続等における情報通信技術の活用等の推進を図るための関係法律の整備に関する法律,令和五年法律第五十三号,令和五年六月十四日,20280613_505AC0000000053,https://laws.e-gov.go.jp/law/129AC0000000089/20280613_505AC0000000053
138AC0000000052,担保付社債信託法,20280613,公布の日から起算して五年を超えない範囲内において政令で定める日,民事関係手続等における情報通信技術の活用等の推進を図るための関係法律の整備に関する法律,令和五年法律第五十三号,令和五年六月十四日,20280613_505AC0000000053,https://laws.e-gov.go.jp/law/138AC0000000052/20280613_505AC0000000053
138AC0000000053,鉄道抵当法,20280613,公布の日から起算して五年を超えない範囲内において政令で定める日,民事関係手続等における情報通信技術の活用等の推進を図るための関係法律の整備に関する法律,令和五年法律第五十三号,令和五年六月十四日,20280613_505AC0000000053,https://laws.e-gov.go.jp/law/138AC0000000053/20280613_505AC0000000053
141AC0000000053,公証人法,20280613,公布の日から起算して五年を超えない範囲内において政令で定める日,民事関係手続等における情報通信技術の活用等の推進を図るための関係法律の整備に関する法律,令和五年法律第五十三号,令和五年六月十四日,20280613_505AC0000000053,https://laws.e-gov.go.jp/law/141AC0000000053/20280613_505AC0000000053
306AC0000000042,無尽業法,20280613,公布の日から起算して五年を超えない範囲内において政令で定める日,民事関係手続等における情報通信技術の活用等の推進を図るための関係法律の整備に関する法律,令和五年法律第五十三号,令和五年六月十四日,20280613_505AC0000000053,https://laws.e-gov.go.jp/law/306AC0000000042/20280613_505AC0000000053
307AC0000000020,手形法,20280613,公布の日から起算して五年を超えない範囲内において政令で定める日,民事関係手続等における情報通信技術の活用等の推進を図るための関係法律の整備に関する法律,令和五年法律第五十三号,令和五年六月十四日,20280613_505AC0000000053,https://laws.e-gov.go.jp/law/307AC0000000020/20280613_505AC0000000053
322AC0000000059,裁判所法,20280613,公布の日から起算して五年を超えない範囲内において政令で定める日,民事関係手続等における情報通信技術の活用等の推進を図るための関係法律の整備に関する法律,令和五年法律第五十三号,令和五年六月十四日,20280613_505AC0000000053,https://laws.e-gov.go.jp/law/322AC0000000059/20280613_505AC0000000053
322AC0000000224,戸籍法,20280613,公布の日から起算して五年を超えない範囲内において政令で定める日,民事関係手続等における情報通信技術の活用等の推進を図るための関係法律の整備に関する法律,令和五年法律第五十三号,令和五年六月十四日,20280613_505AC0000000053,https://laws.e-gov.go.jp/law/322AC0000000224/20280613_505AC0000000053
323AC0000000025,金融商品取引法,20280613,公布の日から起算して五年を超えない範囲内において政令で定める日,民事関係手続等における情報通信技術の活用等の推進を図るための関係法律の整備に関する法律,令和五年法律第五十三号,令和五年六月十四日,20280613_505AC0000000053,https://laws.e-gov.go.jp/law/323AC0000000025/20280613_505AC0000000053
323AC0000000025,金融商品取引法,20280613,民事関係手続等における情報通信技術の活用等の推進を図るための関係法律の整備に関する法律（令和五年法律第五十三号）の施行の日,金融商品取引法及び資金決済に関する法律の一部を改正する法律,令和八年法律第六十四号,令和八年七月二十三日,20280613_508AC0000000064,https://laws.e-gov.go.jp/law/323AC0000000025/20280613_508AC0000000064
323AC0000000103,公認会計士法,20280613,公布の日から起算して五年を超えない範囲内において政令で定める日,民事関係手続等における情報通信技術の活用等の推進を図るための関係法律の整備に関する法律,令和五年法律第五十三号,令和五年六月十四日,20280613_505AC0000000053,https://laws.e-gov.go.jp/law/323AC0000000103/20280613_505AC0000000053
323AC0000000168,少年法,20280613,公布の日から起算して五年を超えない範囲内において政令で定める日,民事関係手続等における情報通信技術の活用等の推進を図るための関係法律の整備に関する法律,令和五年法律第五十三号,令和五年六月十四日,20280613_505AC0000000053,https://laws.e-gov.go.jp/law/323AC0000000168/20280613_505AC0000000053
324AC0000000174,労働組合法,20280613,公布の日から起算して五年を超えない範囲内において政令で定める日,民事関係手続等における情報通信技術の活用等の推進を図るための関係法律の整備に関する法律,令和五年法律第五十三号,令和五年六月十四日,20280613_505AC0000000053,https://laws.e-gov.go.jp/law/324AC0000000174/20280613_505AC0000000053
324AC1000000205,弁護士法,20280613,公布の日から起算して五年を超えない範囲内において政令で定める日,民事関係手続等における情報通信技術の活用等の推進を図るための関係法律の整備に関する法律,令和五年法律第五十三号,令和五年六月十四日,20280613_505AC0000000053,https://laws.e-gov.go.jp/law/324AC1000000205/20280613_505AC0000000053
325AC0000000239,商品先物取引法,20280613,公布の日から起算して五年を超えない範囲内において政令で定める日,民事関係手続等における情報通信技術の活用等の推進を図るための関係法律の整備に関する法律,令和五年法律第五十三号,令和五年六月十四日,20280613_505AC0000000053,https://laws.e-gov.go.jp/law/325AC0000000239/20280613_505AC0000000053
325AC1000000197,司法書士法,20280613,公布の日から起算して五年を超えない範囲内において政令で定める日,民事関係手続等における情報通信技術の活用等の推進を図るための関係法律の整備に関する法律,令和五年法律第五十三号,令和五年六月十四日,20280613_505AC0000000053,https://laws.e-gov.go.jp/law/325AC1000000197/20280613_505AC0000000053
325AC1000000228,土地家屋調査士法,20280613,公布の日から起算して五年を超えない範囲内において政令で定める日,民事関係手続等における情報通信技術の活用等の推進を図るための関係法律の整備に関する法律,令和五年法律第五十三号,令和五年六月十四日,20280613_505AC0000000053,https://laws.e-gov.go.jp/law/325AC1000000228/20280613_505AC0000000053
326AC0100000198,投資信託及び投資法人に関する法律,20280613,公布の日から起算して五年を超えない範囲内において政令で定める日,民事関係手続等における情報通信技術の活用等の推進を図るための関係法律の整備に関する法律,令和五年法律第五十三号,令和五年六月十四日,20280613_505AC0000000053,https://laws.e-gov.go.jp/law/326AC0100000198/20280613_505AC0000000053
326AC0100000219,土地収用法,20280613,公布の日から起算して五年を超えない範囲内において政令で定める日,民事関係手続等における情報通信技術の活用等の推進を図るための関係法律の整備に関する法律,令和五年法律第五十三号,令和五年六月十四日,20280613_505AC0000000053,https://laws.e-gov.go.jp/law/326AC0100000219/20280613_505AC0000000053
326AC1000000004,行政書士法,20280613,公布の日から起算して五年を超えない範囲内において政令で定める日,民事関係手続等における情報通信技術の活用等の推進を図るための関係法律の整備に関する法律,令和五年法律第五十三号,令和五年六月十四日,20280613_505AC0000000053,https://laws.e-gov.go.jp/law/326AC1000000004/20280613_505AC0000000053
326AC1000000222,民事調停法,20280613,公布の日から起算して五年を超えない範囲内において政令で定める日,民事関係手続等における情報通信技術の活用等の推進を図るための関係法律の整備に関する法律,令和五年法律第五十三号,令和五年六月十四日,20280613_505AC0000000053,https://laws.e-gov.go.jp/law/326AC1000000222/20280613_505AC0000000053
326AC1000000237,税理士法,20280613,公布の日から起算して五年を超えない範囲内において政令で定める日,民事関係手続等における情報通信技術の活用等の推進を図るための関係法律の整備に関する法律,令和五年法律第五十三号,令和五年六月十四日,20280613_505AC0000000053,https://laws.e-gov.go.jp/law/326AC1000000237/20280613_505AC0000000053
329AC0000000115,厚生年金保険法,20280613,公布の日から起算して五年を超えない範囲内において政令で定める日,民事関係手続等における情報通信技術の活用等の推進を図るための関係法律の整備に関する法律,令和五年法律第五十三号,令和五年六月十四日,20280613_505AC0000000053,https://laws.e-gov.go.jp/law/329AC0000000115/20280613_505AC0000000053
332AC0000000094,滞納処分と強制執行等との手続の調整に関する法律,20280613,公布の日から起算して五年を超えない範囲内において政令で定める日,民事関係手続等における情報通信技術の活用等の推進を図るための関係法律の整備に関する法律,令和五年法律第五十三号,令和五年六月十四日,20280613_505AC0000000053,https://laws.e-gov.go.jp/law/332AC0000000094/20280613_505AC0000000053
333AC0000000106,企業担保法,20280613,公布の日から起算して五年を超えない範囲内において政令で定める日,民事関係手続等における情報通信技術の活用等の推進を図るための関係法律の整備に関する法律,令和五年法律第五十三号,令和五年六月十四日,20280613_505AC0000000053,https://laws.e-gov.go.jp/law/333AC0000000106/20280613_505AC0000000053
333AC0000000138,電話加入権質に関する臨時特例法,20280613,公布の日から起算して五年を超えない範囲内において政令で定める日,民事関係手続等における情報通信技術の活用等の推進を図るための関係法律の整備に関する法律,令和五年法律第五十三号,令和五年六月十四日,20280613_505AC0000000053,https://laws.e-gov.go.jp/law/333AC0000000138/20280613_505AC0000000053
336AC0000000081,技術研究組合法,20280613,公布の日から起算して五年を超えない範囲内において政令で定める日,民事関係手続等における情報通信技術の活用等の推進を図るための関係法律の整備に関する法律,令和五年法律第五十三号,令和五年六月十四日,20280613_505AC0000000053,https://laws.e-gov.go.jp/law/336AC0000000081/20280613_505AC0000000053
337AC0000000066,国税通則法,20280613,公布の日から起算して五年を超えない範囲内において政令で定める日,民事関係手続等における情報通信技術の活用等の推進を図るための関係法律の整備に関する法律,令和五年法律第五十三号,令和五年六月十四日,20280613_505AC0000000053,https://laws.e-gov.go.jp/law/337AC0000000066/20280613_505AC0000000053
338AC0000000125,商業登記法,20280613,公布の日から起算して五年を超えない範囲内において政令で定める日,民事関係手続等における情報通信技術の活用等の推進を図るための関係法律の整備に関する法律,令和五年法律第五十三号,令和五年六月十四日,20280613_505AC0000000053,https://laws.e-gov.go.jp/law/338AC0000000125/20280613_505AC0000000053
341AC0000000111,執行官法,20280613,公布の日から起算して五年を超えない範囲内において政令で定める日,民事関係手続等における情報通信技術の活用等の推進を図るための関係法律の整備に関する法律,令和五年法律第五十三号,令和五年六月十四日,20280613_505AC0000000053,https://laws.e-gov.go.jp/law/341AC0000000111/20280613_505AC0000000053
342AC0000000023,印紙税法,20280613,公布の日から起算して五年を超えない範囲内において政令で定める日,民事関係手続等における情報通信技術の活用等の推進を図るための関係法律の整備に関する法律,令和五年法律第五十三号,令和五年六月十四日,20280613_505AC0000000053,https://laws.e-gov.go.jp/law/342AC0000000023/20280613_505AC0000000053
343AC1000000089,社会保険労務士法,20280613,公布の日から起算して五年を超えない範囲内において政令で定める日,民事関係手続等における情報通信技術の活用等の推進を図るための関係法律の整備に関する法律,令和五年法律第五十三号,令和五年六月十四日,20280613_505AC0000000053,https://laws.e-gov.go.jp/law/343AC1000000089/20280613_505AC0000000053
344AC0000000046,租税条約等の実施に伴う所得税法、法人税法及び地方税法の特例等に関する法律,20280613,公布の日から起算して五年を超えない範囲内において政令で定める日,民事関係手続等における情報通信技術の活用等の推進を図るための関係法律の整備に関する法律,令和五年法律第五十三号,令和五年六月十四日,20280613_505AC0000000053,https://laws.e-gov.go.jp/law/344AC0000000046/20280613_505AC0000000053
345AC0000000048,著作権法,20280613,公布の日から起算して五年を超えない範囲内において政令で定める日,民事関係手続等における情報通信技術の活用等の推進を図るための関係法律の整備に関する法律,令和五年法律第五十三号,令和五年六月十四日,20280613_505AC0000000053,https://laws.e-gov.go.jp/law/345AC0000000048/20280613_505AC0000000053
345AC0000000115,民事訴訟手続に関する条約等の実施に伴う民事訴訟手続の特例等に関する法律,20280613,公布の日から起算して五年を超えない範囲内において政令で定める日,民事関係手続等における情報通信技術の活用等の推進を図るための関係法律の整備に関する法律,令和五年法律第五十三号,令和五年六月十四日,20280613_505AC0000000053,https://laws.e-gov.go.jp/law/345AC0000000115/20280613_505AC0000000053
346AC0000000034,預金保険法,20280613,公布の日から起算して五年を超えない範囲内において政令で定める日,民事関係手続等における情報通信技術の活用等の推進を図るための関係法律の整備に関する法律,令和五年法律第五十三号,令和五年六月十四日,20280613_505AC0000000053,https://laws.e-gov.go.jp/law/346AC0000000034/20280613_505AC0000000053
346AC0000000040,民事訴訟費用等に関する法律,20280613,公布の日から起算して五年を超えない範囲内において政令で定める日,民事関係手続等における情報通信技術の活用等の推進を図るための関係法律の整備に関する法律,令和五年法律第五十三号,令和五年六月十四日,20280613_505AC0000000053,https://laws.e-gov.go.jp/law/346AC0000000040/20280613_505AC0000000053
348AC0000000053,農水産業協同組合貯金保険法,20280613,公布の日から起算して五年を超えない範囲内において政令で定める日,民事関係手続等における情報通信技術の活用等の推進を図るための関係法律の整備に関する法律,令和五年法律第五十三号,令和五年六月十四日,20280613_505AC0000000053,https://laws.e-gov.go.jp/law/348AC0000000053/20280613_505AC0000000053
350AC0000000094,船舶の所有者等の責任の制限に関する法律,20280613,公布の日から起算して五年を超えない範囲内において政令で定める日,民事関係手続等における情報通信技術の活用等の推進を図るための関係法律の整備に関する法律,令和五年法律第五十三号,令和五年六月十四日,20280613_505AC0000000053,https://laws.e-gov.go.jp/law/350AC0000000094/20280613_505AC0000000053
350AC0000000095,船舶油濁等損害賠償保障法,20280613,公布の日から起算して五年を超えない範囲内において政令で定める日,民事関係手続等における情報通信技術の活用等の推進を図るための関係法律の整備に関する法律,令和五年法律第五十三号,令和五年六月十四日,20280613_505AC0000000053,https://laws.e-gov.go.jp/law/350AC0000000095/20280613_505AC0000000053
354AC0000000004,民事執行法,20280613,公布の日から起算して五年を超えない範囲内において政令で定める日,民事関係手続等における情報通信技術の活用等の推進を図るための関係法律の整備に関する法律,令和五年法律第五十三号,令和五年六月十四日,20280613_505AC0000000053,https://laws.e-gov.go.jp/law/354AC0000000004/20280613_505AC0000000053
356AC0000000059,銀行法,20280613,公布の日から起算して五年を超えない範囲内において政令で定める日,民事関係手続等における情報通信技術の活用等の推進を図るための関係法律の整備に関する法律,令和五年法律第五十三号,令和五年六月十四日,20280613_505AC0000000053,https://laws.e-gov.go.jp/law/356AC0000000059/20280613_505AC0000000053
358AC1000000032,貸金業法,20280613,公布の日から起算して五年を超えない範囲内において政令で定める日,民事関係手続等における情報通信技術の活用等の推進を図るための関係法律の整備に関する法律,令和五年法律第五十三号,令和五年六月十四日,20280613_505AC0000000053,https://laws.e-gov.go.jp/law/358AC1000000032/20280613_505AC0000000053
359AC0000000086,電気通信事業法,20280613,公布の日から起算して五年を超えない範囲内において政令で定める日,民事関係手続等における情報通信技術の活用等の推進を図るための関係法律の整備に関する法律,令和五年法律第五十三号,令和五年六月十四日,20280613_505AC0000000053,https://laws.e-gov.go.jp/law/359AC0000000086/20280613_505AC0000000053
401AC0000000091,民事保全法,20280613,公布の日から起算して五年を超えない範囲内において政令で定める日,民事関係手続等における情報通信技術の活用等の推進を図るための関係法律の整備に関する法律,令和五年法律第五十三号,令和五年六月十四日,20280613_505AC0000000053,https://laws.e-gov.go.jp/law/401AC0000000091/20280613_505AC0000000053
403AC0000000090,借地借家法,20280613,公布の日から起算して五年を超えない範囲内において政令で定める日,民事関係手続等における情報通信技術の活用等の推進を図るための関係法律の整備に関する法律,令和五年法律第五十三号,令和五年六月十四日,20280613_505AC0000000053,https://laws.e-gov.go.jp/law/403AC0000000090/20280613_505AC0000000053
407AC0000000105,保険業法,20280613,公布の日から起算して五年を超えない範囲内において政令で定める日,民事関係手続等における情報通信技術の活用等の推進を図るための関係法律の整備に関する法律,令和五年法律第五十三号,令和五年六月十四日,20280613_505AC0000000053,https://laws.e-gov.go.jp/law/407AC0000000105/20280613_505AC0000000053
408AC0000000095,金融機関等の更生手続の特例等に関する法律,20280613,公布の日から起算して五年を超えない範囲内において政令で定める日,民事関係手続等における情報通信技術の活用等の推進を図るための関係法律の整備に関する法律,令和五年法律第五十三号,令和五年六月十四日,20280613_505AC0000000053,https://laws.e-gov.go.jp/law/408AC0000000095/20280613_505AC0000000053
410AC0000000105,資産の流動化に関する法律,20280613,公布の日から起算して五年を超えない範囲内において政令で定める日,民事関係手続等における情報通信技術の活用等の推進を図るための関係法律の整備に関する法律,令和五年法律第五十三号,令和五年六月十四日,20280613_505AC0000000053,https://laws.e-gov.go.jp/law/410AC0000000105/20280613_505AC0000000053
410AC1000000126,債権管理回収業に関する特別措置法,20280613,公布の日から起算して五年を超えない範囲内において政令で定める日,民事関係手続等における情報通信技術の活用等の推進を図るための関係法律の整備に関する法律,令和五年法律第五十三号,令和五年六月十四日,20280613_505AC0000000053,https://laws.e-gov.go.jp/law/410AC1000000126/20280613_505AC0000000053
411AC0000000136,組織的な犯罪の処罰及び犯罪収益の規制等に関する法律,20280613,公布の日から起算して五年を超えない範囲内において政令で定める日,民事関係手続等における情報通信技術の活用等の推進を図るための関係法律の整備に関する法律,令和五年法律第五十三号,令和五年六月十四日,20280613_505AC0000000053,https://laws.e-gov.go.jp/law/411AC0000000136/20280613_505AC0000000053
411AC0000000136,組織的な犯罪の処罰及び犯罪収益の規制等に関する法律,20280613,民事関係手続等における情報通信技術の活用等の推進を図るための関係法律の整備に関する法律（令和五年法律第五十三号）の施行の日,情報通信技術の進展等に対応するための刑事訴訟法等の一部を改正する法律,令和七年法律第三十九号,令和七年五月二十三日,20280613_507AC0000000039,https://laws.e-gov.go.jp/law/411AC0000000136/20280613_507AC0000000039
411AC0000000225,民事再生法,20280613,公布の日から起算して五年を超えない範囲内において政令で定める日,民事関係手続等における情報通信技術の活用等の推進を図るための関係法律の整備に関する法律,令和五年法律第五十三号,令和五年六月十四日,20280613_505AC0000000053,https://laws.e-gov.go.jp/law/411AC0000000225/20280613_505AC0000000053
411AC1000000158,特定債務等の調整の促進のための特定調停に関する法律,20280613,公布の日から起算して五年を超えない範囲内において政令で定める日,民事関係手続等における情報通信技術の活用等の推進を図るための関係法律の整備に関する法律,令和五年法律第五十三号,令和五年六月十四日,20280613_505AC0000000053,https://laws.e-gov.go.jp/law/411AC1000000158/20280613_505AC0000000053
412AC0000000049,弁理士法,20280613,公布の日から起算して五年を超えない範囲内において政令で定める日,民事関係手続等における情報通信技術の活用等の推進を図るための関係法律の整備に関する法律,令和五年法律第五十三号,令和五年六月十四日,20280613_505AC0000000053,https://laws.e-gov.go.jp/law/412AC0000000049/20280613_505AC0000000053
412AC0000000075,犯罪被害者等の権利利益の保護を図るための刑事手続に付随する措置に関する法律,20280613,公布の日から起算して五年を超えない範囲内において政令で定める日,民事関係手続等における情報通信技術の活用等の推進を図るための関係法律の整備に関する法律,令和五年法律第五十三号,令和五年六月十四日,20280613_505AC0000000053,https://laws.e-gov.go.jp/law/412AC0000000075/20280613_505AC0000000053
412AC0000000095,農水産業協同組合の再生手続の特例等に関する法律,20280613,公布の日から起算して五年を超えない範囲内において政令で定める日,民事関係手続等における情報通信技術の活用等の推進を図るための関係法律の整備に関する法律,令和五年法律第五十三号,令和五年六月十四日,20280613_505AC0000000053,https://laws.e-gov.go.jp/law/412AC0000000095/20280613_505AC0000000053
412AC0000000129,外国倒産処理手続の承認援助に関する法律,20280613,公布の日から起算して五年を超えない範囲内において政令で定める日,民事関係手続等における情報通信技術の活用等の推進を図るための関係法律の整備に関する法律,令和五年法律第五十三号,令和五年六月十四日,20280613_505AC0000000053,https://laws.e-gov.go.jp/law/412AC0000000129/20280613_505AC0000000053
413AC0000000137,特定電気通信による情報の流通によって発生する権利侵害等への対処に関する法律,20280613,公布の日から起算して五年を超えない範囲内において政令で定める日,民事関係手続等における情報通信技術の活用等の推進を図るための関係法律の整備に関する法律,令和五年法律第五十三号,令和五年六月十四日,20280613_505AC0000000053,https://laws.e-gov.go.jp/law/413AC0000000137/20280613_505AC0000000053
413AC0100000031,配偶者からの暴力の防止及び被害者の保護等に関する法律,20280613,公布の日から起算して五年を超えない範囲内において政令で定める日,民事関係手続等における情報通信技術の活用等の推進を図るための関係法律の整備に関する法律,令和五年法律第五十三号,令和五年六月十四日,20280613_505AC0000000053,https://laws.e-gov.go.jp/law/413AC0100000031/20280613_505AC0000000053
414AC0000000154,会社更生法,20280613,公布の日から起算して五年を超えない範囲内において政令で定める日,民事関係手続等における情報通信技術の活用等の推進を図るための関係法律の整備に関する法律,令和五年法律第五十三号,令和五年六月十四日,20280613_505AC0000000053,https://laws.e-gov.go.jp/law/414AC0000000154/20280613_505AC0000000053
415AC0000000109,人事訴訟法,20280613,公布の日から起算して五年を超えない範囲内において政令で定める日,民事関係手続等における情報通信技術の活用等の推進を図るための関係法律の整備に関する法律,令和五年法律第五十三号,令和五年六月十四日,20280613_505AC0000000053,https://laws.e-gov.go.jp/law/415AC0000000109/20280613_505AC0000000053
415AC0000000138,仲裁法,20280613,公布の日から起算して五年を超えない範囲内において政令で定める日,民事関係手続等における情報通信技術の活用等の推進を図るための関係法律の整備に関する法律,令和五年法律第五十三号,令和五年六月十四日,20280613_505AC0000000053,https://laws.e-gov.go.jp/law/415AC0000000138/20280613_505AC0000000053
416AC0000000045,労働審判法,20280613,公布の日から起算して五年を超えない範囲内において政令で定める日,民事関係手続等における情報通信技術の活用等の推進を図るための関係法律の整備に関する法律,令和五年法律第五十三号,令和五年六月十四日,20280613_505AC0000000053,https://laws.e-gov.go.jp/law/416AC0000000045/20280613_505AC0000000053
416AC0000000075,破産法,20280613,公布の日から起算して五年を超えない範囲内において政令で定める日,民事関係手続等における情報通信技術の活用等の推進を図るための関係法律の整備に関する法律,令和五年法律第五十三号,令和五年六月十四日,20280613_505AC0000000053,https://laws.e-gov.go.jp/law/416AC0000000075/20280613_505AC0000000053
416AC0000000151,裁判外紛争解決手続の利用の促進に関する法律,20280613,公布の日から起算して五年を超えない範囲内において政令で定める日,民事関係手続等における情報通信技術の活用等の推進を図るための関係法律の整備に関する法律,令和五年法律第五十三号,令和五年六月十四日,20280613_505AC0000000053,https://laws.e-gov.go.jp/law/416AC0000000151/20280613_505AC0000000053
417AC0000000086,会社法,20280613,公布の日から起算して五年を超えない範囲内において政令で定める日,民事関係手続等における情報通信技術の活用等の推進を図るための関係法律の整備に関する法律,令和五年法律第五十三号,令和五年六月十四日,20280613_505AC0000000053,https://laws.e-gov.go.jp/law/417AC0000000086/20280613_505AC0000000053
418AC0000000048,一般社団法人及び一般財団法人に関する法律,20280613,公布の日から起算して五年を超えない範囲内において政令で定める日,民事関係手続等における情報通信技術の活用等の推進を図るための関係法律の整備に関する法律,令和五年法律第五十三号,令和五年六月十四日,20280613_505AC0000000053,https://laws.e-gov.go.jp/law/418AC0000000048/20280613_505AC0000000053
418AC0000000108,信託法,20280613,公布の日から起算して五年を超えない範囲内において政令で定める日,民事関係手続等における情報通信技術の活用等の推進を図るための関係法律の整備に関する法律,令和五年法律第五十三号,令和五年六月十四日,20280613_505AC0000000053,https://laws.e-gov.go.jp/law/418AC0000000108/20280613_505AC0000000053
419AC0000000066,特定住宅瑕疵担保責任の履行の確保等に関する法律,20280613,公布の日から起算して五年を超えない範囲内において政令で定める日,民事関係手続等における情報通信技術の活用等の推進を図るための関係法律の整備に関する法律,令和五年法律第五十三号,令和五年六月十四日,20280613_505AC0000000053,https://laws.e-gov.go.jp/law/419AC0000000066/20280613_505AC0000000053
419AC0000000102,電子記録債権法,20280613,公布の日から起算して五年を超えない範囲内において政令で定める日,民事関係手続等における情報通信技術の活用等の推進を図るための関係法律の整備に関する法律,令和五年法律第五十三号,令和五年六月十四日,20280613_505AC0000000053,https://laws.e-gov.go.jp/law/419AC0000000102/20280613_505AC0000000053
421AC1000000081,水俣病被害者の救済及び水俣病問題の解決に関する特別措置法,20280613,公布の日から起算して五年を超えない範囲内において政令で定める日,民事関係手続等における情報通信技術の活用等の推進を図るための関係法律の整備に関する法律,令和五年法律第五十三号,令和五年六月十四日,20280613_505AC0000000053,https://laws.e-gov.go.jp/law/421AC1000000081/20280613_505AC0000000053
423AC0000000051,非訟事件手続法,20280613,公布の日から起算して五年を超えない範囲内において政令で定める日,民事関係手続等における情報通信技術の活用等の推進を図るための関係法律の整備に関する法律,令和五年法律第五十三号,令和五年六月十四日,20280613_505AC0000000053,https://laws.e-gov.go.jp/law/423AC0000000051/20280613_505AC0000000053
423AC0000000052,家事事件手続法,20280613,公布の日から起算して五年を超えない範囲内において政令で定める日,民事関係手続等における情報通信技術の活用等の推進を図るための関係法律の整備に関する法律,令和五年法律第五十三号,令和五年六月十四日,20280613_505AC0000000053,https://laws.e-gov.go.jp/law/423AC0000000052/20280613_505AC0000000053
425AC0000000048,国際的な子の奪取の民事上の側面に関する条約の実施に関する法律,20280613,公布の日から起算して五年を超えない範囲内において政令で定める日,民事関係手続等における情報通信技術の活用等の推進を図るための関係法律の整備に関する法律,令和五年法律第五十三号,令和五年六月十四日,20280613_505AC0000000053,https://laws.e-gov.go.jp/law/425AC0000000048/20280613_505AC0000000053
425AC0000000061,大規模な災害の被災地における借地借家に関する特別措置法,20280613,公布の日から起算して五年を超えない範囲内において政令で定める日,民事関係手続等における情報通信技術の活用等の推進を図るための関係法律の整備に関する法律,令和五年法律第五十三号,令和五年六月十四日,20280613_505AC0000000053,https://laws.e-gov.go.jp/law/425AC0000000061/20280613_505AC0000000053
425AC0000000096,消費者の財産的被害等の集団的な回復のための民事の裁判手続の特例に関する法律,20280613,公布の日から起算して五年を超えない範囲内において政令で定める日,民事関係手続等における情報通信技術の活用等の推進を図るための関係法律の整備に関する法律,令和五年法律第五十三号,令和五年六月十四日,20280613_505AC0000000053,https://laws.e-gov.go.jp/law/425AC0000000096/20280613_505AC0000000053
428AC1000000101,民間公益活動を促進するための休眠預金等に係る資金の活用に関する法律,20280613,公布の日から起算して五年を超えない範囲内において政令で定める日,民事関係手続等における情報通信技術の活用等の推進を図るための関係法律の整備に関する法律,令和五年法律第五十三号,令和五年六月十四日,20280613_505AC0000000053,https://laws.e-gov.go.jp/law/428AC1000000101/20280613_505AC0000000053
505AC0000000016,調停による国際的な和解合意に関する国際連合条約の実施に関する法律,20280613,公布の日から起算して五年を超えない範囲内において政令で定める日,民事関係手続等における情報通信技術の活用等の推進を図るための関係法律の整備に関する法律,令和五年法律第五十三号,令和五年六月十四日,20280613_505AC0000000053,https://laws.e-gov.go.jp/law/505AC0000000016/20280613_505AC0000000053
506AC0000000052,事業性融資の推進等に関する法律,20280613,民事関係手続等における情報通信技術の活用等の推進を図るための関係法律の整備に関する法律（令和五年法律第五十三号）の施行の日,,,令和六年六月十四日,20280613_000000000000000,https://laws.e-gov.go.jp/law/506AC0000000052/20280613_000000000000000
507AC0000000056,譲渡担保契約及び所有権留保契約に関する法律,20280613,民事関係手続等における情報通信技術の活用等の推進を図るための関係法律の整備に関する法律（令和五年法律第五十三号）の施行の日,,,令和七年六月六日,20280613_000000000000000,https://laws.e-gov.go.jp/law/507AC0000000056/20280613_000000000000000
507AC0000000067,円滑な事業再生を図るための事業者の金融機関等に対する債務の調整の手続等に関する法律,20280613,民事関係手続等における情報通信技術の活用等の推進を図るための関係法律の整備に関する法律（令和五年法律第五十三号）の施行の日,,,令和七年六月十三日,20280613_000000000000000,https://laws.e-gov.go.jp/law/507AC0000000067/20280613_000000000000000
324AC1000000283,身体障害者福祉法,20280624,公布の日から起算して二年を超えない範囲内において政令で定める日,社会福祉法等の一部を改正する法律,令和八年法律第五十一号,令和八年六月二十五日,20280624_508AC0000000051,https://laws.e-gov.go.jp/law/324AC1000000283/20280624_508AC0000000051
325AC0000000144,生活保護法,20280624,公布の日から起算して二年を超えない範囲内において政令で定める日,社会福祉法等の一部を改正する法律,令和八年法律第五十一号,令和八年六月二十五日,20280624_508AC0000000051,https://laws.e-gov.go.jp/law/325AC0000000144/20280624_508AC0000000051
326AC0000000045,社会福祉法,20280624,公布の日から起算して二年を超えない範囲内において政令で定める日,社会福祉法等の一部を改正する法律,令和八年法律第五十一号,令和八年六月二十五日,20280624_508AC0000000051,https://laws.e-gov.go.jp/law/326AC0000000045/20280624_508AC0000000051
333AC0000000192,国民健康保険法,20280624,公布の日から起算して二年を超えない範囲内において政令で定める日,社会福祉法等の一部を改正する法律,令和八年法律第五十一号,令和八年六月二十五日,20280624_508AC0000000051,https://laws.e-gov.go.jp/law/333AC0000000192/20280624_508AC0000000051
335AC0000000037,知的障害者福祉法,20280624,公布の日から起算して二年を超えない範囲内において政令で定める日,社会福祉法等の一部を改正する法律,令和八年法律第五十一号,令和八年六月二十五日,20280624_508AC0000000051,https://laws.e-gov.go.jp/law/335AC0000000037/20280624_508AC0000000051
338AC0000000133,老人福祉法,20280624,公布の日から起算して二年を超えない範囲内において政令で定める日,社会福祉法等の一部を改正する法律,令和八年法律第五十一号,令和八年六月二十五日,20280624_508AC0000000051,https://laws.e-gov.go.jp/law/338AC0000000133/20280624_508AC0000000051
357AC0000000080,高齢者の医療の確保に関する法律,20280624,公布の日から起算して二年を超えない範囲内において政令で定める日,社会福祉法等の一部を改正する法律,令和八年法律第五十一号,令和八年六月二十五日,20280624_508AC0000000051,https://laws.e-gov.go.jp/law/357AC0000000080/20280624_508AC0000000051
409AC0000000123,介護保険法,20280624,公布の日から起算して二年を超えない範囲内において政令で定める日,社会福祉法等の一部を改正する法律,令和八年法律第五十一号,令和八年六月二十五日,20280624_508AC0000000051,https://laws.e-gov.go.jp/law/409AC0000000123/20280624_508AC0000000051
413AC0000000026,高齢者の居住の安定確保に関する法律,20280624,公布の日から起算して二年を超えない範囲内において政令で定める日,社会福祉法等の一部を改正する法律,令和八年法律第五十一号,令和八年六月二十五日,20280624_508AC0000000051,https://laws.e-gov.go.jp/law/413AC0000000026/20280624_508AC0000000051
417AC0000000024,地域再生法,20280624,公布の日から起算して二年を超えない範囲内において政令で定める日,社会福祉法等の一部を改正する法律,令和八年法律第五十一号,令和八年六月二十五日,20280624_508AC0000000051,https://laws.e-gov.go.jp/law/417AC0000000024/20280624_508AC0000000051
417AC0000000123,障害者の日常生活及び社会生活を総合的に支援するための法律,20280624,公布の日から起算して二年を超えない範囲内において政令で定める日,社会福祉法等の一部を改正する法律,令和八年法律第五十一号,令和八年六月二十五日,20280624_508AC0000000051,https://laws.e-gov.go.jp/law/417AC0000000123/20280624_508AC0000000051
406AC0000000113,主要食糧の需給及び価格の安定に関する法律,20280714,公布の日から起算して二年を超えない範囲内において政令で定める日,主要食糧の需給及び価格の安定に関する法律の一部を改正する法律,令和八年法律第五十五号,令和八年七月十五日,20280714_508AC0000000055,https://laws.e-gov.go.jp/law/406AC0000000113/20280714_508AC0000000055
336AC0000000223,災害対策基本法,20280716,防災庁設置法附則第一条第二号に掲げる規定の施行の日,防災庁設置法の施行に伴う関係法律の整備等に関する法律,令和八年法律第六十二号,令和八年七月十七日,20280716_508AC0000000062,https://laws.e-gov.go.jp/law/336AC0000000223/20280716_508AC0000000062
414AC1000000092,南海トラフ地震に係る地震防災対策の推進に関する特別措置法,20280716,防災庁設置法附則第一条第二号に掲げる規定の施行の日,防災庁設置法の施行に伴う関係法律の整備等に関する法律,令和八年法律第六十二号,令和八年七月十七日,20280716_508AC0000000062,https://laws.e-gov.go.jp/law/414AC1000000092/20280716_508AC0000000062
415AC0000000057,個人情報の保護に関する法律,20280716,公布の日から起算して二年を超えない範囲内において政令で定める日,個人情報の保護に関する法律等の一部を改正する法律,令和八年法律第五十六号,令和八年七月十七日,20280716_508AC0000000056,https://laws.e-gov.go.jp/law/415AC0000000057/20280716_508AC0000000056
416AC1000000027,日本海溝・千島海溝周辺海溝型地震に係る地震防災対策の推進に関する特別措置法,20280716,防災庁設置法附則第一条第二号に掲げる規定の施行の日,防災庁設置法の施行に伴う関係法律の整備等に関する法律,令和八年法律第六十二号,令和八年七月十七日,20280716_508AC0000000062,https://laws.e-gov.go.jp/law/416AC1000000027/20280716_508AC0000000062
419AC0000000053,統計法,20280716,公布の日から起算して二年を超えない範囲内において政令で定める日,個人情報の保護に関する法律等の一部を改正する法律,令和八年法律第五十六号,令和八年七月十七日,20280716_508AC0000000056,https://laws.e-gov.go.jp/law/419AC0000000053/20280716_508AC0000000056
425AC0000000027,行政手続における特定の個人を識別するための番号の利用等に関する法律,20280716,公布の日から起算して二年を超えない範囲内において政令で定める日,個人情報の保護に関する法律等の一部を改正する法律,令和八年法律第五十六号,令和八年七月十七日,20280716_508AC0000000056,https://laws.e-gov.go.jp/law/425AC0000000027/20280716_508AC0000000056
425AC0000000055,大規模災害からの復興に関する法律,20280716,防災庁設置法附則第一条第二号に掲げる規定の施行の日,防災庁設置法の施行に伴う関係法律の整備等に関する法律,令和八年法律第六十二号,令和八年七月十七日,20280716_508AC0000000062,https://laws.e-gov.go.jp/law/425AC0000000055/20280716_508AC0000000062
425AC1000000088,首都直下地震対策特別措置法,20280716,防災庁設置法附則第一条第二号に掲げる規定の施行の日,防災庁設置法の施行に伴う関係法律の整備等に関する法律,令和八年法律第六十二号,令和八年七月十七日,20280716_508AC0000000062,https://laws.e-gov.go.jp/law/425AC1000000088/20280716_508AC0000000062
429AC0000000028,医療分野の研究開発に資するための匿名加工医療情報及び仮名加工医療情報に関する法律,20280716,公布の日から起算して二年を超えない範囲内において政令で定める日,個人情報の保護に関する法律等の一部を改正する法律,令和八年法律第五十六号,令和八年七月十七日,20280716_508AC0000000056,https://laws.e-gov.go.jp/law/429AC0000000028/20280716_508AC0000000056
508AC0000000061,防災庁設置法,20280716,公布の日から起算して二年を超えない範囲内において政令で定める日,,,令和八年七月十七日,20280716_000000000000000,https://laws.e-gov.go.jp/law/508AC0000000061/20280716_000000000000000
325AC0000000201,建築基準法,20280730,公布の日から起算して二年を超えない範囲内において政令で定める日,建築物のエネルギー消費性能の向上等に関する法律の一部を改正する法律,令和八年法律第七十五号,令和八年七月三十一日,20280730_508AC0000000075,https://laws.e-gov.go.jp/law/325AC0000000201/20280730_508AC0000000075
342AC0000000035,登録免許税法,20280730,公布の日から起算して二年を超えない範囲内において政令で定める日,建築物のエネルギー消費性能の向上等に関する法律の一部を改正する法律,令和八年法律第七十五号,令和八年七月三十一日,20280730_508AC0000000075,https://laws.e-gov.go.jp/law/342AC0000000035/20280730_508AC0000000075
411AC0000000100,国土交通省設置法,20280730,公布の日から起算して二年を超えない範囲内において政令で定める日,建築物のエネルギー消費性能の向上等に関する法律の一部を改正する法律,令和八年法律第七十五号,令和八年七月三十一日,20280730_508AC0000000075,https://laws.e-gov.go.jp/law/411AC0000000100/20280730_508AC0000000075
417AC0000000082,独立行政法人住宅金融支援機構法,20280730,公布の日から起算して二年を超えない範囲内において政令で定める日,建築物のエネルギー消費性能の向上等に関する法律の一部を改正する法律,令和八年法律第七十五号,令和八年七月三十一日,20280730_508AC0000000075,https://laws.e-gov.go.jp/law/417AC0000000082/20280730_508AC0000000075
424AC0000000084,都市の低炭素化の促進に関する法律,20280730,公布の日から起算して二年を超えない範囲内において政令で定める日,建築物のエネルギー消費性能の向上等に関する法律の一部を改正する法律,令和八年法律第七十五号,令和八年七月三十一日,20280730_508AC0000000075,https://laws.e-gov.go.jp/law/424AC0000000084/20280730_508AC0000000075
427AC0000000053,建築物のエネルギー消費性能の向上及び脱炭素化の促進に関する法律,20280730,公布の日から起算して二年を超えない範囲内において政令で定める日,建築物のエネルギー消費性能の向上等に関する法律の一部を改正する法律,令和八年法律第七十五号,令和八年七月三十一日,20280730_508AC0000000075,https://laws.e-gov.go.jp/law/427AC0000000053/20280730_508AC0000000075
328AC0000000245,私立学校教職員共済法,20280901,,社会経済の変化を踏まえた年金制度の機能強化のための国民年金法等の一部を改正する等の法律,令和七年法律第七十四号,令和七年六月二十日,20280901_507AC0000000074,https://laws.e-gov.go.jp/law/328AC0000000245/20280901_507AC0000000074
329AC0000000115,厚生年金保険法,20280901,,社会経済の変化を踏まえた年金制度の機能強化のための国民年金法等の一部を改正する等の法律,令和七年法律第七十四号,令和七年六月二十日,20280901_507AC0000000074,https://laws.e-gov.go.jp/law/329AC0000000115/20280901_507AC0000000074
333AC0000000128,国家公務員共済組合法,20280901,,社会経済の変化を踏まえた年金制度の機能強化のための国民年金法等の一部を改正する等の法律,令和七年法律第七十四号,令和七年六月二十日,20280901_507AC0000000074,https://laws.e-gov.go.jp/law/333AC0000000128/20280901_507AC0000000074
337AC0000000152,地方公務員等共済組合法,20280901,,社会経済の変化を踏まえた年金制度の機能強化のための国民年金法等の一部を改正する等の法律,令和七年法律第七十四号,令和七年六月二十日,20280901_507AC0000000074,https://laws.e-gov.go.jp/law/337AC0000000152/20280901_507AC0000000074
342AC0000000081,住民基本台帳法,20281001,,雇用保険法等の一部を改正する法律,令和六年法律第二十六号,令和六年五月十七日,20281001_506AC0000000026,https://laws.e-gov.go.jp/law/342AC0000000081/20281001_506AC0000000026
349AC0000000116,雇用保険法,20281001,,雇用保険法等の一部を改正する法律,令和六年法律第二十六号,令和六年五月十七日,20281001_506AC0000000026,https://laws.e-gov.go.jp/law/349AC0000000116/20281001_506AC0000000026
350CO0000000025,雇用保険法施行令,20281001,,雇用保険法等の一部を改正する法律の施行に伴う関係政令の整備及び経過措置に関する政令,令和六年政令第三百十七号,令和六年十月十一日,20281001_506CO0000000317,https://laws.e-gov.go.jp/law/350CO0000000025/20281001_506CO0000000317
423AC0000000047,職業訓練の実施等による特定求職者の就職の支援に関する法律,20281001,,雇用保険法等の一部を改正する法律,令和六年法律第二十六号,令和六年五月十七日,20281001_506AC0000000026,https://laws.e-gov.go.jp/law/423AC0000000047/20281001_506AC0000000026
326CO0000000319,出入国管理及び難民認定法,20281031,令和十年十月三十一日までの間において政令で定める日,出入国管理及び難民認定法及び出入国管理及び難民認定法第二条第五号ロの旅券を所持する外国人の上陸申請の特例に関する法律の一部を改正する法律,令和八年法律第三十二号,令和八年六月五日,20281031_508AC0000000032,https://laws.e-gov.go.jp/law/326CO0000000319/20281031_508AC0000000032
211AC0000000070,健康保険法,20281211,公布の日から起算して三年を超えない範囲内において政令で定める日,医療法等の一部を改正する法律,令和七年法律第八十七号,令和七年十二月十二日,20281211_507AC0000000087,https://laws.e-gov.go.jp/law/211AC0000000070/20281211_507AC0000000087
314AC0000000073,船員保険法,20281211,公布の日から起算して三年を超えない範囲内において政令で定める日,医療法等の一部を改正する法律,令和七年法律第八十七号,令和七年十二月十二日,20281211_507AC0000000087,https://laws.e-gov.go.jp/law/314AC0000000073/20281211_507AC0000000087
322AC0000000067,地方自治法,20281211,公布の日から起算して三年を超えない範囲内において政令で定める日,医療法等の一部を改正する法律,令和七年法律第八十七号,令和七年十二月十二日,20281211_507AC0000000087,https://laws.e-gov.go.jp/law/322AC0000000067/20281211_507AC0000000087
322AC0000000164,児童福祉法,20281211,公布の日から起算して三年を超えない範囲内において政令で定める日,医療法等の一部を改正する法律,令和七年法律第八十七号,令和七年十二月十二日,20281211_507AC0000000087,https://laws.e-gov.go.jp/law/322AC0000000164/20281211_507AC0000000087
323AC0000000068,予防接種法,20281211,公布の日から起算して三年を超えない範囲内において政令で定める日,医療法等の一部を改正する法律,令和七年法律第八十七号,令和七年十二月十二日,20281211_507AC0000000087,https://laws.e-gov.go.jp/law/323AC0000000068/20281211_507AC0000000087
323AC0000000109,地方財政法,20281211,公布の日から起算して三年を超えない範囲内において政令で定める日,医療法等の一部を改正する法律,令和七年法律第八十七号,令和七年十二月十二日,20281211_507AC0000000087,https://laws.e-gov.go.jp/law/323AC0000000109/20281211_507AC0000000087
325AC0000000226,地方税法,20281211,公布の日から起算して三年を超えない範囲内において政令で定める日,医療法等の一部を改正する法律,令和七年法律第八十七号,令和七年十二月十二日,20281211_507AC0000000087,https://laws.e-gov.go.jp/law/325AC0000000226/20281211_507AC0000000087
328AC0000000245,私立学校教職員共済法,20281211,公布の日から起算して三年を超えない範囲内において政令で定める日,医療法等の一部を改正する法律,令和七年法律第八十七号,令和七年十二月十二日,20281211_507AC0000000087,https://laws.e-gov.go.jp/law/328AC0000000245/20281211_507AC0000000087
333AC0000000128,国家公務員共済組合法,20281211,公布の日から起算して三年を超えない範囲内において政令で定める日,医療法等の一部を改正する法律,令和七年法律第八十七号,令和七年十二月十二日,20281211_507AC0000000087,https://laws.e-gov.go.jp/law/333AC0000000128/20281211_507AC0000000087
333AC0000000192,国民健康保険法,20281211,公布の日から起算して三年を超えない範囲内において政令で定める日,医療法等の一部を改正する法律,令和七年法律第八十七号,令和七年十二月十二日,20281211_507AC0000000087,https://laws.e-gov.go.jp/law/333AC0000000192/20281211_507AC0000000087
337AC0000000152,地方公務員等共済組合法,20281211,公布の日から起算して三年を超えない範囲内において政令で定める日,医療法等の一部を改正する法律,令和七年法律第八十七号,令和七年十二月十二日,20281211_507AC0000000087,https://laws.e-gov.go.jp/law/337AC0000000152/20281211_507AC0000000087
342AC0000000023,印紙税法,20281211,医療法等の一部を改正する法律（令和七年法律第八十七号）附則第一条第九号に掲げる規定の施行の日,所得税法等の一部を改正する法律,令和七年法律第十三号,令和七年三月三十一日,20281211_507AC0000000013,https://laws.e-gov.go.jp/law/342AC0000000023/20281211_507AC0000000013
342AC0000000081,住民基本台帳法,20281211,公布の日から起算して三年を超えない範囲内において政令で定める日,医療法等の一部を改正する法律,令和七年法律第八十七号,令和七年十二月十二日,20281211_507AC0000000087,https://laws.e-gov.go.jp/law/342AC0000000081/20281211_507AC0000000087
342AC0000000121,地方公務員災害補償法,20281211,公布の日から起算して三年を超えない範囲内において政令で定める日,医療法等の一部を改正する法律,令和七年法律第八十七号,令和七年十二月十二日,20281211_507AC0000000087,https://laws.e-gov.go.jp/law/342AC0000000121/20281211_507AC0000000087
357AC0000000080,高齢者の医療の確保に関する法律,20281211,公布の日から起算して三年を超えない範囲内において政令で定める日,医療法等の一部を改正する法律,令和七年法律第八十七号,令和七年十二月十二日,20281211_507AC0000000087,https://laws.e-gov.go.jp/law/357AC0000000080/20281211_507AC0000000087
401AC0000000064,地域における医療及び介護の総合的な確保の促進に関する法律,20281211,公布の日から起算して三年を超えない範囲内において政令で定める日,医療法等の一部を改正する法律,令和七年法律第八十七号,令和七年十二月十二日,20281211_507AC0000000087,https://laws.e-gov.go.jp/law/401AC0000000064/20281211_507AC0000000087
409AC0000000048,日本私立学校振興・共済事業団法,20281211,公布の日から起算して三年を超えない範囲内において政令で定める日,医療法等の一部を改正する法律,令和七年法律第八十七号,令和七年十二月十二日,20281211_507AC0000000087,https://laws.e-gov.go.jp/law/409AC0000000048/20281211_507AC0000000087
409AC0000000123,介護保険法,20281211,公布の日から起算して三年を超えない範囲内において政令で定める日,医療法等の一部を改正する法律,令和七年法律第八十七号,令和七年十二月十二日,20281211_507AC0000000087,https://laws.e-gov.go.jp/law/409AC0000000123/20281211_507AC0000000087
410AC0000000114,感染症の予防及び感染症の患者に対する医療に関する法律,20281211,公布の日から起算して三年を超えない範囲内において政令で定める日,医療法等の一部を改正する法律,令和七年法律第八十七号,令和七年十二月十二日,20281211_507AC0000000087,https://laws.e-gov.go.jp/law/410AC0000000114/20281211_507AC0000000087
411AC0000000097,厚生労働省設置法,20281211,公布の日から起算して三年を超えない範囲内において政令で定める日,医療法等の一部を改正する法律,令和七年法律第八十七号,令和七年十二月十二日,20281211_507AC0000000087,https://laws.e-gov.go.jp/law/411AC0000000097/20281211_507AC0000000087
417AC0000000123,障害者の日常生活及び社会生活を総合的に支援するための法律,20281211,公布の日から起算して三年を超えない範囲内において政令で定める日,医療法等の一部を改正する法律,令和七年法律第八十七号,令和七年十二月十二日,20281211_507AC0000000087,https://laws.e-gov.go.jp/law/417AC0000000123/20281211_507AC0000000087
423AC0000000040,東日本大震災に対処するための特別の財政援助及び助成に関する法律,20281211,公布の日から起算して三年を超えない範囲内において政令で定める日,医療法等の一部を改正する法律,令和七年法律第八十七号,令和七年十二月十二日,20281211_507AC0000000087,https://laws.e-gov.go.jp/law/423AC0000000040/20281211_507AC0000000087
425AC0100000111,がん登録等の推進に関する法律,20281211,公布の日から起算して三年を超えない範囲内において政令で定める日,医療法等の一部を改正する法律,令和七年法律第八十七号,令和七年十二月十二日,20281211_507AC0000000087,https://laws.e-gov.go.jp/law/425AC0100000111/20281211_507AC0000000087
426AC0000000050,難病の患者に対する医療等に関する法律,20281211,公布の日から起算して三年を超えない範囲内において政令で定める日,医療法等の一部を改正する法律,令和七年法律第八十七号,令和七年十二月十二日,20281211_507AC0000000087,https://laws.e-gov.go.jp/law/426AC0000000050/20281211_507AC0000000087
429AC0000000028,医療分野の研究開発に資するための匿名加工医療情報及び仮名加工医療情報に関する法律,20281211,公布の日から起算して三年を超えない範囲内において政令で定める日,医療法等の一部を改正する法律,令和七年法律第八十七号,令和七年十二月十二日,20281211_507AC0000000087,https://laws.e-gov.go.jp/law/429AC0000000028/20281211_507AC0000000087
322AC0000000067,地方自治法,20281218,公布の日から起算して二年六月を超えない範囲内において政令で定める日,廃棄物の処理及び清掃に関する法律等の一部を改正する法律,令和八年法律第四十三号,令和八年六月十九日,20281218_508AC0000000043,https://laws.e-gov.go.jp/law/322AC0000000067/20281218_508AC0000000043
342AC0000000081,住民基本台帳法,20281218,公布の日から起算して二年六月を超えない範囲内において政令で定める日,廃棄物の処理及び清掃に関する法律等の一部を改正する法律,令和八年法律第四十三号,令和八年六月十九日,20281218_508AC0000000043,https://laws.e-gov.go.jp/law/342AC0000000081/20281218_508AC0000000043
345AC0000000137,廃棄物の処理及び清掃に関する法律,20281218,公布の日から起算して二年六月を超えない範囲内において政令で定める日,廃棄物の処理及び清掃に関する法律等の一部を改正する法律,令和八年法律第四十三号,令和八年六月十九日,20281218_508AC0000000043,https://laws.e-gov.go.jp/law/345AC0000000137/20281218_508AC0000000043
403AC0000000048,資源の有効な利用の促進に関する法律,20281218,公布の日から起算して二年六月を超えない範囲内において政令で定める日,廃棄物の処理及び清掃に関する法律等の一部を改正する法律,令和八年法律第四十三号,令和八年六月十九日,20281218_508AC0000000043,https://laws.e-gov.go.jp/law/403AC0000000048/20281218_508AC0000000043
414AC0000000087,使用済自動車の再資源化等に関する法律,20281218,公布の日から起算して二年六月を超えない範囲内において政令で定める日,廃棄物の処理及び清掃に関する法律等の一部を改正する法律,令和八年法律第四十三号,令和八年六月十九日,20281218_508AC0000000043,https://laws.e-gov.go.jp/law/414AC0000000087/20281218_508AC0000000043
415AC0000000044,中間貯蔵・環境安全事業株式会社法,20281218,公布の日から起算して二年六月を超えない範囲内において政令で定める日,廃棄物の処理及び清掃に関する法律等の一部を改正する法律,令和八年法律第四十三号,令和八年六月十九日,20281218_508AC0000000043,https://laws.e-gov.go.jp/law/415AC0000000044/20281218_508AC0000000043
424AC0000000057,使用済小型電子機器等の再資源化の促進に関する法律,20281218,公布の日から起算して二年六月を超えない範囲内において政令で定める日,廃棄物の処理及び清掃に関する法律等の一部を改正する法律,令和八年法律第四十三号,令和八年六月十九日,20281218_508AC0000000043,https://laws.e-gov.go.jp/law/424AC0000000057/20281218_508AC0000000043
503AC0000000060,プラスチックに係る資源循環の促進等に関する法律,20281218,公布の日から起算して二年六月を超えない範囲内において政令で定める日,廃棄物の処理及び清掃に関する法律等の一部を改正する法律,令和八年法律第四十三号,令和八年六月十九日,20281218_508AC0000000043,https://laws.e-gov.go.jp/law/503AC0000000060/20281218_508AC0000000043
506AC0000000041,資源循環の促進のための再資源化事業等の高度化に関する法律,20281218,公布の日から起算して二年六月を超えない範囲内において政令で定める日,廃棄物の処理及び清掃に関する法律等の一部を改正する法律,令和八年法律第四十三号,令和八年六月十九日,20281218_508AC0000000043,https://laws.e-gov.go.jp/law/506AC0000000041/20281218_508AC0000000043
129AC0000000089,民法,20281223,公布の日から起算して二年六月を超えない範囲内において政令で定める日,民法等の一部を改正する法律,令和八年法律第四十五号,令和八年六月二十四日,20281223_508AC0000000045,https://laws.e-gov.go.jp/law/129AC0000000089/20281223_508AC0000000045
132AC0000000048,商法,20281223,民法等の一部を改正する法律（令和八年法律第四十五号）の施行の日,民法等の一部を改正する法律の施行に伴う関係法律の整備等に関する法律,令和八年法律第四十六号,令和八年六月二十四日,20281223_508AC0000000046,https://laws.e-gov.go.jp/law/132AC0000000048/20281223_508AC0000000046
141AC0000000053,公証人法,20281223,民法等の一部を改正する法律（令和八年法律第四十五号）の施行の日,民法等の一部を改正する法律の施行に伴う関係法律の整備等に関する法律,令和八年法律第四十六号,令和八年六月二十四日,20281223_508AC0000000046,https://laws.e-gov.go.jp/law/141AC0000000053/20281223_508AC0000000046
212AC0000000048,恩給法,20281223,民法等の一部を改正する法律（令和八年法律第四十五号）の施行の日,民法等の一部を改正する法律の施行に伴う関係法律の整備等に関する法律,令和八年法律第四十六号,令和八年六月二十四日,20281223_508AC0000000046,https://laws.e-gov.go.jp/law/212AC0000000048/20281223_508AC0000000046
322AC0000000049,労働基準法,20281223,民法等の一部を改正する法律（令和八年法律第四十五号）の施行の日,民法等の一部を改正する法律の施行に伴う関係法律の整備等に関する法律,令和八年法律第四十六号,令和八年六月二十四日,20281223_508AC0000000046,https://laws.e-gov.go.jp/law/322AC0000000049/20281223_508AC0000000046
322AC0000000164,児童福祉法,20281223,民法等の一部を改正する法律（令和八年法律第四十五号）の施行の日,民法等の一部を改正する法律の施行に伴う関係法律の整備等に関する法律,令和八年法律第四十六号,令和八年六月二十四日,20281223_508AC0000000046,https://laws.e-gov.go.jp/law/322AC0000000164/20281223_508AC0000000046
322AC0000000224,戸籍法,20281223,民法等の一部を改正する法律（令和八年法律第四十五号）の施行の日,民法等の一部を改正する法律の施行に伴う関係法律の整備等に関する法律,令和八年法律第四十六号,令和八年六月二十四日,20281223_508AC0000000046,https://laws.e-gov.go.jp/law/322AC0000000224/20281223_508AC0000000046
322AC1000000225,議院における証人の宣誓及び証言等に関する法律,20281223,民法等の一部を改正する法律（令和八年法律第四十五号）の施行の日,民法等の一部を改正する法律の施行に伴う関係法律の整備等に関する法律,令和八年法律第四十六号,令和八年六月二十四日,20281223_508AC0000000046,https://laws.e-gov.go.jp/law/322AC1000000225/20281223_508AC0000000046
323AC0000000068,予防接種法,20281223,民法等の一部を改正する法律（令和八年法律第四十五号）の施行の日,民法等の一部を改正する法律の施行に伴う関係法律の整備等に関する法律,令和八年法律第四十六号,令和八年六月二十四日,20281223_508AC0000000046,https://laws.e-gov.go.jp/law/323AC0000000068/20281223_508AC0000000046
323AC0000000131,刑事訴訟法,20281223,民法等の一部を改正する法律（令和八年法律第四十五号）の施行の日,民法等の一部を改正する法律の施行に伴う関係法律の整備等に関する法律,令和八年法律第四十六号,令和八年六月二十四日,20281223_508AC0000000046,https://laws.e-gov.go.jp/law/323AC0000000131/20281223_508AC0000000046
323AC0000000147,検察審査会法,20281223,民法等の一部を改正する法律（令和八年法律第四十五号）の施行の日,民法等の一部を改正する法律の施行に伴う関係法律の整備等に関する法律,令和八年法律第四十六号,令和八年六月二十四日,20281223_508AC0000000046,https://laws.e-gov.go.jp/law/323AC0000000147/20281223_508AC0000000046
323AC0000000168,少年法,20281223,民法等の一部を改正する法律（令和八年法律第四十五号）の施行の日,民法等の一部を改正する法律の施行に伴う関係法律の整備等に関する法律,令和八年法律第四十六号,令和八年六月二十四日,20281223_508AC0000000046,https://laws.e-gov.go.jp/law/323AC0000000168/20281223_508AC0000000046
324AC0000000174,労働組合法,20281223,民法等の一部を改正する法律（令和八年法律第四十五号）の施行の日,民法等の一部を改正する法律の施行に伴う関係法律の整備等に関する法律,令和八年法律第四十六号,令和八年六月二十四日,20281223_508AC0000000046,https://laws.e-gov.go.jp/law/324AC0000000174/20281223_508AC0000000046
324AC1000000283,身体障害者福祉法,20281223,民法等の一部を改正する法律（令和八年法律第四十五号）の施行の日,民法等の一部を改正する法律の施行に伴う関係法律の整備等に関する法律,令和八年法律第四十六号,令和八年六月二十四日,20281223_508AC0000000046,https://laws.e-gov.go.jp/law/324AC1000000283/20281223_508AC0000000046
325AC0000000144,生活保護法,20281223,民法等の一部を改正する法律（令和八年法律第四十五号）の施行の日,民法等の一部を改正する法律の施行に伴う関係法律の整備等に関する法律,令和八年法律第四十六号,令和八年六月二十四日,20281223_508AC0000000046,https://laws.e-gov.go.jp/law/325AC0000000144/20281223_508AC0000000046
325AC0000000292,鉱業等に係る土地利用の調整手続等に関する法律,20281223,民法等の一部を改正する法律（令和八年法律第四十五号）の施行の日,民法等の一部を改正する法律の施行に伴う関係法律の整備等に関する法律,令和八年法律第四十六号,令和八年六月二十四日,20281223_508AC0000000046,https://laws.e-gov.go.jp/law/325AC0000000292/20281223_508AC0000000046
325AC0100000123,精神保健及び精神障害者福祉に関する法律,20281223,民法等の一部を改正する法律（令和八年法律第四十五号）の施行の日,民法等の一部を改正する法律の施行に伴う関係法律の整備等に関する法律,令和八年法律第四十六号,令和八年六月二十四日,20281223_508AC0000000046,https://laws.e-gov.go.jp/law/325AC0100000123/20281223_508AC0000000046
326AC0000000201,検疫法,20281223,民法等の一部を改正する法律（令和八年法律第四十五号）の施行の日,民法等の一部を改正する法律の施行に伴う関係法律の整備等に関する法律,令和八年法律第四十六号,令和八年六月二十四日,20281223_508AC0000000046,https://laws.e-gov.go.jp/law/326AC0000000201/20281223_508AC0000000046
326AC0100000219,土地収用法,20281223,民法等の一部を改正する法律（令和八年法律第四十五号）の施行の日,民法等の一部を改正する法律の施行に伴う関係法律の整備等に関する法律,令和八年法律第四十六号,令和八年六月二十四日,20281223_508AC0000000046,https://laws.e-gov.go.jp/law/326AC0100000219/20281223_508AC0000000046
327AC0000000140,日本国とアメリカ合衆国との間の相互協力及び安全保障条約第六条に基づく施設及び区域並びに日本国における合衆国軍隊の地位に関する協定の実施に伴う土地等の使用等に関する特別措置法,20281223,民法等の一部を改正する法律（令和八年法律第四十五号）の施行の日,民法等の一部を改正する法律の施行に伴う関係法律の整備等に関する法律,令和八年法律第四十六号,令和八年六月二十四日,20281223_508AC0000000046,https://laws.e-gov.go.jp/law/327AC0000000140/20281223_508AC0000000046
328AC0000000206,社会保険審査官及び社会保険審査会法,20281223,民法等の一部を改正する法律（令和八年法律第四十五号）の施行の日,民法等の一部を改正する法律の施行に伴う関係法律の整備等に関する法律,令和八年法律第四十六号,令和八年六月二十四日,20281223_508AC0000000046,https://laws.e-gov.go.jp/law/328AC0000000206/20281223_508AC0000000046
331AC0000000126,労働保険審査官及び労働保険審査会法,20281223,民法等の一部を改正する法律（令和八年法律第四十五号）の施行の日,民法等の一部を改正する法律の施行に伴う関係法律の整備等に関する法律,令和八年法律第四十六号,令和八年六月二十四日,20281223_508AC0000000046,https://laws.e-gov.go.jp/law/331AC0000000126/20281223_508AC0000000046
334AC0000000121,特許法,20281223,民法等の一部を改正する法律（令和八年法律第四十五号）の施行の日,民法等の一部を改正する法律の施行に伴う関係法律の整備等に関する法律,令和八年法律第四十六号,令和八年六月二十四日,20281223_508AC0000000046,https://laws.e-gov.go.jp/law/334AC0000000121/20281223_508AC0000000046
334AC0000000123,実用新案法,20281223,民法等の一部を改正する法律（令和八年法律第四十五号）の施行の日,民法等の一部を改正する法律の施行に伴う関係法律の整備等に関する法律,令和八年法律第四十六号,令和八年六月二十四日,20281223_508AC0000000046,https://laws.e-gov.go.jp/law/334AC0000000123/20281223_508AC0000000046
335AC0000000037,知的障害者福祉法,20281223,民法等の一部を改正する法律（令和八年法律第四十五号）の施行の日,民法等の一部を改正する法律の施行に伴う関係法律の整備等に関する法律,令和八年法律第四十六号,令和八年六月二十四日,20281223_508AC0000000046,https://laws.e-gov.go.jp/law/335AC0000000037/20281223_508AC0000000046
337AC0000000066,国税通則法,20281223,民法等の一部を改正する法律（令和八年法律第四十五号）の施行の日,民法等の一部を改正する法律の施行に伴う関係法律の整備等に関する法律,令和八年法律第四十六号,令和八年六月二十四日,20281223_508AC0000000046,https://laws.e-gov.go.jp/law/337AC0000000066/20281223_508AC0000000046
338AC0000000125,商業登記法,20281223,民法等の一部を改正する法律（令和八年法律第四十五号）の施行の日,民法等の一部を改正する法律の施行に伴う関係法律の整備等に関する法律,令和八年法律第四十六号,令和八年六月二十四日,20281223_508AC0000000046,https://laws.e-gov.go.jp/law/338AC0000000125/20281223_508AC0000000046
338AC0000000133,老人福祉法,20281223,民法等の一部を改正する法律（令和八年法律第四十五号）の施行の日,民法等の一部を改正する法律の施行に伴う関係法律の整備等に関する法律,令和八年法律第四十六号,令和八年六月二十四日,20281223_508AC0000000046,https://laws.e-gov.go.jp/law/338AC0000000133/20281223_508AC0000000046
341AC0000000111,執行官法,20281223,民法等の一部を改正する法律（令和八年法律第四十五号）の施行の日,民法等の一部を改正する法律の施行に伴う関係法律の整備等に関する法律,令和八年法律第四十六号,令和八年六月二十四日,20281223_508AC0000000046,https://laws.e-gov.go.jp/law/341AC0000000111/20281223_508AC0000000046
342AC0000000035,登録免許税法,20281223,民法等の一部を改正する法律（令和八年法律第四十五号）の施行の日,民法等の一部を改正する法律の施行に伴う関係法律の整備等に関する法律,令和八年法律第四十六号,令和八年六月二十四日,20281223_508AC0000000046,https://laws.e-gov.go.jp/law/342AC0000000035/20281223_508AC0000000046
345AC0000000108,公害紛争処理法,20281223,民法等の一部を改正する法律（令和八年法律第四十五号）の施行の日,民法等の一部を改正する法律の施行に伴う関係法律の整備等に関する法律,令和八年法律第四十六号,令和八年六月二十四日,20281223_508AC0000000046,https://laws.e-gov.go.jp/law/345AC0000000108/20281223_508AC0000000046
346AC0000000040,民事訴訟費用等に関する法律,20281223,民法等の一部を改正する法律（令和八年法律第四十五号）の施行の日,民法等の一部を改正する法律の施行に伴う関係法律の整備等に関する法律,令和八年法律第四十六号,令和八年六月二十四日,20281223_508AC0000000046,https://laws.e-gov.go.jp/law/346AC0000000040/20281223_508AC0000000046
353AC0000000030,特許協力条約に基づく国際出願等に関する法律,20281223,民法等の一部を改正する法律（令和八年法律第四十五号）の施行の日,民法等の一部を改正する法律の施行に伴う関係法律の整備等に関する法律,令和八年法律第四十六号,令和八年六月二十四日,20281223_508AC0000000046,https://laws.e-gov.go.jp/law/353AC0000000030/20281223_508AC0000000046
354AC0000000004,民事執行法,20281223,民法等の一部を改正する法律（令和八年法律第四十五号）の施行の日,民法等の一部を改正する法律の施行に伴う関係法律の整備等に関する法律,令和八年法律第四十六号,令和八年六月二十四日,20281223_508AC0000000046,https://laws.e-gov.go.jp/law/354AC0000000004/20281223_508AC0000000046
402AC0000000030,工業所有権に関する手続等の特例に関する法律,20281223,民法等の一部を改正する法律（令和八年法律第四十五号）の施行の日,民法等の一部を改正する法律の施行に伴う関係法律の整備等に関する法律,令和八年法律第四十六号,令和八年六月二十四日,20281223_508AC0000000046,https://laws.e-gov.go.jp/law/402AC0000000030/20281223_508AC0000000046
405AC0000000088,行政手続法,20281223,民法等の一部を改正する法律（令和八年法律第四十五号）の施行の日,民法等の一部を改正する法律の施行に伴う関係法律の整備等に関する法律,令和八年法律第四十六号,令和八年六月二十四日,20281223_508AC0000000046,https://laws.e-gov.go.jp/law/405AC0000000088/20281223_508AC0000000046
408AC0000000085,特定非常災害の被害者の権利利益の保全等を図るための特別措置に関する法律,20281223,民法等の一部を改正する法律（令和八年法律第四十五号）の施行の日,民法等の一部を改正する法律の施行に伴う関係法律の整備等に関する法律,令和八年法律第四十六号,令和八年六月二十四日,20281223_508AC0000000046,https://laws.e-gov.go.jp/law/408AC0000000085/20281223_508AC0000000046
408AC0000000109,民事訴訟法,20281223,民法等の一部を改正する法律（令和八年法律第四十五号）の施行の日,民法等の一部を改正する法律の施行に伴う関係法律の整備等に関する法律,令和八年法律第四十六号,令和八年六月二十四日,20281223_508AC0000000046,https://laws.e-gov.go.jp/law/408AC0000000109/20281223_508AC0000000046
410AC0000000090,投資事業有限責任組合契約に関する法律,20281223,民法等の一部を改正する法律（令和八年法律第四十五号）の施行の日,民法等の一部を改正する法律の施行に伴う関係法律の整備等に関する法律,令和八年法律第四十六号,令和八年六月二十四日,20281223_508AC0000000046,https://laws.e-gov.go.jp/law/410AC0000000090/20281223_508AC0000000046
410AC0000000114,感染症の予防及び感染症の患者に対する医療に関する法律,20281223,民法等の一部を改正する法律（令和八年法律第四十五号）の施行の日,民法等の一部を改正する法律の施行に伴う関係法律の整備等に関する法律,令和八年法律第四十六号,令和八年六月二十四日,20281223_508AC0000000046,https://laws.e-gov.go.jp/law/410AC0000000114/20281223_508AC0000000046
411AC0000000150,任意後見契約に関する法律,20281223,公布の日から起算して二年六月を超えない範囲内において政令で定める日,民法等の一部を改正する法律,令和八年法律第四十五号,令和八年六月二十四日,20281223_508AC0000000045,https://laws.e-gov.go.jp/law/411AC0000000150/20281223_508AC0000000045
411AC0000000152,後見登記等に関する法律,20281223,公布の日から起算して二年六月を超えない範囲内において政令で定める日,民法等の一部を改正する法律,令和八年法律第四十五号,令和八年六月二十四日,20281223_508AC0000000045,https://laws.e-gov.go.jp/law/411AC0000000152/20281223_508AC0000000045
412AC0000000061,消費者契約法,20281223,民法等の一部を改正する法律（令和八年法律第四十五号）の施行の日,民法等の一部を改正する法律の施行に伴う関係法律の整備等に関する法律,令和八年法律第四十六号,令和八年六月二十四日,20281223_508AC0000000046,https://laws.e-gov.go.jp/law/412AC0000000061/20281223_508AC0000000046
413AC0100000031,配偶者からの暴力の防止及び被害者の保護等に関する法律,20281223,民法等の一部を改正する法律（令和八年法律第四十五号）の施行の日,民法等の一部を改正する法律の施行に伴う関係法律の整備等に関する法律,令和八年法律第四十六号,令和八年六月二十四日,20281223_508AC0000000046,https://laws.e-gov.go.jp/law/413AC0100000031/20281223_508AC0000000046
415AC0000000057,個人情報の保護に関する法律,20281223,民法等の一部を改正する法律（令和八年法律第四十五号）の施行の日,民法等の一部を改正する法律の施行に伴う関係法律の整備等に関する法律,令和八年法律第四十六号,令和八年六月二十四日,20281223_508AC0000000046,https://laws.e-gov.go.jp/law/415AC0000000057/20281223_508AC0000000046
415AC0000000083,インターネット異性紹介事業を利用して児童を誘引する行為の規制等に関する法律,20281223,民法等の一部を改正する法律（令和八年法律第四十五号）の施行の日,民法等の一部を改正する法律の施行に伴う関係法律の整備等に関する法律,令和八年法律第四十六号,令和八年六月二十四日,20281223_508AC0000000046,https://laws.e-gov.go.jp/law/415AC0000000083/20281223_508AC0000000046
415AC0000000109,人事訴訟法,20281223,民法等の一部を改正する法律（令和八年法律第四十五号）の施行の日,民法等の一部を改正する法律の施行に伴う関係法律の整備等に関する法律,令和八年法律第四十六号,令和八年六月二十四日,20281223_508AC0000000046,https://laws.e-gov.go.jp/law/415AC0000000109/20281223_508AC0000000046
415AC0000000110,心神喪失等の状態で重大な他害行為を行った者の医療及び観察等に関する法律,20281223,民法等の一部を改正する法律（令和八年法律第四十五号）の施行の日,民法等の一部を改正する法律の施行に伴う関係法律の整備等に関する法律,令和八年法律第四十六号,令和八年六月二十四日,20281223_508AC0000000046,https://laws.e-gov.go.jp/law/415AC0000000110/20281223_508AC0000000046
416AC0000000063,裁判員の参加する刑事裁判に関する法律,20281223,民法等の一部を改正する法律（令和八年法律第四十五号）の施行の日,民法等の一部を改正する法律の施行に伴う関係法律の整備等に関する法律,令和八年法律第四十六号,令和八年六月二十四日,20281223_508AC0000000046,https://laws.e-gov.go.jp/law/416AC0000000063/20281223_508AC0000000046
416AC0000000123,不動産登記法,20281223,民法等の一部を改正する法律（令和八年法律第四十五号）の施行の日,民法等の一部を改正する法律の施行に伴う関係法律の整備等に関する法律,令和八年法律第四十六号,令和八年六月二十四日,20281223_508AC0000000046,https://laws.e-gov.go.jp/law/416AC0000000123/20281223_508AC0000000046
417AC0000000040,有限責任事業組合契約に関する法律,20281223,民法等の一部を改正する法律（令和八年法律第四十五号）の施行の日,民法等の一部を改正する法律の施行に伴う関係法律の整備等に関する法律,令和八年法律第四十六号,令和八年六月二十四日,20281223_508AC0000000046,https://laws.e-gov.go.jp/law/417AC0000000040/20281223_508AC0000000046
417AC0000000086,会社法,20281223,民法等の一部を改正する法律（令和八年法律第四十五号）の施行の日,民法等の一部を改正する法律の施行に伴う関係法律の整備等に関する法律,令和八年法律第四十六号,令和八年六月二十四日,20281223_508AC0000000046,https://laws.e-gov.go.jp/law/417AC0000000086/20281223_508AC0000000046
417AC0000000123,障害者の日常生活及び社会生活を総合的に支援するための法律,20281223,民法等の一部を改正する法律（令和八年法律第四十五号）の施行の日,民法等の一部を改正する法律の施行に伴う関係法律の整備等に関する法律,令和八年法律第四十六号,令和八年六月二十四日,20281223_508AC0000000046,https://laws.e-gov.go.jp/law/417AC0000000123/20281223_508AC0000000046
418AC0000000048,一般社団法人及び一般財団法人に関する法律,20281223,民法等の一部を改正する法律（令和八年法律第四十五号）の施行の日,民法等の一部を改正する法律の施行に伴う関係法律の整備等に関する法律,令和八年法律第四十六号,令和八年六月二十四日,20281223_508AC0000000046,https://laws.e-gov.go.jp/law/418AC0000000048/20281223_508AC0000000046
418AC0000000078,法の適用に関する通則法,20281223,民法等の一部を改正する法律（令和八年法律第四十五号）の施行の日,民法等の一部を改正する法律の施行に伴う関係法律の整備等に関する法律,令和八年法律第四十六号,令和八年六月二十四日,20281223_508AC0000000046,https://laws.e-gov.go.jp/law/418AC0000000078/20281223_508AC0000000046
418AC0000000108,信託法,20281223,民法等の一部を改正する法律（令和八年法律第四十五号）の施行の日,民法等の一部を改正する法律の施行に伴う関係法律の整備等に関する法律,令和八年法律第四十六号,令和八年六月二十四日,20281223_508AC0000000046,https://laws.e-gov.go.jp/law/418AC0000000108/20281223_508AC0000000046
419AC0000000053,統計法,20281223,民法等の一部を改正する法律（令和八年法律第四十五号）の施行の日,民法等の一部を改正する法律の施行に伴う関係法律の整備等に関する法律,令和八年法律第四十六号,令和八年六月二十四日,20281223_508AC0000000046,https://laws.e-gov.go.jp/law/419AC0000000053/20281223_508AC0000000046
420AC1000000079,青少年が安全に安心してインターネットを利用できる環境の整備等に関する法律,20281223,民法等の一部を改正する法律（令和八年法律第四十五号）の施行の日,民法等の一部を改正する法律の施行に伴う関係法律の整備等に関する法律,令和八年法律第四十六号,令和八年六月二十四日,20281223_508AC0000000046,https://laws.e-gov.go.jp/law/420AC1000000079/20281223_508AC0000000046
423AC0000000051,非訟事件手続法,20281223,民法等の一部を改正する法律（令和八年法律第四十五号）の施行の日,民法等の一部を改正する法律の施行に伴う関係法律の整備等に関する法律,令和八年法律第四十六号,令和八年六月二十四日,20281223_508AC0000000046,https://laws.e-gov.go.jp/law/423AC0000000051/20281223_508AC0000000046
423AC0000000052,家事事件手続法,20281223,公布の日から起算して二年六月を超えない範囲内において政令で定める日,民法等の一部を改正する法律,令和八年法律第四十五号,令和八年六月二十四日,20281223_508AC0000000045,https://laws.e-gov.go.jp/law/423AC0000000052/20281223_508AC0000000045
425AC0000000048,国際的な子の奪取の民事上の側面に関する条約の実施に関する法律,20281223,民法等の一部を改正する法律（令和八年法律第四十五号）の施行の日,民法等の一部を改正する法律の施行に伴う関係法律の整備等に関する法律,令和八年法律第四十六号,令和八年六月二十四日,20281223_508AC0000000046,https://laws.e-gov.go.jp/law/425AC0000000048/20281223_508AC0000000046
426AC0000000058,少年院法,20281223,民法等の一部を改正する法律（令和八年法律第四十五号）の施行の日,民法等の一部を改正する法律の施行に伴う関係法律の整備等に関する法律,令和八年法律第四十六号,令和八年六月二十四日,20281223_508AC0000000046,https://laws.e-gov.go.jp/law/426AC0000000058/20281223_508AC0000000046
426AC0000000059,少年鑑別所法,20281223,民法等の一部を改正する法律（令和八年法律第四十五号）の施行の日,民法等の一部を改正する法律の施行に伴う関係法律の整備等に関する法律,令和八年法律第四十六号,令和八年六月二十四日,20281223_508AC0000000046,https://laws.e-gov.go.jp/law/426AC0000000059/20281223_508AC0000000046
426AC0000000068,行政不服審査法,20281223,民法等の一部を改正する法律（令和八年法律第四十五号）の施行の日,民法等の一部を改正する法律の施行に伴う関係法律の整備等に関する法律,令和八年法律第四十六号,令和八年六月二十四日,20281223_508AC0000000046,https://laws.e-gov.go.jp/law/426AC0000000068/20281223_508AC0000000046
428AC1000000029,成年後見制度の利用の促進に関する法律,20281223,民法等の一部を改正する法律（令和八年法律第四十五号）の施行の日,民法等の一部を改正する法律の施行に伴う関係法律の整備等に関する法律,令和八年法律第四十六号,令和八年六月二十四日,20281223_508AC0000000046,https://laws.e-gov.go.jp/law/428AC1000000029/20281223_508AC0000000046
325AC0000000226,地方税法,20290101,金融商品取引法及び資金決済に関する法律の一部を改正する法律（令和八年法律第六十四号）の施行の日の属する年の翌々年の一月一日,地方税法等の一部を改正する法律,令和八年法律第二号,令和八年三月三十一日,20290101_508AC0000000002,https://laws.e-gov.go.jp/law/325AC0000000226/20290101_508AC0000000002
325CO0000000245,地方税法施行令,20290101,金融商品取引法及び資金決済に関する法律の一部を改正する法律（令和八年法律第六十四号）の施行の日の属する年の翌々年の一月一日,地方税法施行令等の一部を改正する政令,令和八年政令第八十三号,令和八年三月三十一日,20290101_508CO0000000083,https://laws.e-gov.go.jp/law/325CO0000000245/20290101_508CO0000000083
329M50000002023,地方税法施行規則,20290101,金融商品取引法及び資金決済に関する法律の一部を改正する法律（令和八年法律第六十四号）の施行の日の属する年の翌々年の一月一日,地方税法施行規則の一部を改正する省令,令和八年総務省令第八十九号,令和八年七月二十一日,20290101_508M60000008089,https://laws.e-gov.go.jp/law/329M50000002023/20290101_508M60000008089
349M50000500001,新規化学物質の製造又は輸入に係る届出等に関する省令,20290101,,新規化学物質の製造又は輸入に係る届出等に関する省令の一部を改正する省令,令和七年厚生労働省・経済産業省・環境省令第二号,令和七年十月八日,20290101_507M60001500002,https://laws.e-gov.go.jp/law/349M50000500001/20290101_507M60001500002
327AC1000000286,法廷等の秩序維持に関する法律,20290330,前号に掲げる規定の施行の日又は附則第三条第一項に規定する特定日のいずれか遅い日,情報通信技術の進展等に対応するための刑事訴訟法等の一部を改正する法律,令和七年法律第三十九号,令和七年五月二十三日,20290330_507AC0000000039,https://laws.e-gov.go.jp/law/327AC1000000286/20290330_507AC0000000039
326CO0000000319,出入国管理及び難民認定法,20290331,令和十一年三月三十一日までの間において政令で定める日,出入国管理及び難民認定法及び出入国管理及び難民認定法第二条第五号ロの旅券を所持する外国人の上陸申請の特例に関する法律の一部を改正する法律,令和八年法律第三十二号,令和八年六月五日,20290331_508AC0000000032,https://laws.e-gov.go.jp/law/326CO0000000319/20290331_508AC0000000032
342AC0000000081,住民基本台帳法,20290331,令和十一年三月三十一日までの間において政令で定める日,出入国管理及び難民認定法及び出入国管理及び難民認定法第二条第五号ロの旅券を所持する外国人の上陸申請の特例に関する法律の一部を改正する法律,令和八年法律第三十二号,令和八年六月五日,20290331_508AC0000000032,https://laws.e-gov.go.jp/law/342AC0000000081/20290331_508AC0000000032
362AC0000000029,外国医師等が行う臨床修練等に係る医師法第十七条等の特例等に関する法律,20290331,令和十一年三月三十一日までの間において政令で定める日,出入国管理及び難民認定法及び出入国管理及び難民認定法第二条第五号ロの旅券を所持する外国人の上陸申請の特例に関する法律の一部を改正する法律,令和八年法律第三十二号,令和八年六月五日,20290331_508AC0000000032,https://laws.e-gov.go.jp/law/362AC0000000029/20290331_508AC0000000032
417AC1000000096,出入国管理及び難民認定法第二条第五号ロの旅券を所持する外国人の上陸申請の特例に関する法律,20290331,令和十一年三月三十一日までの間において政令で定める日,出入国管理及び難民認定法及び出入国管理及び難民認定法第二条第五号ロの旅券を所持する外国人の上陸申請の特例に関する法律の一部を改正する法律,令和八年法律第三十二号,令和八年六月五日,20290331_508AC0000000032,https://laws.e-gov.go.jp/law/417AC1000000096/20290331_508AC0000000032
425AC0000000107,国家戦略特別区域法,20290331,令和十一年三月三十一日までの間において政令で定める日,出入国管理及び難民認定法及び出入国管理及び難民認定法第二条第五号ロの旅券を所持する外国人の上陸申請の特例に関する法律の一部を改正する法律,令和八年法律第三十二号,令和八年六月五日,20290331_508AC0000000032,https://laws.e-gov.go.jp/law/425AC0000000107/20290331_508AC0000000032
323M40000100050,医療法施行規則,20290401,,医療法施行規則の一部を改正する省令,令和八年厚生労働省令第二十七号,令和八年三月十九日,20290401_508M60000100027,https://laws.e-gov.go.jp/law/323M40000100050/20290401_508M60000100027
325AC0000000226,地方税法,20290401,,地方税法等の一部を改正する法律,令和八年法律第二号,令和八年三月三十一日,20290401_508AC0000000002,https://laws.e-gov.go.jp/law/325AC0000000226/20290401_508AC0000000002
325CO0000000245,地方税法施行令,20290401,,地方税法施行令等の一部を改正する政令,令和八年政令第八十三号,令和八年三月三十一日,20290401_508CO0000000083,https://laws.e-gov.go.jp/law/325CO0000000245/20290401_508CO0000000083
329AC0000000115,厚生年金保険法,20290401,,社会経済の変化を踏まえた年金制度の機能強化のための国民年金法等の一部を改正する等の法律,令和七年法律第七十四号,令和七年六月二十日,20290401_507AC0000000074,https://laws.e-gov.go.jp/law/329AC0000000115/20290401_507AC0000000074
329M50000002023,地方税法施行規則,20290401,,地方税法施行規則の一部を改正する省令,令和八年総務省令第四十七号,令和八年三月三十一日,20290401_508M60000008047,https://laws.e-gov.go.jp/law/329M50000002023/20290401_508M60000008047
337M50000800049,指定自動車整備事業規則,20290401,,自動車整備士技能検定規則等の一部を改正する省令,令和七年国土交通省令第八十二号,令和七年七月八日,20290401_507M60000800082,https://laws.e-gov.go.jp/law/337M50000800049/20290401_507M60000800082
427M60000400029,経済産業省関係フロン類の使用の合理化及び管理の適正化に関する法律施行規則,20290401,,経済産業省関係フロン類の使用の合理化及び管理の適正化に関する法律施行規則の一部を改正する省令,令和六年経済産業省令第六十五号,令和六年十月一日,20290401_506M60000400065,https://laws.e-gov.go.jp/law/427M60000400029/20290401_506M60000400065
425AC0000000027,行政手続における特定の個人を識別するための番号の利用等に関する法律,20290606,公布の日から起算して五年を超えない範囲内において政令で定める日,情報通信技術の活用による行政手続等に係る関係者の利便性の向上並びに行政運営の簡素化及び効率化を図るためのデジタル社会形成基本法等の一部を改正する法律,令和六年法律第四十六号,令和六年六月七日,20290606_506AC0000000046,https://laws.e-gov.go.jp/law/425AC0000000027/20290606_506AC0000000046
329AC0000000115,厚生年金保険法,20290619,公布の日から起算して四年を超えない範囲内において政令で定める日,社会経済の変化を踏まえた年金制度の機能強化のための国民年金法等の一部を改正する等の法律,令和七年法律第七十四号,令和七年六月二十日,20290619_507AC0000000074,https://laws.e-gov.go.jp/law/329AC0000000115/20290619_507AC0000000074
334AC0000000141,国民年金法,20290619,公布の日から起算して四年を超えない範囲内において政令で定める日,社会経済の変化を踏まえた年金制度の機能強化のための国民年金法等の一部を改正する等の法律,令和七年法律第七十四号,令和七年六月二十日,20290619_507AC0000000074,https://laws.e-gov.go.jp/law/334AC0000000141/20290619_507AC0000000074
129AC0000000089,民法,20290623,公布の日から起算して三年を超えない範囲内において政令で定める日,民法等の一部を改正する法律,令和八年法律第四十五号,令和八年六月二十四日,20290623_508AC0000000045,https://laws.e-gov.go.jp/law/129AC0000000089/20290623_508AC0000000045
345AC0000000048,著作権法,20290623,公布の日から起算して三年を超えない範囲内において政令で定める日,著作権法の一部を改正する法律,令和八年法律第四十八号,令和八年六月二十四日,20290623_508AC0000000048,https://laws.e-gov.go.jp/law/345AC0000000048/20290623_508AC0000000048
412AC0000000131,著作権等管理事業法,20290623,公布の日から起算して三年を超えない範囲内において政令で定める日,著作権法の一部を改正する法律,令和八年法律第四十八号,令和八年六月二十四日,20290623_508AC0000000048,https://laws.e-gov.go.jp/law/412AC0000000131/20290623_508AC0000000048
414AC0000000189,構造改革特別区域法,20290623,公布の日から起算して三年を超えない範囲内において政令で定める日,著作権法の一部を改正する法律,令和八年法律第四十八号,令和八年六月二十四日,20290623_508AC0000000048,https://laws.e-gov.go.jp/law/414AC0000000189/20290623_508AC0000000048
420AC0100000081,障害のある児童及び生徒のための教科用特定図書等の普及の促進等に関する法律,20290623,公布の日から起算して三年を超えない範囲内において政令で定める日,著作権法の一部を改正する法律,令和八年法律第四十八号,令和八年六月二十四日,20290623_508AC0000000048,https://laws.e-gov.go.jp/law/420AC0100000081/20290623_508AC0000000048
430AC0000000073,法務局における遺言書の保管等に関する法律,20290623,公布の日から起算して三年を超えない範囲内において政令で定める日,民法等の一部を改正する法律,令和八年法律第四十五号,令和八年六月二十四日,20290623_508AC0000000045,https://laws.e-gov.go.jp/law/430AC0000000073/20290623_508AC0000000045
211AC0000000070,健康保険法,20290624,公布の日から起算して三年を超えない範囲内において政令で定める日,社会福祉法等の一部を改正する法律,令和八年法律第五十一号,令和八年六月二十五日,20290624_508AC0000000051,https://laws.e-gov.go.jp/law/211AC0000000070/20290624_508AC0000000051
314AC0000000073,船員保険法,20290624,公布の日から起算して三年を超えない範囲内において政令で定める日,社会福祉法等の一部を改正する法律,令和八年法律第五十一号,令和八年六月二十五日,20290624_508AC0000000051,https://laws.e-gov.go.jp/law/314AC0000000073/20290624_508AC0000000051
322AC0000000132,農業協同組合法,20290624,公布の日から起算して三年を超えない範囲内において政令で定める日,社会福祉法等の一部を改正する法律,令和八年法律第五十一号,令和八年六月二十五日,20290624_508AC0000000051,https://laws.e-gov.go.jp/law/322AC0000000132/20290624_508AC0000000051
322AC0000000164,児童福祉法,20290624,公布の日から起算して三年を超えない範囲内において政令で定める日,社会福祉法等の一部を改正する法律,令和八年法律第五十一号,令和八年六月二十五日,20290624_508AC0000000051,https://laws.e-gov.go.jp/law/322AC0000000164/20290624_508AC0000000051
325AC0000000144,生活保護法,20290624,公布の日から起算して三年を超えない範囲内において政令で定める日,社会福祉法等の一部を改正する法律,令和八年法律第五十一号,令和八年六月二十五日,20290624_508AC0000000051,https://laws.e-gov.go.jp/law/325AC0000000144/20290624_508AC0000000051
325AC0000000226,地方税法,20290624,公布の日から起算して三年を超えない範囲内において政令で定める日,社会福祉法等の一部を改正する法律,令和八年法律第五十一号,令和八年六月二十五日,20290624_508AC0000000051,https://laws.e-gov.go.jp/law/325AC0000000226/20290624_508AC0000000051
325AC0100000123,精神保健及び精神障害者福祉に関する法律,20290624,公布の日から起算して三年を超えない範囲内において政令で定める日,社会福祉法等の一部を改正する法律,令和八年法律第五十一号,令和八年六月二十五日,20290624_508AC0000000051,https://laws.e-gov.go.jp/law/325AC0100000123/20290624_508AC0000000051
326AC0000000045,社会福祉法,20290624,公布の日から起算して三年を超えない範囲内において政令で定める日,社会福祉法等の一部を改正する法律,令和八年法律第五十一号,令和八年六月二十五日,20290624_508AC0000000051,https://laws.e-gov.go.jp/law/326AC0000000045/20290624_508AC0000000051
333AC0000000128,国家公務員共済組合法,20290624,公布の日から起算して三年を超えない範囲内において政令で定める日,社会福祉法等の一部を改正する法律,令和八年法律第五十一号,令和八年六月二十五日,20290624_508AC0000000051,https://laws.e-gov.go.jp/law/333AC0000000128/20290624_508AC0000000051
333AC0000000192,国民健康保険法,20290624,公布の日から起算して三年を超えない範囲内において政令で定める日,社会福祉法等の一部を改正する法律,令和八年法律第五十一号,令和八年六月二十五日,20290624_508AC0000000051,https://laws.e-gov.go.jp/law/333AC0000000192/20290624_508AC0000000051
337AC0000000152,地方公務員等共済組合法,20290624,公布の日から起算して三年を超えない範囲内において政令で定める日,社会福祉法等の一部を改正する法律,令和八年法律第五十一号,令和八年六月二十五日,20290624_508AC0000000051,https://laws.e-gov.go.jp/law/337AC0000000152/20290624_508AC0000000051
338AC0000000133,老人福祉法,20290624,公布の日から起算して三年を超えない範囲内において政令で定める日,社会福祉法等の一部を改正する法律,令和八年法律第五十一号,令和八年六月二十五日,20290624_508AC0000000051,https://laws.e-gov.go.jp/law/338AC0000000133/20290624_508AC0000000051
342AC0000000035,登録免許税法,20290624,公布の日から起算して三年を超えない範囲内において政令で定める日,社会福祉法等の一部を改正する法律,令和八年法律第五十一号,令和八年六月二十五日,20290624_508AC0000000051,https://laws.e-gov.go.jp/law/342AC0000000035/20290624_508AC0000000051
357AC0000000080,高齢者の医療の確保に関する法律,20290624,公布の日から起算して三年を超えない範囲内において政令で定める日,社会福祉法等の一部を改正する法律,令和八年法律第五十一号,令和八年六月二十五日,20290624_508AC0000000051,https://laws.e-gov.go.jp/law/357AC0000000080/20290624_508AC0000000051
403AC0000000069,地価税法,20290624,公布の日から起算して三年を超えない範囲内において政令で定める日,社会福祉法等の一部を改正する法律,令和八年法律第五十一号,令和八年六月二十五日,20290624_508AC0000000051,https://laws.e-gov.go.jp/law/403AC0000000069/20290624_508AC0000000051
404AC0000000086,看護師等の人材確保の促進に関する法律,20290624,公布の日から起算して三年を超えない範囲内において政令で定める日,社会福祉法等の一部を改正する法律,令和八年法律第五十一号,令和八年六月二十五日,20290624_508AC0000000051,https://laws.e-gov.go.jp/law/404AC0000000086/20290624_508AC0000000051
409AC0000000123,介護保険法,20290624,公布の日から起算して三年を超えない範囲内において政令で定める日,社会福祉法等の一部を改正する法律,令和八年法律第五十一号,令和八年六月二十五日,20290624_508AC0000000051,https://laws.e-gov.go.jp/law/409AC0000000123/20290624_508AC0000000051
417AC0000000071,独立行政法人地域医療機能推進機構法,20290624,公布の日から起算して三年を超えない範囲内において政令で定める日,社会福祉法等の一部を改正する法律,令和八年法律第五十一号,令和八年六月二十五日,20290624_508AC0000000051,https://laws.e-gov.go.jp/law/417AC0000000071/20290624_508AC0000000051
417AC0000000123,障害者の日常生活及び社会生活を総合的に支援するための法律,20290624,公布の日から起算して三年を超えない範囲内において政令で定める日,社会福祉法等の一部を改正する法律,令和八年法律第五十一号,令和八年六月二十五日,20290624_508AC0000000051,https://laws.e-gov.go.jp/law/417AC0000000123/20290624_508AC0000000051
417AC1000000124,高齢者虐待の防止、高齢者の養護者に対する支援等に関する法律,20290624,公布の日から起算して三年を超えない範囲内において政令で定める日,社会福祉法等の一部を改正する法律,令和八年法律第五十一号,令和八年六月二十五日,20290624_508AC0000000051,https://laws.e-gov.go.jp/law/417AC1000000124/20290624_508AC0000000051
418AC0000000116,道州制特別区域における広域行政の推進に関する法律,20290624,公布の日から起算して三年を超えない範囲内において政令で定める日,社会福祉法等の一部を改正する法律,令和八年法律第五十一号,令和八年六月二十五日,20290624_508AC0000000051,https://laws.e-gov.go.jp/law/418AC0000000116/20290624_508AC0000000051
423AC0000000040,東日本大震災に対処するための特別の財政援助及び助成に関する法律,20290624,公布の日から起算して三年を超えない範囲内において政令で定める日,社会福祉法等の一部を改正する法律,令和八年法律第五十一号,令和八年六月二十五日,20290624_508AC0000000051,https://laws.e-gov.go.jp/law/423AC0000000040/20290624_508AC0000000051
325AC1000000202,建築士法,20290730,公布の日から起算して三年を超えない範囲内において政令で定める日,建築士法の一部を改正する法律,令和八年法律第七十四号,令和八年七月三十一日,20290730_508AC1000000074,https://laws.e-gov.go.jp/law/325AC1000000202/20290730_508AC1000000074
328AC0000000245,私立学校教職員共済法,20290901,,社会経済の変化を踏まえた年金制度の機能強化のための国民年金法等の一部を改正する等の法律,令和七年法律第七十四号,令和七年六月二十日,20290901_507AC0000000074,https://laws.e-gov.go.jp/law/328AC0000000245/20290901_507AC0000000074
329AC0000000115,厚生年金保険法,20290901,,社会経済の変化を踏まえた年金制度の機能強化のための国民年金法等の一部を改正する等の法律,令和七年法律第七十四号,令和七年六月二十日,20290901_507AC0000000074,https://laws.e-gov.go.jp/law/329AC0000000115/20290901_507AC0000000074
333AC0000000128,国家公務員共済組合法,20290901,,社会経済の変化を踏まえた年金制度の機能強化のための国民年金法等の一部を改正する等の法律,令和七年法律第七十四号,令和七年六月二十日,20290901_507AC0000000074,https://laws.e-gov.go.jp/law/333AC0000000128/20290901_507AC0000000074
337AC0000000152,地方公務員等共済組合法,20290901,,社会経済の変化を踏まえた年金制度の機能強化のための国民年金法等の一部を改正する等の法律,令和七年法律第七十四号,令和七年六月二十日,20290901_507AC0000000074,https://laws.e-gov.go.jp/law/337AC0000000152/20290901_507AC0000000074
211AC0000000070,健康保険法,20291001,,社会経済の変化を踏まえた年金制度の機能強化のための国民年金法等の一部を改正する等の法律,令和七年法律第七十四号,令和七年六月二十日,20291001_507AC0000000074,https://laws.e-gov.go.jp/law/211AC0000000070/20291001_507AC0000000074
329AC0000000115,厚生年金保険法,20291001,,社会経済の変化を踏まえた年金制度の機能強化のための国民年金法等の一部を改正する等の法律,令和七年法律第七十四号,令和七年六月二十日,20291001_507AC0000000074,https://laws.e-gov.go.jp/law/329AC0000000115/20291001_507AC0000000074
414AC0000000127,独立行政法人農業者年金基金法,20291001,,社会経済の変化を踏まえた年金制度の機能強化のための国民年金法等の一部を改正する等の法律,令和七年法律第七十四号,令和七年六月二十日,20291001_507AC0000000074,https://laws.e-gov.go.jp/law/414AC0000000127/20291001_507AC0000000074
342AC0000000023,印紙税法,20291211,医療法等の一部を改正する法律（令和七年法律第八十七号）附則第一条第十号に掲げる規定の施行の日,所得税法等の一部を改正する法律,令和七年法律第十三号,令和七年三月三十一日,20291211_507AC0000000013,https://laws.e-gov.go.jp/law/342AC0000000023/20291211_507AC0000000013
342AC0000000081,住民基本台帳法,20291211,公布の日から起算して四年を超えない範囲内において政令で定める日,医療法等の一部を改正する法律,令和七年法律第八十七号,令和七年十二月十二日,20291211_507AC0000000087,https://laws.e-gov.go.jp/law/342AC0000000081/20291211_507AC0000000087
411AC0000000097,厚生労働省設置法,20291211,公布の日から起算して四年を超えない範囲内において政令で定める日,医療法等の一部を改正する法律,令和七年法律第八十七号,令和七年十二月十二日,20291211_507AC0000000087,https://laws.e-gov.go.jp/law/411AC0000000097/20291211_507AC0000000087
414AC0000000103,健康増進法,20291211,公布の日から起算して四年を超えない範囲内において政令で定める日,医療法等の一部を改正する法律,令和七年法律第八十七号,令和七年十二月十二日,20291211_507AC0000000087,https://laws.e-gov.go.jp/law/414AC0000000103/20291211_507AC0000000087
332AC0000000026,租税特別措置法,20300101,,所得税法等の一部を改正する法律,令和五年法律第三号,令和五年三月三十一日,20300101_505AC0000000003,https://laws.e-gov.go.jp/law/332AC0000000026/20300101_505AC0000000003
332M50000040015,租税特別措置法施行規則,20300101,,租税特別措置法施行規則等の一部を改正する省令,令和五年財務省令第十九号,令和五年三月三十一日,20300101_505M60000040019,https://laws.e-gov.go.jp/law/332M50000040015/20300101_505M60000040019
422CO0000000067,租税特別措置の適用状況の透明化等に関する法律施行令,20300101,,租税特別措置の適用状況の透明化等に関する法律施行令の一部を改正する政令,令和五年政令第百五十号,令和五年三月三十一日,20300101_505CO0000000150,https://laws.e-gov.go.jp/law/422CO0000000067/20300101_505CO0000000150
340AC0000000100,戦没者等の遺族に対する特別弔慰金支給法,20300401,,戦没者等の遺族に対する特別弔慰金支給法の一部を改正する法律,令和七年法律第十八号,令和七年三月三十一日,20300401_507AC0000000018,https://laws.e-gov.go.jp/law/340AC0000000100/20300401_507AC0000000018
347AC0000000057,労働安全衛生法,20300401,,労働安全衛生法及び作業環境測定法の一部を改正する法律,令和七年法律第三十三号,令和七年五月十四日,20300401_507AC0000000033,https://laws.e-gov.go.jp/law/347AC0000000057/20300401_507AC0000000033
325AC0000000226,地方税法,20300619,公布の日から起算して五年を超えない範囲内において政令で定める日,社会経済の変化を踏まえた年金制度の機能強化のための国民年金法等の一部を改正する等の法律,令和七年法律第七十四号,令和七年六月二十日,20300619_507AC0000000074,https://laws.e-gov.go.jp/law/325AC0000000226/20300619_507AC0000000074
328AC0000000206,社会保険審査官及び社会保険審査会法,20300619,公布の日から起算して五年を超えない範囲内において政令で定める日,社会経済の変化を踏まえた年金制度の機能強化のための国民年金法等の一部を改正する等の法律,令和七年法律第七十四号,令和七年六月二十日,20300619_507AC0000000074,https://laws.e-gov.go.jp/law/328AC0000000206/20300619_507AC0000000074
340AC0000000033,所得税法,20300619,公布の日から起算して五年を超えない範囲内において政令で定める日,社会経済の変化を踏まえた年金制度の機能強化のための国民年金法等の一部を改正する等の法律,令和七年法律第七十四号,令和七年六月二十日,20300619_507AC0000000074,https://laws.e-gov.go.jp/law/340AC0000000033/20300619_507AC0000000074
340AC0000000034,法人税法,20300619,公布の日から起算して五年を超えない範囲内において政令で定める日,社会経済の変化を踏まえた年金制度の機能強化のための国民年金法等の一部を改正する等の法律,令和七年法律第七十四号,令和七年六月二十日,20300619_507AC0000000074,https://laws.e-gov.go.jp/law/340AC0000000034/20300619_507AC0000000074
342AC0000000035,登録免許税法,20300619,公布の日から起算して五年を超えない範囲内において政令で定める日,社会経済の変化を踏まえた年金制度の機能強化のための国民年金法等の一部を改正する等の法律,令和七年法律第七十四号,令和七年六月二十日,20300619_507AC0000000074,https://laws.e-gov.go.jp/law/342AC0000000035/20300619_507AC0000000074
342AC0000000081,住民基本台帳法,20300619,公布の日から起算して五年を超えない範囲内において政令で定める日,社会経済の変化を踏まえた年金制度の機能強化のための国民年金法等の一部を改正する等の法律,令和七年法律第七十四号,令和七年六月二十日,20300619_507AC0000000074,https://laws.e-gov.go.jp/law/342AC0000000081/20300619_507AC0000000074
343AC1000000089,社会保険労務士法,20300619,公布の日から起算して五年を超えない範囲内において政令で定める日,社会経済の変化を踏まえた年金制度の機能強化のための国民年金法等の一部を改正する等の法律,令和七年法律第七十四号,令和七年六月二十日,20300619_507AC0000000074,https://laws.e-gov.go.jp/law/343AC1000000089/20300619_507AC0000000074
363AC0000000108,消費税法,20300619,公布の日から起算して五年を超えない範囲内において政令で定める日,社会経済の変化を踏まえた年金制度の機能強化のための国民年金法等の一部を改正する等の法律,令和七年法律第七十四号,令和七年六月二十日,20300619_507AC0000000074,https://laws.e-gov.go.jp/law/363AC0000000108/20300619_507AC0000000074
411AC0000000097,厚生労働省設置法,20300619,公布の日から起算して五年を超えない範囲内において政令で定める日,社会経済の変化を踏まえた年金制度の機能強化のための国民年金法等の一部を改正する等の法律,令和七年法律第七十四号,令和七年六月二十日,20300619_507AC0000000074,https://laws.e-gov.go.jp/law/411AC0000000097/20300619_507AC0000000074
412AC0000000101,金融サービスの提供及び利用環境の整備等に関する法律,20300619,公布の日から起算して五年を超えない範囲内において政令で定める日,社会経済の変化を踏まえた年金制度の機能強化のための国民年金法等の一部を改正する等の法律,令和七年法律第七十四号,令和七年六月二十日,20300619_507AC0000000074,https://laws.e-gov.go.jp/law/412AC0000000101/20300619_507AC0000000074
413AC0000000050,確定給付企業年金法,20300619,公布の日から起算して五年を超えない範囲内において政令で定める日,社会経済の変化を踏まえた年金制度の機能強化のための国民年金法等の一部を改正する等の法律,令和七年法律第七十四号,令和七年六月二十日,20300619_507AC0000000074,https://laws.e-gov.go.jp/law/413AC0000000050/20300619_507AC0000000074
413AC0000000088,確定拠出年金法,20300619,公布の日から起算して五年を超えない範囲内において政令で定める日,社会経済の変化を踏まえた年金制度の機能強化のための国民年金法等の一部を改正する等の法律,令和七年法律第七十四号,令和七年六月二十日,20300619_507AC0000000074,https://laws.e-gov.go.jp/law/413AC0000000088/20300619_507AC0000000074
425AC0000000027,行政手続における特定の個人を識別するための番号の利用等に関する法律,20300619,公布の日から起算して五年を超えない範囲内において政令で定める日,社会経済の変化を踏まえた年金制度の機能強化のための国民年金法等の一部を改正する等の法律,令和七年法律第七十四号,令和七年六月二十日,20300619_507AC0000000074,https://laws.e-gov.go.jp/law/425AC0000000027/20300619_507AC0000000074
423AC1000000078,スポーツ基本法,20310101,,スポーツ基本法及びスポーツにおけるドーピングの防止活動の推進に関する法律の一部を改正する法律,令和七年法律第七十一号,令和七年六月二十日,20310101_507AC1000000071,https://laws.e-gov.go.jp/law/423AC1000000078/20310101_507AC1000000071
423CO0000000232,スポーツ基本法施行令,20310101,,スポーツ基本法施行令及び文部科学省組織令の一部を改正する政令,令和七年政令第三百三号,令和七年八月二十日,20310101_507CO0000000303,https://laws.e-gov.go.jp/law/423CO0000000232/20310101_507CO0000000303
322AC0000000067,地方自治法,20310604,公布の日から起算して五年を超えない範囲内において政令で定める日,健康保険法等の一部を改正する法律,令和八年法律第三十一号,令和八年六月五日,20310604_508AC0000000031,https://laws.e-gov.go.jp/law/322AC0000000067/20310604_508AC0000000031
342AC0000000081,住民基本台帳法,20310604,公布の日から起算して五年を超えない範囲内において政令で定める日,健康保険法等の一部を改正する法律,令和八年法律第三十一号,令和八年六月五日,20310604_508AC0000000031,https://laws.e-gov.go.jp/law/342AC0000000081/20310604_508AC0000000031
357AC0000000080,高齢者の医療の確保に関する法律,20310604,公布の日から起算して五年を超えない範囲内において政令で定める日,健康保険法等の一部を改正する法律,令和八年法律第三十一号,令和八年六月五日,20310604_508AC0000000031,https://laws.e-gov.go.jp/law/357AC0000000080/20310604_508AC0000000031
322AC0000000050,労働者災害補償保険法,20310716,公布の日から起算して五年を超えない範囲内において政令で定める日,労働者災害補償保険法等の一部を改正する法律,令和八年法律第六十号,令和八年七月十七日,20310716_508AC0000000060,https://laws.e-gov.go.jp/law/322AC0000000050/20310716_508AC0000000060
325AC0000000061,国等の債権債務等の金額の端数計算に関する法律,20310716,公布の日から起算して五年を超えない範囲内において政令で定める日,労働者災害補償保険法等の一部を改正する法律,令和八年法律第六十号,令和八年七月十七日,20310716_508AC0000000060,https://laws.e-gov.go.jp/law/325AC0000000061/20310716_508AC0000000060
344AC0000000085,失業保険法及び労働者災害補償保険法の一部を改正する法律及び労働保険の保険料の徴収等に関する法律の施行に伴う関係法律の整備等に関する法律,20310716,公布の日から起算して五年を超えない範囲内において政令で定める日,労働者災害補償保険法等の一部を改正する法律,令和八年法律第六十号,令和八年七月十七日,20310716_508AC0000000060,https://laws.e-gov.go.jp/law/344AC0000000085/20310716_508AC0000000060
346AC0000000129,沖縄の復帰に伴う特別措置に関する法律,20310716,公布の日から起算して五年を超えない範囲内において政令で定める日,労働者災害補償保険法等の一部を改正する法律,令和八年法律第六十号,令和八年七月十七日,20310716_508AC0000000060,https://laws.e-gov.go.jp/law/346AC0000000129/20310716_508AC0000000060
419AC0000000023,特別会計に関する法律,20310716,公布の日から起算して五年を超えない範囲内において政令で定める日,労働者災害補償保険法等の一部を改正する法律,令和八年法律第六十号,令和八年七月十七日,20310716_508AC0000000060,https://laws.e-gov.go.jp/law/419AC0000000023/20310716_508AC0000000060
346AC0000000129,沖縄の復帰に伴う特別措置に関する法律,20320515,,沖縄振興特別措置法等の一部を改正する法律,令和四年法律第七号,令和四年三月三十一日,20320515_504AC0000000007,https://laws.e-gov.go.jp/law/346AC0000000129/20320515_504AC0000000007
347CO0000000151,沖縄の復帰に伴う国税関係法令の適用の特別措置等に関する政令,20320515,,沖縄の復帰に伴う国税関係法令の適用の特別措置等に関する政令の一部を改正する政令,令和四年政令第百七十三号,令和四年四月八日,20320515_504CO0000000173,https://laws.e-gov.go.jp/law/347CO0000000151/20320515_504CO0000000173
347M50000040042,沖縄の復帰に伴う国税関係法令の適用の特別措置等に関する省令,20320515,,沖縄の復帰に伴う国税関係法令の適用の特別措置等に関する省令の一部を改正する省令,令和四年財務省令第三十八号,令和四年四月八日,20320515_504M60000040038,https://laws.e-gov.go.jp/law/347M50000040042/20320515_504M60000040038
414AC0000000189,構造改革特別区域法,20320515,,沖縄振興特別措置法等の一部を改正する法律,令和四年法律第七号,令和四年三月三十一日,20320515_504AC0000000007,https://laws.e-gov.go.jp/law/414AC0000000189/20320515_504AC0000000007
415CO0000000078,構造改革特別区域法施行令,20320515,,沖縄の復帰に伴う国税関係法令の適用の特別措置等に関する政令の一部を改正する政令,令和四年政令第百七十三号,令和四年四月八日,20320515_504CO0000000173,https://laws.e-gov.go.jp/law/415CO0000000078/20320515_504CO0000000173
325AC0000000211,地方交付税法,20340401,,地方税法等の一部を改正する法律,平成三十一年法律第二号,平成三十一年三月二十九日,20340401_431AC0000000002,https://laws.e-gov.go.jp/law/325AC0000000211/20340401_431AC0000000002
329CO0000000051,国税収納金整理資金に関する法律施行令,20340401,,地方揮発油税法施行令等の一部を改正する政令,平成三十一年政令第百号,平成三十一年三月二十九日,20340401_431CO0000000100,https://laws.e-gov.go.jp/law/329CO0000000051/20340401_431CO0000000100
330AC0000000104,地方揮発油税法,20340401,,所得税法等の一部を改正する法律,平成三十一年法律第六号,平成三十一年三月二十九日,20340401_431AC0000000006,https://laws.e-gov.go.jp/law/330AC0000000104/20340401_431AC0000000006
330AC0000000113,地方揮発油譲与税法,20340401,,地方税法等の一部を改正する法律,平成三十一年法律第二号,平成三十一年三月二十九日,20340401_431AC0000000002,https://laws.e-gov.go.jp/law/330AC0000000113/20340401_431AC0000000002
330CO0000000151,地方揮発油税法施行令,20340401,,地方揮発油税法施行令等の一部を改正する政令,平成三十一年政令第百号,平成三十一年三月二十九日,20340401_431CO0000000100,https://laws.e-gov.go.jp/law/330CO0000000151/20340401_431CO0000000100
331M50000002007,地方揮発油譲与税法施行規則,20340401,,地方税法施行規則等の一部を改正する省令,平成三十一年総務省令第三十九号,平成三十一年三月二十九日,20340401_431M60000008039,https://laws.e-gov.go.jp/law/331M50000002007/20340401_431M60000008039
331M50000002007,地方揮発油譲与税法施行規則,20340401,,地方揮発油譲与税法施行規則及び自動車重量譲与税法施行規則の一部を改正する省令,令和三年総務省令第十三号,令和三年二月二十六日,20340401_503M60000008013,https://laws.e-gov.go.jp/law/331M50000002007/20340401_503M60000008013
332AC0000000055,揮発油税法,20340401,,所得税法等の一部を改正する法律,平成三十一年法律第六号,平成三十一年三月二十九日,20340401_431AC0000000006,https://laws.e-gov.go.jp/law/332AC0000000055/20340401_431AC0000000006
346AC0000000090,自動車重量譲与税法,20340401,,地方税法等の一部を改正する法律,平成三十一年法律第二号,平成三十一年三月二十九日,20340401_431AC0000000002,https://laws.e-gov.go.jp/law/346AC0000000090/20340401_431AC0000000002
346AC0000000090,自動車重量譲与税法,20350401,,地方税法等の一部を改正する法律,平成三十一年法律第二号,平成三十一年三月二十九日,20350401_431AC0000000002,https://laws.e-gov.go.jp/law/346AC0000000090/20350401_431AC0000000002
335AC0000000036,関税暫定措置法,21171230,環太平洋パートナーシップ協定が日本国について効力を生ずる日の前日,環太平洋パートナーシップ協定の締結に伴う関係法律の整備に関する法律,平成二十八年法律第百八号,平成二十八年十二月十六日,21171230_428AC0000000108,https://laws.e-gov.go.jp/law/335AC0000000036/21171230_428AC0000000108
340CO0000000282,砂糖及びでん粉の価格調整に関する法律施行令,21171230,環太平洋パートナーシップ協定が日本国について効力を生ずる日の前日,畜産物の価格安定に関する法律施行令等の一部を改正する政令,平成二十九年政令第七号,平成二十九年一月二十五日,21171230_429CO0000000007,https://laws.e-gov.go.jp/law/340CO0000000282/21171230_429CO0000000007
412CO0000000250,財務省組織令,21171230,経済協力開発機構金融支援基金への加盟に伴う措置に関する法律（昭和五十一年法律第三十八号）の施行の日,中央省庁等改革のための財務省関係政令等の整備に関する政令,平成十二年政令第三百七号,平成十二年六月七日,21171230_412CO0000000307,https://laws.e-gov.go.jp/law/412CO0000000250/21171230_412CO0000000307
309M10001000006,船舶設備規程,21171231,千九百七十七年の漁船の安全のためのトレモリノス国際条約に関する千九百九十三年のトレモリノス議定書の規定の実施に関する二千十二年のケープタウン協定が日本国について効力を生ずる日,船舶設備規程等の一部を改正する省令,令和五年国土交通省令第八号,令和五年三月十日,21171231_505M60000800008,https://laws.e-gov.go.jp/law/309M10001000006/21171231_505M60000800008
309M10011000001,漁船特殊規程,21171231,千九百七十七年の漁船の安全のためのトレモリノス国際条約に関する千九百九十三年のトレモリノス議定書の規定の実施に関する二千十二年のケープタウン協定が日本国について効力を生ずる日,漁船特殊規程の一部を改正する省令,令和五年農林水産省・国土交通省令第二号,令和五年三月十日,21171231_505M60000A00002,https://laws.e-gov.go.jp/law/309M10011000001/21171231_505M60000A00002
322CO0000000016,地方自治法施行令,21171231,環太平洋パートナーシップ協定が日本国について効力を生ずる日の前日,畜産物の価格安定に関する法律施行令等の一部を改正する政令,平成二十九年政令第七号,平成二十九年一月二十五日,21171231_429CO0000000007,https://laws.e-gov.go.jp/law/322CO0000000016/21171231_429CO0000000007
322M40000800023,船員法施行規則,21171231,千九百七十七年の漁船の安全のためのトレモリノス国際条約に関する千九百九十三年のトレモリノス議定書の規定の実施に関する二千十二年のケープタウン協定が日本国について効力を生ずる日,船員法施行規則の一部を改正する省令,令和四年国土交通省令第七十四号,令和四年十月十一日,21171231_504M60000800074,https://laws.e-gov.go.jp/law/322M40000800023/21171231_504M60000800074
324AC0000000252,特別職の職員の給与に関する法律,21171231,この法律の施行の日又は政府の政策決定過程における政治主導の確立のための内閣法等の一部を改正する法律（平成二十二年法律第　　　号）の施行の日のいずれか遅い日,特別職の職員の給与に関する法律等の一部を改正する法律,平成二十二年法律第五十四号,平成二十二年十一月三十日,21171231_422AC0000000054,https://laws.e-gov.go.jp/law/324AC0000000252/21171231_422AC0000000054
325CO0000000245,地方税法施行令,21171231,日本国の自衛隊とオランダ王国の軍隊との間における物品又は役務の相互の提供に関する日本国政府とオランダ王国政府との間の協定の効力発生の日,地方税法施行令の一部を改正する政令,令和八年政令第二百五十一号,令和八年八月七日,21171231_508CO0000000251,https://laws.e-gov.go.jp/law/325CO0000000245/21171231_508CO0000000251
331M50000800076,船舶復原性規則,21171231,千九百七十七年の漁船の安全のためのトレモリノス国際条約に関する千九百九十三年のトレモリノス議定書の規定の実施に関する二千十二年のケープタウン協定が日本国について効力を生ずる日,船舶設備規程等の一部を改正する省令,令和五年国土交通省令第八号,令和五年三月十日,21171231_505M60000800008,https://laws.e-gov.go.jp/law/331M50000800076/21171231_505M60000800008
332AC0000000166,核原料物質、核燃料物質及び原子炉の規制に関する法律,21171231,包括的核実験禁止条約が日本国について効力を生ずる日,核原料物質、核燃料物質及び原子炉の規制に関する法律の一部を改正する法律,平成九年法律第八十号,平成九年六月十三日,21171231_409AC0000000080,https://laws.e-gov.go.jp/law/332AC0000000166/21171231_409AC0000000080
332CO0000000043,租税特別措置法施行令,21171231,環太平洋パートナーシップ協定が日本国について効力を生ずる日の前日,畜産物の価格安定に関する法律施行令等の一部を改正する政令,平成二十九年政令第七号,平成二十九年一月二十五日,21171231_429CO0000000007,https://laws.e-gov.go.jp/law/332CO0000000043/21171231_429CO0000000007
335AC0000000036,関税暫定措置法,21171231,環太平洋パートナーシップ協定が日本国について効力を生ずる日,環太平洋パートナーシップ協定の締結に伴う関係法律の整備に関する法律,平成二十八年法律第百八号,平成二十八年十二月十六日,21171231_428AC0000000108,https://laws.e-gov.go.jp/law/335AC0000000036/21171231_428AC0000000108
336AC0000000238,児童扶養手当法,21171231,政令で定める日,児童扶養手当法の一部を改正する法律,昭和六十年法律第四十八号,昭和六十年六月七日,21171231_360AC0000000048,https://laws.e-gov.go.jp/law/336AC0000000238/21171231_360AC0000000048
336CO0000000011,医薬品、医療機器等の品質、有効性及び安全性の確保等に関する法律施行令,21171231,環太平洋パートナーシップ協定が日本国について効力を生ずる日の前日,医薬品、医療機器等の品質、有効性及び安全性の確保等に関する法律施行令の一部を改正する政令,平成二十九年政令第八号,平成二十九年一月二十五日,21171231_429CO0000000008,https://laws.e-gov.go.jp/law/336CO0000000011/21171231_429CO0000000008
336CO0000000011,医薬品、医療機器等の品質、有効性及び安全性の確保等に関する法律施行令,21171231,環太平洋パートナーシップ協定が日本国について効力を生ずる日,医薬品、医療機器等の品質、有効性及び安全性の確保等に関する法律施行令の一部を改正する政令,平成三十年政令第三百六十二号,平成三十年十二月二十八日,21171231_430CO0000000362,https://laws.e-gov.go.jp/law/336CO0000000011/21171231_430CO0000000362
336CO0000000387,畜産経営の安定に関する法律施行令,21171231,環太平洋パートナーシップ協定が日本国について効力を生ずる日の前日,畜産物の価格安定に関する法律施行令等の一部を改正する政令,平成二十九年政令第七号,平成二十九年一月二十五日,21171231_429CO0000000007,https://laws.e-gov.go.jp/law/336CO0000000387/21171231_429CO0000000007
336CO0000000387,畜産経営の安定に関する法律施行令,21171231,環太平洋パートナーシップ協定が日本国について効力を生ずる日,畜産経営の安定に関する法律施行令及び砂糖及びでん粉の価格調整に関する法律施行令の一部を改正する政令,平成三十年政令第三百六十一号,平成三十年十二月二十八日,21171231_430CO0000000361,https://laws.e-gov.go.jp/law/336CO0000000387/21171231_430CO0000000361
336M50000100001,医薬品、医療機器等の品質、有効性及び安全性の確保等に関する法律施行規則,21171231,環太平洋パートナーシップ協定が日本国について効力を生ずる日の前日,医薬品、医療機器等の品質、有効性及び安全性の確保等に関する法律施行規則の一部を改正する省令,平成二十九年厚生労働省令第二号,平成二十九年一月二十五日,21171231_429M60000100002,https://laws.e-gov.go.jp/law/336M50000100001/21171231_429M60000100002
337CO0000000271,農業協同組合法施行令,21171231,環太平洋パートナーシップ協定が日本国について効力を生ずる日の前日,畜産物の価格安定に関する法律施行令等の一部を改正する政令,平成二十九年政令第七号,平成二十九年一月二十五日,21171231_429CO0000000007,https://laws.e-gov.go.jp/law/337CO0000000271/21171231_429CO0000000007
338M50000800041,船舶安全法施行規則,21171231,千九百七十七年の漁船の安全のためのトレモリノス国際条約に関する千九百九十三年のトレモリノス議定書の規定の実施に関する二千十二年のケープタウン協定が日本国について効力を生ずる日,船舶設備規程等の一部を改正する省令,令和五年国土交通省令第八号,令和五年三月十日,21171231_505M60000800008,https://laws.e-gov.go.jp/law/338M50000800041/21171231_505M60000800008
340CO0000000282,砂糖及びでん粉の価格調整に関する法律施行令,21171231,環太平洋パートナーシップ協定が日本国について効力を生ずる日,畜産経営の安定に関する法律施行令及び砂糖及びでん粉の価格調整に関する法律施行令の一部を改正する政令,平成三十年政令第三百六十一号,平成三十年十二月二十八日,21171231_430CO0000000361,https://laws.e-gov.go.jp/law/340CO0000000282/21171231_430CO0000000361
340M50000800039,海上における人命の安全のための国際条約等による証書に関する省令,21171231,千九百七十七年の漁船の安全のためのトレモリノス国際条約に関する千九百九十三年のトレモリノス議定書の規定の実施に関する二千十二年のケープタウン協定が日本国について効力を生ずる日,船舶設備規程等の一部を改正する省令,令和五年国土交通省令第八号,令和五年三月十日,21171231_505M60000800008,https://laws.e-gov.go.jp/law/340M50000800039/21171231_505M60000800008
340M50010000043,砂糖及びでん粉の価格調整に関する法律施行規則,21171231,環太平洋パートナーシップ協定が日本について効力を生ずる日の前日,砂糖及びでん粉の価格調整に関する法律施行規則等の一部を改正する省令,平成二十九年農林水産省令第六号,平成二十九年一月二十五日,21171231_429M60000200006,https://laws.e-gov.go.jp/law/340M50010000043/21171231_429M60000200006
342AC0000000035,登録免許税法,21171231,医療法等の一部を改正する法律（令和七年法律第　　　号）附則第一条第五号に掲げる規定の施行の日,所得税法等の一部を改正する法律,令和七年法律第十三号,令和七年三月三十一日,21171231_507AC0000000013,https://laws.e-gov.go.jp/law/342AC0000000035/21171231_507AC0000000013
342AC0000000035,登録免許税法,21171231,前号に定める日前の政令で定める日,船員法等の一部を改正する法律,令和七年法律第三十二号,令和七年五月十四日,21171231_507AC0000000032,https://laws.e-gov.go.jp/law/342AC0000000035/21171231_507AC0000000032
351AC0000000038,経済協力開発機構金融支援基金への加盟に伴う措置に関する法律,21171231,協定の効力発生の日,,,昭和五十一年五月二十九日,21171231_000000000000000,https://laws.e-gov.go.jp/law/351AC0000000038/21171231_000000000000000
355M50000800011,船舶防火構造規則,21171231,千九百七十七年の漁船の安全のためのトレモリノス国際条約に関する千九百九十三年のトレモリノス議定書の規定の実施に関する二千十二年のケープタウン協定が日本国について効力を生ずる日,船舶設備規程等の一部を改正する省令,令和五年国土交通省令第八号,令和五年三月十日,21171231_505M60000800008,https://laws.e-gov.go.jp/law/355M50000800011/21171231_505M60000800008
408AC0000000071,外国船舶製造事業者による船舶の不当廉価建造契約の防止に関する法律,21171231,協定が日本国について効力を生ずる日,,,平成八年六月十二日,21171231_000000000000000,https://laws.e-gov.go.jp/law/408AC0000000071/21171231_000000000000000
409AC0000000035,中東・北アフリカ経済協力開発銀行への加盟に伴う措置に関する法律,21171231,協定が日本国について効力を生ずる日から,,,平成九年四月十一日,21171231_000000000000000,https://laws.e-gov.go.jp/law/409AC0000000035/21171231_000000000000000
409AC0000000061,南極地域の環境の保護に関する法律,21171231,環境保護に関する南極条約議定書附属書Ⅵが日本国について効力を生ずる日から起算して一月を経過した日,南極地域の環境の保護に関する法律の一部を改正する法律,令和八年法律第三十六号,令和八年六月十日,21171231_508AC0000000036,https://laws.e-gov.go.jp/law/409AC0000000061/21171231_508AC0000000036
409M50000002053,南極地域の環境の保護に関する法律施行規則,21171231,南極地域の環境の保護に関する法律の一部を改正する法律の施行の日（環境保護に関する南極条約議定書附属書ＶＩが日本国について効力を生ずる日から起算して一月を経過した日）,南極地域の環境の保護に関する法律施行規則の一部を改正する省令,令和八年環境省令第二十四号,令和八年九月二日,21171231_508M60001000024,https://laws.e-gov.go.jp/law/409M50000002053/21171231_508M60001000024
411AC0000000136,組織的な犯罪の処罰及び犯罪収益の規制等に関する法律,21171231,包括的核実験禁止条約が日本国について効力を生ずる日,核原料物質、核燃料物質及び原子炉の規制に関する法律の一部を改正する法律,平成九年法律第八十号,平成九年六月十三日,21171231_409AC0000000080,https://laws.e-gov.go.jp/law/411AC0000000136/21171231_409AC0000000080
412CO0000000250,財務省組織令,21171231,中東・北アフリカ経済協力開発銀行への加盟に伴う措置に関する法律（平成九年法律第三十五号）の施行の日,中央省庁等改革のための財務省関係政令等の整備に関する政令,平成十二年政令第三百七号,平成十二年六月七日,21171231_412CO0000000307,https://laws.e-gov.go.jp/law/412CO0000000250/21171231_412CO0000000307
413M60000010012,法務局及び地方法務局の支局及び出張所設置規則,21171231,別に法務省令で定める日,法務局及び地方法務局の支局及び出張所設置規則等の一部を改正する省令,平成二十三年法務省令第三号,平成二十三年二月二十五日,21171231_423M60000010003,https://laws.e-gov.go.jp/law/413M60000010012/21171231_423M60000010003
414AC0000000180,独立行政法人鉄道建設・運輸施設整備支援機構法,21171231,協定が日本国について効力を生ずる日,外国船舶製造事業者による船舶の不当廉価建造契約の防止に関する法律,平成八年法律第七十一号,平成八年六月十二日,21171231_408AC0000000071,https://laws.e-gov.go.jp/law/414AC0000000180/21171231_408AC0000000071
415M60000200104,独立行政法人農畜産業振興機構の業務運営、財務及び会計並びに人事管理に関する省令,21171231,環太平洋パートナーシップ協定が日本について効力を生ずる日の前日,砂糖及びでん粉の価格調整に関する法律施行規則等の一部を改正する省令,平成二十九年農林水産省令第六号,平成二十九年一月二十五日,21171231_429M60000200006,https://laws.e-gov.go.jp/law/415M60000200104/21171231_429M60000200006
417CO0000000091,医薬品、医療機器等の品質、有効性及び安全性の確保等に関する法律関係手数料令,21171231,環太平洋パートナーシップ協定が日本国について効力を生ずる日の前日,医薬品、医療機器等の品質、有効性及び安全性の確保等に関する法律関係手数料令の一部を改正する政令,平成三十年政令第二百九十五号,平成三十年十月十七日,21171231_430CO0000000295,https://laws.e-gov.go.jp/law/417CO0000000091/21171231_430CO0000000295
417M60000010018,不動産登記規則,21171231,所得税法等の一部を改正する法律（平成二十三年法律第　　　号）の施行の日又はこの規則の施行の日のいずれか遅い日,不動産登記規則等の一部を改正する省令,平成二十三年法務省令第五号,平成二十三年三月二十五日,21171231_423M60000010005,https://laws.e-gov.go.jp/law/417M60000010018/21171231_423M60000010005
418M60000200059,農業の担い手に対する経営安定のための交付金の交付に関する法律施行規則,21171231,環太平洋パートナーシップ協定が日本について効力を生ずる日の前日,砂糖及びでん粉の価格調整に関する法律施行規則等の一部を改正する省令,平成二十九年農林水産省令第六号,平成二十九年一月二十五日,21171231_429M60000200006,https://laws.e-gov.go.jp/law/418M60000200059/21171231_429M60000200006
419AC0000000023,特別会計に関する法律,21171231,協定の効力発生の日,経済協力開発機構金融支援基金への加盟に伴う措置に関する法律,昭和五十一年法律第三十八号,昭和五十一年五月二十九日,21171231_351AC0000000038,https://laws.e-gov.go.jp/law/419AC0000000023/21171231_351AC0000000038
